maxNAquality,axr_weighted_anteginicity,num_subclones,tree_index,is_clonal_neoant
408.798327085487,86.53583756633489,2.0,0.4480543336358858,1.0
169.183482103694,71.6058518344055,3.0,0.3430032410308122,1.0
48.5149887411471,48.5149887411471,1.0,0.323585027341589,1.0
2028.92671806277,2028.92671806277,1.0,0.4194387688390674,1.0
2434.10482322203,559.7265885553761,3.0,0.40875351888651273,1.0
78.7554806526715,28.55143691868548,4.0,0.3955533960351016,1.0
258.876744306022,84.54295481311908,5.0,0.37126310095001697,1.0
748.85040441055,154.3939776391734,3.0,0.29410568753351113,1.0
1726.85430101178,1029.2858607962373,2.0,0.4113443396829657,0.0
1375.49438140798,1375.49438140798,1.0,0.2719603034056945,1.0
122.890487374464,122.89048737446399,1.0,0.32609893199340845,1.0
113.981304887846,66.01512775040679,3.0,0.3759766527632745,1.0
325.525768004034,92.6590717134442,2.0,0.33617559322520285,1.0
174.891175338575,45.944047750832226,5.0,0.45013831918433733,0.0
41.5864843778729,15.696607416845557,5.0,0.37430644457052603,1.0
67.7946860134887,44.732869563397585,3.0,0.4376903009414012,1.0
40.1836249902031,12.771920911557903,3.0,0.3262816352934314,1.0
404.409516267178,404.409516267178,1.0,0.2946247517696226,1.0
471.540969360377,471.54096936037695,1.0,0.34990443804956495,1.0
878.893913341245,137.0386569323359,4.0,0.4167846228782452,1.0
73.8166083137936,26.40085988289199,3.0,0.3573425298828413,1.0
30.6358396477487,13.926936686063833,4.0,0.4826393438996995,0.0
442.699538650302,118.26491169138903,4.0,0.39971236419158657,1.0
41.0076655730775,30.602367219493306,2.0,0.45317170215035163,1.0
889.46350191981,203.62042374854477,2.0,0.5013708456246326,0.0
5.94407945544274,5.302466761418949,2.0,0.3726531222710373,1.0
421.566534802401,79.89806214001042,2.0,0.3173468927795396,1.0
43.8976911678755,43.8976911678755,1.0,0.29833132655608147,1.0
29.2640184845862,24.765896570299343,2.0,0.5168437547927281,0.0
2048.18761397984,624.7044734066269,2.0,0.3479623276857939,1.0
17.1750012472271,13.445464259884822,2.0,0.2938436727873663,1.0
344.486910818836,67.81378041105576,4.0,0.37924322475752137,1.0
520.582625951566,95.58717393371954,3.0,0.3363060375419272,1.0
525.066392381247,261.78220091867627,2.0,0.39113340727390056,1.0
521.789789636276,120.67374516238061,4.0,0.44349241077221624,1.0
51.8118505474514,28.203519494095808,2.0,0.52030405252564,0.0
106.287156090766,62.13738322845185,4.0,0.5121205034430101,0.0
585.887878146132,82.5702199102028,4.0,0.3097043672891742,1.0
221.32813438528,221.32813438528,1.0,0.29131682050335816,1.0
268.574255286181,56.77951301814003,3.0,0.3427737625430332,1.0
1635.66311518839,1635.66311518839,1.0,0.3437432388602227,1.0
61.5909850054304,20.040572156534925,6.0,0.3655620984599652,1.0
760.71650728533,108.12931217111638,4.0,0.303864309758059,1.0
13.2928077171642,12.356384603031726,2.0,0.3646420609904325,1.0
25.2946715743172,25.2946715743172,1.0,0.403778759146472,1.0
1780.06806377763,548.9468302229291,3.0,0.40316104095360916,1.0
56.7896741756033,14.902788599045607,3.0,0.4595523034829447,1.0
63.1396197496188,15.637193923434685,6.0,0.5552294804527769,0.0
794.264627622717,100.07515470857659,4.0,0.4169522402180755,1.0
467.164995953222,110.54180719200403,2.0,0.41467996521869005,1.0
268.022915855964,268.022915855964,1.0,0.397800362183104,1.0
69.0194682701352,34.273954414704335,2.0,0.28760151984902443,1.0
33.504655410598,33.504655410598,1.0,0.2606861773751444,1.0
304.640067252507,95.5282262133261,4.0,0.5222539545504513,0.0
28.2762211902111,28.276221190211096,1.0,0.4100081999991487,1.0
177.733726904285,25.919692190797235,3.0,0.421568460922842,1.0
49.2559830684271,12.752668592212375,3.0,0.33568085425543304,1.0
58.6489054207702,51.86879464993288,2.0,0.4167903469274363,1.0
2177.92629788589,1990.954979240873,2.0,0.3849042661605497,1.0
12.339933783801,12.339933783801,1.0,0.3571276915439041,1.0
562.19082477455,562.19082477455,1.0,0.3388804116867371,1.0
744.389228696878,435.6728142048503,2.0,0.534682088255435,0.0
395.879736125338,395.879736125338,1.0,0.2534476288181847,1.0
161.988980946505,66.78883922189445,3.0,0.4509240435303092,0.0
654.997307172548,654.997307172548,1.0,0.34041242893939005,1.0
112.551394640162,69.8453191226341,3.0,0.3259169465768956,1.0
219.193005744795,47.77946906239524,3.0,0.37641905070318077,1.0
284.463108952113,284.463108952113,1.0,0.4181723426294848,1.0
39.8572334485356,39.8572334485356,1.0,0.36840765451357743,1.0
83.6046248403294,13.826749276575498,4.0,0.41845349930835607,1.0
32.3585705587807,21.1830688150983,2.0,0.5320863911227532,0.0
283.993713602633,82.16848491783782,5.0,0.5208170617864901,0.0
44.4794116788783,22.770258790390074,3.0,0.420597889400775,0.0
41.1887211667081,41.1887211667081,1.0,0.38251731960779983,1.0
312.495058428768,125.70409198720176,5.0,0.5397121773327601,0.0
28.5682270618975,18.194799695715155,2.0,0.33924208220602003,1.0
21.8551814167054,12.924169329105922,3.0,0.4402576122681901,1.0
1020.98637083597,281.1474628853235,3.0,0.3396258697747607,1.0
181.009120102771,123.92386536213326,2.0,0.31544015776539325,1.0
195.186546028242,151.380259531906,3.0,0.48009293811335035,0.0
1398.42764248867,326.9430740391279,4.0,0.44416040653450395,1.0
66.118318708508,66.118318708508,1.0,0.3475709915035302,1.0
1942.35746747973,290.0278467937204,2.0,0.3248380532446041,1.0
1458.87991579387,1045.1333226218335,2.0,0.39903561330932313,1.0
50.6661718421615,32.19988617929265,3.0,0.33716400736924074,1.0
4.64603029420535,4.64603029420535,1.0,0.31222637947203913,1.0
190.190673843998,74.07030771020912,3.0,0.3500929962160824,1.0
561.836149339989,377.392163460829,4.0,0.548064220532524,0.0
279.433929202476,279.433929202476,1.0,0.4341133020832875,1.0
38.9451192687841,38.9451192687841,1.0,0.2788624682800032,1.0
1154.47024756807,307.11010114869026,2.0,0.3989552992752,1.0
404.463081874716,64.04563945120672,2.0,0.29076490896245577,1.0
37.7646008557847,34.71316897839488,2.0,0.3862064040299902,1.0
153.528063199272,153.528063199272,1.0,0.2660168054658852,1.0
573.714853844404,343.4378850512778,2.0,0.39368854526356034,1.0
12.6602541935388,12.6602541935388,1.0,0.3277334788711536,1.0
168.971490281826,76.75395085741573,3.0,0.3593646726420552,1.0
1946.23921928469,1946.23921928469,1.0,0.27177198969481875,1.0
18.5094546319957,6.221740982311281,2.0,0.4519227472558364,1.0
105.53216038518,46.645906776764036,3.0,0.38840193765765535,1.0
12.2038844520108,10.622779190738997,2.0,0.3673076469160524,1.0
359.165142910185,359.165142910185,1.0,0.41346647711629536,1.0
58.8487320366997,32.03899789357895,4.0,0.4943063003575047,0.0
221.744537984991,221.744537984991,1.0,0.4187846124525481,1.0
64.8071933865884,64.70092159237791,2.0,0.27013492678566897,1.0
469.435724699552,206.28032923149965,4.0,0.35755054754964594,1.0
2533.14532907138,1371.2886518271466,3.0,0.5224613711797889,0.0
1632.37552650876,1632.3755265087598,1.0,0.3920361078978285,1.0
12.9449274994493,11.207546701925837,2.0,0.42564256728259425,1.0
134.384949308132,134.384949308132,1.0,0.39940279630662734,1.0
26.7630095141563,14.235223169501467,4.0,0.4111150879086325,1.0
421.99959252559,421.99959252559,1.0,0.3303638659729142,1.0
310.6671533847,209.26800518224337,3.0,0.2733442465876877,1.0
145.735796183054,131.47812517207484,2.0,0.43399851349220786,0.0
6.38783468346124,6.38783468346124,1.0,0.3703569664345768,1.0
1090.95469247049,157.39099658661092,5.0,0.3426544645278127,1.0
384.710609326439,384.710609326439,1.0,0.4018398475805553,1.0
10.6545928464693,10.6545928464693,1.0,0.31958875971627243,1.0
20.4564112008272,20.4564112008272,1.0,0.34880500705473744,1.0
1785.8700491235,248.4263003261686,5.0,0.3299080064012846,1.0
141.844816807328,141.844816807328,1.0,0.3563057271730137,1.0
187.6513227518,110.04525863134356,2.0,0.422705565132568,1.0
569.90488934028,215.58046860964737,5.0,0.27826407064148556,1.0
155.915716299137,82.34008229222616,4.0,0.2834710047086063,1.0
638.798950420832,135.46342150421978,4.0,0.3739680265742967,1.0
1038.62506633674,913.6994703400231,2.0,0.38025754039945486,1.0
12.9452293155,12.9452293155,1.0,0.3905208865791406,1.0
268.629210276282,214.64481318831247,2.0,0.3402454925121768,1.0
16.6416780363256,13.434908106570438,2.0,0.40400599102629,1.0
81.4530886259058,65.11084493286499,2.0,0.3908625469492489,1.0
288.444467162232,250.58430123955745,2.0,0.42003359116536393,0.0
1643.22748238282,234.02547630532555,4.0,0.37895846709073816,1.0
2323.49262411971,331.5506672428716,3.0,0.373623264349748,1.0
789.201212757678,789.201212757678,1.0,0.27102013104978545,1.0
567.359062558058,132.31133979561778,5.0,0.39372248707342106,1.0
286.324986800892,72.43975594091265,5.0,0.2909869894808179,1.0
976.858833519982,940.5853916961752,2.0,0.3676128970882438,1.0
3202.67406432029,1860.6137758657424,3.0,0.2863611517461821,1.0
144.152768481495,26.528895518158436,4.0,0.4048196995585287,1.0
1689.6144118659,1021.7348127594587,2.0,0.5061726218191979,0.0
13.8847290001131,13.8847290001131,1.0,0.36987941855357004,1.0
1326.05822605174,224.67065183114534,3.0,0.45047913723260014,1.0
44.4966521909151,44.49665219091511,1.0,0.3396606046166004,1.0
15.2987205866617,14.058063794481662,3.0,0.4591324711155979,0.0
150.074405075516,47.94114927066872,2.0,0.4041016746477368,1.0
756.331842811869,165.84830332614902,2.0,0.27912291605024525,1.0
774.79668457504,210.5889433204402,4.0,0.4394497158275777,0.0
244.818260209739,244.818260209739,1.0,0.39627536067160246,1.0
1265.28985577508,257.94924315167606,4.0,0.4281409723448879,1.0
278.544124140417,101.03248470347229,3.0,0.5127746983379713,0.0
36.1426249842568,36.1426249842568,1.0,0.34186154324593204,1.0
372.608863891303,136.4920563129843,5.0,0.3560861128747333,1.0
361.48960609154,361.48960609154,1.0,0.3282170991798551,1.0
409.877784148083,212.72907244286696,5.0,0.4070571216757037,1.0
259.295288382297,84.06891960473565,2.0,0.3727354797928194,1.0
408.798327085487,108.66926178984842,3.0,0.4232843168912871,1.0
595.177483473478,86.15644508734658,4.0,0.376976544326665,1.0
169.183482103694,81.4886126347878,4.0,0.3334946513309008,1.0
2028.92671806277,589.3364452432905,2.0,0.3949795450216412,1.0
22.7029949498349,22.702994949834903,1.0,0.355563953903464,1.0
197.874128787409,168.26410985525473,2.0,0.42514908025342857,1.0
1002.93427211663,685.0849263094344,3.0,0.3071828065214215,1.0
1726.85430101178,1412.9865752888124,2.0,0.48479009790920136,0.0
861.556543475382,861.556543475382,1.0,0.29488510757218905,1.0
48.7238238424355,23.79278012192218,4.0,0.3687622233854719,0.0
174.891175338575,56.63839552066214,4.0,0.4307181904617304,1.0
67.7946860134887,31.251780256264574,4.0,0.39998123713477135,0.0
76.6649113930869,63.883442355024634,2.0,0.49566604297920314,0.0
1451.20466330757,725.6339083803535,3.0,0.3490058205175233,1.0
471.540969360377,267.1781259796231,3.0,0.29034067383001594,1.0
98.9320803553951,98.9320803553951,1.0,0.31378436445092295,1.0
21.3345359362202,21.3345359362202,1.0,0.3299869179369944,1.0
30.6358396477487,5.791128515427628,5.0,0.3887353855455417,1.0
145.373496708482,145.373496708482,1.0,0.30581919500103283,1.0
442.699538650302,71.64097484612448,5.0,0.3366527455911371,1.0
889.46350191981,153.47664460019905,5.0,0.3528867097940427,1.0
75.2239222651787,47.532700260189024,3.0,0.32946062899713346,1.0
107.062815262285,107.062815262285,1.0,0.31752048478668626,1.0
500.637039984483,361.80232893518695,2.0,0.34071065731740496,1.0
1284.23053146792,1284.23053146792,1.0,0.36408265887062113,1.0
11.1527656384969,11.152765638496902,1.0,0.39630938112131264,1.0
344.486910818836,71.10416125012985,5.0,0.3162700088234396,1.0
642.854940095613,183.97580524540584,2.0,0.4385060059600434,0.0
108.962248935922,47.4129736668918,5.0,0.3619279489446311,1.0
521.789789636276,73.01053791060326,3.0,0.27508425247692025,1.0
585.887878146132,207.5843006580917,2.0,0.3531592684377802,1.0
1062.75639061887,184.13052507907628,2.0,0.4071080247453365,1.0
1635.66311518839,242.56843651115307,5.0,0.23188463370481427,1.0
13.2928077171642,13.2928077171642,1.0,0.3159884149554493,1.0
26.0204779643292,19.86386771289844,2.0,0.42326779684499954,1.0
63.5774984894083,18.094363845953502,2.0,0.34689414523866163,1.0
415.274552567478,360.51528780240454,3.0,0.31607636120559407,1.0
467.164995953222,467.164995953222,1.0,0.3818705406249411,1.0
12.6366025169312,12.6366025169312,1.0,0.33959848150695815,1.0
606.413677284636,216.11109297178817,2.0,0.3305143186312818,1.0
340.198361973455,189.28078192030296,5.0,0.4052378582233532,1.0
695.26250038179,695.26250038179,1.0,0.38266866156127227,1.0
111.157318897086,111.15731889708601,1.0,0.2721814045391151,1.0
744.389228696878,744.3892286968781,1.0,0.25397866015388754,1.0
2953.74324223248,2953.74324223248,1.0,0.18146011231782808,1.0
654.997307172548,513.4061207973762,3.0,0.4557460437440091,1.0
332.561439122652,164.40317940896762,4.0,0.37823842017098375,0.0
219.193005744795,120.36105682666857,2.0,0.4178254458917044,1.0
83.6046248403294,45.43283848141972,2.0,0.28545331823540876,1.0
28.5682270618975,28.5682270618975,1.0,0.2614076477437482,1.0
195.186546028242,72.329962180172,3.0,0.4412899264082855,0.0
66.118318708508,66.118318708508,1.0,0.32766395241486596,1.0
23.0353643437418,13.84695669327614,2.0,0.40779318109973617,1.0
1942.35746747973,1942.3574674797298,1.0,0.25300169108875026,1.0
2344.50158233239,492.1790069575319,4.0,0.3609551539938607,1.0
223.363987755579,223.363987755579,1.0,0.38238716491111546,1.0
12.8635887418857,12.111119020149419,2.0,0.34154567851670425,1.0
38.9451192687841,21.63015203393735,3.0,0.2526801905549629,1.0
1154.47024756807,306.5775030870207,5.0,0.4455925872065052,1.0
1946.23921928469,455.52036622895776,2.0,0.4176047375228504,1.0
833.920222423278,467.9192935314819,4.0,0.4549900967008922,0.0
406.228869177924,154.2118526552534,3.0,0.390175471178026,1.0
167.83328578539,67.21260060390301,2.0,0.34179583317669604,1.0
54.8696738524439,48.685963675455255,2.0,0.5183713827082888,0.0
1254.58533271468,487.8549857312934,3.0,0.2476312816469387,1.0
648.729128748478,118.79042622597251,3.0,0.37203858402846174,1.0
359.165142910185,293.5776667046381,2.0,0.3702723112379632,1.0
284.397972899321,115.59927998881757,2.0,0.4502793500426211,1.0
45.579664711082,45.579664711082,1.0,0.2821345953768255,1.0
58.8487320366997,28.501671181810707,7.0,0.31878136096015797,1.0
390.119514670004,284.5265155415318,2.0,0.42924109722785714,1.0
141.16095810988,53.21256652727489,2.0,0.3485279236943541,1.0
15.2409039855197,8.16476348397132,5.0,0.37002777635976714,1.0
469.435724699552,97.14818728084427,2.0,0.25161904226627757,1.0
2533.14532907138,692.7521273922137,3.0,0.35848291163375773,1.0
1632.37552650876,306.8108415337282,4.0,0.43958317451023393,0.0
1104.61307974319,1104.61307974319,1.0,0.2455502134884238,1.0
471.961648512686,261.0533021026978,3.0,0.36617132131184227,1.0
102.704784408491,25.247776666023693,4.0,0.39233858708075287,0.0
13.913117424673,8.210780473607553,2.0,0.36562242255447447,1.0
120.886681801023,88.0099724719465,2.0,0.3977704738147403,1.0
14.5724165029162,14.5724165029162,1.0,0.38411339152826485,1.0
28.4347378733521,18.282554810950874,2.0,0.32347673471348437,1.0
316.687987053051,142.06833967205796,4.0,0.4229281614176586,0.0
1913.07218538742,689.0936677736017,3.0,0.42537585671553785,1.0
159.828857416158,68.02346882441178,3.0,0.2916418026663765,1.0
1862.22052307799,1481.2740189277554,2.0,0.5085247714854944,0.0
1384.89490292277,194.3585318054217,4.0,0.250803897690194,1.0
1044.17637410364,475.1506329110459,5.0,0.4169616985045415,1.0
569.90488934028,159.80294499582328,5.0,0.4882130463270581,0.0
1038.62506633674,1038.62506633674,1.0,0.3506827634862024,1.0
99.9013870407944,99.9013870407944,1.0,0.38089263416524927,1.0
955.937144478882,237.4727612971699,4.0,0.4114302474939038,1.0
1354.3570034604,282.4967427680167,4.0,0.3499770887892461,1.0
12.2140348992069,6.041876135181293,3.0,0.39317900864704314,1.0
81.4530886259058,65.23073769168495,2.0,0.3977864551905627,1.0
814.651186035408,368.52789668685176,2.0,0.3873137782765426,1.0
2323.49262411971,842.9194645534461,8.0,0.470189704750138,0.0
31.5517098330138,15.324085570728602,3.0,0.5251945548770192,0.0
52.5983209769012,52.598320976901206,1.0,0.4174833655065263,1.0
976.858833519982,734.4802644235019,4.0,0.49877592490498157,0.0
3202.67406432029,3202.67406432029,1.0,0.30571945478981455,1.0
411.561439012934,114.54700184924106,4.0,0.35039416890182695,1.0
144.152768481495,77.37807731896362,2.0,0.30708869540191924,1.0
2855.36448008476,676.6695939334644,2.0,0.4436971481650649,0.0
1689.6144118659,1689.6144118659,1.0,0.3799957686967163,1.0
1326.05822605174,1326.05822605174,1.0,0.4359606731329136,1.0
243.33282964459,71.59372253254504,4.0,0.3875629959306585,1.0
190.931199937271,123.6398326887079,3.0,0.3455751308204678,1.0
92.9119166431613,92.9119166431613,1.0,0.20594347004134658,1.0
756.331842811869,337.6198034060657,2.0,0.39840114354119704,1.0
774.79668457504,272.1591884433615,5.0,0.3129828304801729,1.0
808.084935795187,125.43482823500442,5.0,0.5509656742765477,0.0
1265.28985577508,256.4705092883906,5.0,0.4820072986832225,0.0
50.0552678073483,25.429895324869417,4.0,0.4003589001451045,1.0
278.544124140417,278.544124140417,1.0,0.24593485891940522,1.0
194.420672912039,46.320922196105194,3.0,0.33402339429570405,1.0
858.012943301172,858.012943301172,1.0,0.29363456703338087,1.0
36.1426249842568,12.332467795723907,4.0,0.2972355831609602,1.0
41.8384727598992,21.27822051868965,3.0,0.2934631294311715,1.0
115.757163092216,71.1203043130798,3.0,0.4215004065272277,1.0
338.447005788469,159.58313845117547,3.0,0.4232070693145592,1.0
497.972319348129,497.972319348129,1.0,0.37479693110043616,1.0
408.798327085487,102.74856222344236,3.0,0.45970413628224066,1.0
554.302803596497,76.03170018043659,3.0,0.32315044607365356,1.0
48.5149887411471,48.5149887411471,1.0,0.2963365291155261,1.0
2028.92671806277,824.8113016876176,2.0,0.5066279397584623,0.0
1039.02574976559,1039.02574976559,1.0,0.4450974372768042,1.0
197.874128787409,197.874128787409,1.0,0.26565469627540617,1.0
258.876744306022,38.324517830229944,2.0,0.20701480754695636,1.0
1726.85430101178,1152.2211009443215,2.0,0.3192530055734638,1.0
21.3362403488278,21.3362403488278,1.0,0.30563871874652454,1.0
122.890487374464,45.77127301944725,4.0,0.37155199475552547,1.0
13.2896612544132,8.714013603257815,4.0,0.48262319688753774,0.0
393.712149103586,393.712149103586,1.0,0.3586786913119776,1.0
48.7238238424355,32.723402672793696,3.0,0.5042292813644523,0.0
174.891175338575,35.70273752738479,4.0,0.4031129129218455,1.0
60.7793139763982,30.20844826493005,4.0,0.49174930121495064,0.0
41.1828595535149,37.715144532166036,2.0,0.4886855044441253,0.0
40.1836249902031,21.053131446445445,3.0,0.3556909705755621,1.0
76.6649113930869,37.586043729022975,2.0,0.36090991375693476,1.0
471.540969360377,327.2595790957538,3.0,0.3721849891636236,1.0
98.9320803553951,27.965445651284266,4.0,0.37365511946991625,1.0
93.8441192258414,26.517586933774762,3.0,0.39782841991546863,1.0
145.373496708482,25.354345631395635,4.0,0.37506420604744545,1.0
1433.83216793914,1433.83216793914,1.0,0.39775102903354215,1.0
442.699538650302,442.699538650302,1.0,0.29791039935648944,1.0
41.0076655730775,32.22724641164688,3.0,0.3648062695816853,1.0
75.2239222651787,29.758876139993173,5.0,0.38939677002507894,1.0
107.062815262285,107.062815262285,1.0,0.43805554945573993,1.0
35.6664763386518,8.982868368081864,4.0,0.4035983703259106,1.0
421.566534802401,269.6514182100787,2.0,0.32631948588802634,1.0
440.869392872054,314.6092446237006,3.0,0.35574228489774423,1.0
43.8976911678755,11.690283407794912,3.0,0.3212683038998802,1.0
2048.18761397984,1571.3695107557694,3.0,0.3721923412602786,0.0
17.1750012472271,17.1750012472271,1.0,0.3556550004144615,1.0
344.486910818836,81.45831451821213,4.0,0.35354794688974134,1.0
203.5969160322,125.60314879293891,2.0,0.3423888715989187,1.0
108.962248935922,45.311009237246616,3.0,0.4013581063478267,1.0
69.0589240696578,39.482323245559705,4.0,0.27653809405253227,1.0
525.066392381247,525.066392381247,1.0,0.37187519004516634,1.0
521.789789636276,394.66393441536195,3.0,0.24631356503337568,1.0
121.517764283519,121.517764283519,1.0,0.35825693599764014,1.0
1062.75639061887,278.1405070723118,3.0,0.3017325988241712,1.0
221.32813438528,59.2992210681104,3.0,0.31702312729228804,1.0
268.574255286181,38.41233265721711,4.0,0.2630194188476961,1.0
1635.66311518839,196.8008364282337,3.0,0.41312576967760967,1.0
13.8180827017959,13.8180827017959,1.0,0.4484889817730993,1.0
760.71650728533,760.71650728533,1.0,0.40951727258220466,1.0
18.9991969568242,10.994240246075776,5.0,0.5238601830334387,0.0
10.9477734880142,10.947773488014198,1.0,0.41673133208232677,1.0
63.5774984894083,63.5774984894083,1.0,0.41199072889726174,1.0
258.828796136688,113.20941194676467,3.0,0.288199163758782,1.0
44.7652331921766,44.7652331921766,1.0,0.4143468310826086,1.0
411.351110883541,56.72086588037125,2.0,0.28621882973315566,1.0
19.8040379912398,19.8040379912398,1.0,0.3513825645092583,1.0
56.7789878245134,55.43043933982041,2.0,0.5048424011548182,0.0
134.344168511212,28.24095813248394,3.0,0.46207904638901565,0.0
467.164995953222,396.49942883071,2.0,0.5455946277355938,0.0
16.3555998097392,10.532408475760546,2.0,0.3881392884210665,1.0
39.2911329528822,34.55191177388049,2.0,0.33226718275389683,1.0
15.9864676314509,12.63472351671855,3.0,0.3179750556241587,1.0
19.8992201534604,19.8992201534604,1.0,0.4096239602047685,1.0
160.65415020821,68.88828608890135,2.0,0.5385574025114107,0.0
606.413677284636,74.76776357082845,2.0,0.41278875969520945,1.0
340.198361973455,162.933884607787,3.0,0.5193699353580173,0.0
333.920826280919,106.85805225955951,3.0,0.3606772731920499,1.0
475.906320810874,475.906320810874,1.0,0.3760050487814385,1.0
58.6489054207702,33.36706754195453,4.0,0.3983370571550699,1.0
34.5962106563086,21.120263685711723,3.0,0.39006805756845486,1.0
12.5464295522027,5.048047380487217,3.0,0.3828922694092001,1.0
18.9367356284702,18.9367356284702,1.0,0.29938137230511547,1.0
562.19082477455,172.5534888283407,4.0,0.38035044094520615,0.0
12.3300708657363,12.330070865736298,1.0,0.3906280347676016,1.0
161.988980946505,28.12500332660321,3.0,0.44179953141661604,0.0
654.997307172548,302.5207000752646,4.0,0.26982578713096744,1.0
7.04938281367057,7.04938281367057,1.0,0.3553338472684003,1.0
21.9572604272251,21.9572604272251,1.0,0.31269793961011927,1.0
1012.85710596558,366.6353920591437,3.0,0.2519025024072309,1.0
83.6046248403294,40.75577642787726,4.0,0.39727210524316064,0.0
32.3585705587807,13.901598357125645,3.0,0.2656456007838911,1.0
2429.20872836877,1230.9842529842024,2.0,0.3523623478113673,1.0
312.495058428768,154.56814771261963,4.0,0.4517086907837265,0.0
28.5682270618975,28.5682270618975,1.0,0.3263965607234066,1.0
115.157728052386,59.69678429162382,4.0,0.3714320824549556,1.0
23.0353643437418,20.49467192215628,2.0,0.3124746167491811,1.0
2344.50158233239,306.74391901313396,6.0,0.5392572835300236,0.0
50.6661718421615,33.10202893989179,4.0,0.4773843010971743,0.0
190.190673843998,86.9505878713025,3.0,0.4097037594800749,1.0
279.433929202476,44.948525923298796,2.0,0.4200471096010681,1.0
37.7646008557847,17.50526512356291,3.0,0.3454787329131103,1.0
1442.91673059993,1442.91673059993,1.0,0.38043132952059694,1.0
1946.23921928469,1445.6516801409766,3.0,0.48993274924508357,0.0
406.228869177924,172.84895755741758,2.0,0.23910699383444228,1.0
19.1385409661514,14.866294935960758,2.0,0.39253928499502116,1.0
0.0,7.78339664798224,1.0,0.39902138490984157,1.0
167.83328578539,118.14128515492851,2.0,0.35587573407815315,1.0
359.165142910185,359.165142910185,1.0,0.38492619375613146,1.0
45.579664711082,20.471079618382742,2.0,0.3513869999350705,1.0
36.8246839288281,28.77114621592316,2.0,0.37536519396978973,1.0
58.8487320366997,33.833821689428085,3.0,0.3417640563872313,1.0
390.119514670004,77.26831774136716,2.0,0.39331110276290465,1.0
15.2409039855197,13.603643166838241,2.0,0.38534369550886755,1.0
86.0417985190761,14.58946325511679,4.0,0.30445395153101784,1.0
1426.0888939041,183.61374202522845,5.0,0.4113765323025804,1.0
469.435724699552,81.48044272427583,2.0,0.3893235644261858,1.0
46.743720753827,46.743720753827,1.0,0.2956057755099633,1.0
1632.37552650876,977.6771956977053,2.0,0.49616235488569965,0.0
64.7638441823314,64.7638441823314,1.0,0.39460471064834185,1.0
134.384949308132,39.84882852796215,5.0,0.3584827225861413,1.0
40.8450864357531,37.925985377340496,2.0,0.4272888746831124,1.0
7.04365958698423,7.031833762218042,2.0,0.32933699237442926,1.0
421.99959252559,239.55929465435577,4.0,0.25423162186247444,1.0
310.6671533847,180.1727385452598,3.0,0.28737656529870936,1.0
113.711326573817,113.711326573817,1.0,0.2889551906281295,1.0
145.735796183054,145.735796183054,1.0,0.3072106060549435,1.0
316.687987053051,83.73566683108372,3.0,0.30196402532404576,1.0
12.954388443472,10.544931308702365,2.0,0.3591289648331397,1.0
384.710609326439,113.16972953747232,5.0,0.44776335572700066,1.0
1862.22052307799,298.54488866203917,3.0,0.3884622903334527,1.0
15.8046883850867,15.804688385086699,1.0,0.4095084419228708,1.0
8.59950325770607,8.396578687427118,2.0,0.4952838779240757,0.0
52.8173158332396,21.327148682939317,3.0,0.4480119735425292,0.0
41.952529273433,12.617761484379653,2.0,0.4097393087048061,1.0
53.9798506844022,33.06409759047509,3.0,0.4702360744351708,0.0
288.981544273769,288.981544273769,1.0,0.39734542000445344,1.0
264.856025034847,45.10137888160714,5.0,0.45812422366989697,1.0
20.6599926460844,20.6599926460844,1.0,0.32337723459047496,1.0
1910.40913347548,618.8832285435469,2.0,0.44182443416744677,1.0
268.629210276282,79.89816552959593,3.0,0.35565386721976194,1.0
265.355964122032,180.72438240068462,3.0,0.44462044313236465,1.0
16.6416780363256,13.108017250878683,3.0,0.4450781436477256,1.0
1354.3570034604,1354.3570034603997,1.0,0.3550267807740763,1.0
81.4530886259058,75.01230327090208,2.0,0.39524438732811673,0.0
2323.49262411971,2323.49262411971,1.0,0.21382886887352048,1.0
789.201212757678,99.86425482010016,2.0,0.39892117966927176,1.0
20.7313050730804,11.775132180935545,3.0,0.40442807431997363,1.0
732.673429470805,339.89572689013494,2.0,0.23974481933158634,1.0
935.098020920619,935.0980209206189,1.0,0.3391353068914665,1.0
411.561439012934,116.8817049806447,4.0,0.35618381024753737,1.0
144.152768481495,37.61266318033291,5.0,0.3805874235586986,1.0
1602.60375985505,753.9213381510905,3.0,0.4779217532140353,0.0
44.4966521909151,20.273640013559064,5.0,0.555054270560956,0.0
9.01116375029946,6.797275507421095,2.0,0.47802832447726307,1.0
243.33282964459,172.14454928427057,4.0,0.4405696669562738,1.0
190.931199937271,88.67289147019642,2.0,0.3947154906303409,1.0
307.658920980466,39.57989336022967,6.0,0.3948732017616881,1.0
238.193112426717,89.83989227244064,4.0,0.46410044875364703,1.0
1265.28985577508,266.472955182683,4.0,0.3891385645719767,1.0
194.420672912039,128.7740282831448,3.0,0.42186694609604464,1.0
3.38340460374133,3.3834046037413295,1.0,0.39093798430220716,1.0
372.608863891303,118.11196974897325,4.0,0.35675646635399444,0.0
338.447005788469,244.92549869518803,5.0,0.441093906609324,0.0
19.0573243577062,19.0573243577062,1.0,0.4060614615239916,1.0
408.798327085487,408.798327085487,1.0,0.2242097635177392,1.0
14.4635440736282,9.767531576110855,3.0,0.3738204154895787,1.0
258.876744306022,73.617054816553,4.0,0.4176241144211165,1.0
16.1595981683332,4.20392177366502,4.0,0.3786353921036945,1.0
632.127204809653,267.0168000182245,3.0,0.26883723055118536,1.0
1726.85430101178,888.9621541024594,2.0,0.4317216168625914,1.0
21.3362403488278,13.748874530115128,2.0,0.39068301008305584,1.0
393.712149103586,107.7749055473982,2.0,0.36265529878065506,1.0
113.981304887846,44.741719624789255,4.0,0.4414316527279773,1.0
174.891175338575,45.142467236069294,2.0,0.31110808329729017,1.0
41.5864843778729,18.68785921290006,4.0,0.32955187305504013,1.0
60.7793139763982,27.57498960624439,4.0,0.32195998962684763,1.0
67.7946860134887,67.7946860134887,1.0,0.269980322250582,1.0
40.1836249902031,28.756694347932562,3.0,0.3293391819383495,1.0
999.097782367325,785.1041333127318,3.0,0.46327267276041534,0.0
73.5950525936196,70.95028070147488,2.0,0.3431267048627101,1.0
878.893913341245,277.9409983157523,4.0,0.40336451167352233,1.0
262.441303004093,191.25245698102708,2.0,0.3909740473270047,1.0
1433.83216793914,200.85300470094234,5.0,0.3150675342810054,1.0
17.1472166268182,8.414052326528004,3.0,0.36305731545106723,1.0
346.134474043867,346.134474043867,1.0,0.3946376313219415,1.0
28.9122788298641,11.268768632498139,3.0,0.39929820618976836,1.0
500.637039984483,500.63703998448295,1.0,0.39629367155023926,1.0
2048.18761397984,235.17327360501744,4.0,0.3667188490286688,1.0
705.989661133262,261.4389218567068,3.0,0.3507032979359677,1.0
344.486910818836,52.026859606578554,5.0,0.4454913475650673,0.0
93.6939100303666,93.6939100303666,1.0,0.41954762393660877,1.0
16.0333925249138,15.921240957019853,2.0,0.38603860680701196,1.0
41.050855766401,33.18955275967584,2.0,0.4015887658870684,1.0
995.524805718597,468.1015169110347,4.0,0.4160176477769158,1.0
1062.75639061887,359.434108214502,5.0,0.4974174936831906,0.0
46.7448408175938,37.17242138996214,2.0,0.3511680573723543,1.0
1635.66311518839,907.5652592930725,2.0,0.3636697183529731,1.0
33.681781993977,18.34679918547905,2.0,0.3371039022961719,1.0
63.5774984894083,25.72844280758356,3.0,0.42369398512318623,1.0
1780.06806377763,427.84519109419944,3.0,0.4216143795235045,1.0
44.7652331921766,15.970310080378924,2.0,0.31519417302988284,1.0
268.022915855964,180.8885665854851,3.0,0.500131533608762,0.0
69.0194682701352,51.853283560277276,2.0,0.291343017074965,1.0
8.44077104749748,8.44077104749748,1.0,0.39601495937247044,1.0
304.640067252507,304.640067252507,1.0,0.31186344650346026,1.0
8.3084644248194,8.3084644248194,1.0,0.34176140185938225,1.0
10.6022361066303,7.568462170552592,4.0,0.45191989629462703,1.0
160.65415020821,59.7882564255427,2.0,0.3700289496388194,1.0
606.413677284636,606.413677284636,1.0,0.3511746902147054,1.0
49.2559830684271,37.190058470226425,2.0,0.45240364631413865,0.0
58.6489054207702,58.6489054207702,1.0,0.35160755742459965,1.0
2177.92629788589,242.9999036066689,5.0,0.3658585493686222,1.0
111.157318897086,26.666404917257395,3.0,0.4021851679694844,1.0
15.295584840151,15.295584840151,1.0,0.3436876594911352,1.0
169.737383280269,34.35167885391578,3.0,0.3842880532744235,1.0
562.19082477455,190.39607244030051,4.0,0.41622264952004356,1.0
2953.74324223248,423.42899697944836,4.0,0.34819366009094427,1.0
199.522097241943,41.84145115711973,4.0,0.3331621464600502,1.0
654.997307172548,142.21790294672954,2.0,0.38978555051076214,1.0
21.9572604272251,19.336186904130003,2.0,0.4165403967920441,0.0
332.561439122652,148.3114069506591,4.0,0.33588964158937695,1.0
219.193005744795,85.37233251377974,3.0,0.32990518114307155,1.0
284.463108952113,132.2791359181669,2.0,0.4371160451600679,1.0
17.0493842178199,6.225358130967148,3.0,0.37908461554155987,1.0
283.993713602633,89.17100187776491,5.0,0.40384985594288264,1.0
65.3220640121556,65.3220640121556,1.0,0.2990133137868936,1.0
1020.98637083597,236.93420457027105,4.0,0.30342394284712887,1.0
115.157728052386,50.39978951126568,4.0,0.5761151507115782,0.0
227.261526377476,227.261526377476,1.0,0.38242665155137956,1.0
1942.35746747973,767.3378315351383,2.0,0.35914685035822574,1.0
50.6661718421615,35.204900734291336,4.0,0.3959880289826267,1.0
223.363987755579,192.40139859694222,2.0,0.4452860229862555,0.0
188.220438644752,188.220438644752,1.0,0.4469200433374164,1.0
1154.47024756807,1154.47024756807,1.0,0.37362482498503524,1.0
404.463081874716,404.463081874716,1.0,0.27208494486998325,1.0
7.2379299572634,7.2379299572633995,1.0,0.3774664931243913,1.0
153.528063199272,153.528063199272,1.0,0.42323806337784914,1.0
573.714853844404,168.02901913955228,2.0,0.4741743363650421,0.0
192.080251464737,138.11166652110117,3.0,0.32534879831508035,1.0
1946.23921928469,1946.23921928469,1.0,0.3335023810335881,1.0
145.620606246324,48.63861089913994,2.0,0.47129110432195676,0.0
406.228869177924,406.228869177924,1.0,0.40026112826153065,1.0
167.83328578539,82.09471656591812,2.0,0.3590108251473943,1.0
748.279429442215,116.32008108915397,3.0,0.35105679948964785,1.0
12.2038844520108,6.259430500995041,2.0,0.3341466598906499,1.0
45.3742206185055,45.3742206185055,1.0,0.34830274945444706,1.0
359.165142910185,359.165142910185,1.0,0.241362525745406,1.0
284.397972899321,284.397972899321,1.0,0.3085394669308878,1.0
13.8275938273873,10.923193241628493,3.0,0.43295374487224825,1.0
58.8487320366997,43.96848039927307,3.0,0.26194827054843567,1.0
390.119514670004,96.97935388863209,6.0,0.49934726391787276,0.0
141.16095810988,71.21536346288016,3.0,0.34122294563729594,1.0
1426.0888939041,274.82763331691825,2.0,0.26246514462262,1.0
17.5287810587115,13.538281687100698,2.0,0.3502318533743701,1.0
255.76667555143,169.48938767782175,2.0,0.371370631904936,1.0
2533.14532907138,689.6748136781135,2.0,0.3789336534376384,1.0
1632.37552650876,327.73938700599456,4.0,0.47939712724969596,0.0
17.9937995178722,17.9937995178722,1.0,0.3627596765734316,1.0
134.384949308132,105.89497701388484,2.0,0.4292788842539012,1.0
26.7630095141563,10.409226309844426,3.0,0.2838603524614458,1.0
226.335357986701,137.49860454647424,2.0,0.41779201568708857,1.0
310.6671533847,155.23831088166995,3.0,0.3476085882302616,1.0
14.9081505735257,11.221575183118102,2.0,0.3394786073116293,1.0
145.735796183054,145.57985816558894,2.0,0.29301724063227985,1.0
316.687987053051,316.687987053051,1.0,0.2919643153365992,1.0
12.954388443472,12.954388443472002,1.0,0.33922013790500244,1.0
1090.95469247049,1024.1123258422276,2.0,0.36503354083382755,1.0
384.710609326439,200.9319714845737,3.0,0.3746892250533538,1.0
8.59950325770607,8.33998679008221,2.0,0.4515713769662999,1.0
1785.8700491235,649.8480299828927,2.0,0.40197244636814566,1.0
1044.17637410364,410.47286605650777,2.0,0.33871763890943807,1.0
141.844816807328,40.42920951848211,2.0,0.3660172477751077,1.0
569.90488934028,148.47205294414758,5.0,0.39980030391390103,0.0
155.915716299137,34.22497027968209,5.0,0.38392622248816655,1.0
1711.06603877947,311.23796818312155,3.0,0.39937479090618955,1.0
20.6599926460844,20.6599926460844,1.0,0.28947389169055293,1.0
638.798950420832,514.7298289993889,3.0,0.33892599699050235,1.0
1910.40913347548,1076.0939371388213,3.0,0.3726107433750661,1.0
268.629210276282,87.51551530675594,2.0,0.3991256038188525,1.0
261.26158737977,146.28897750124642,3.0,0.29853050970499967,1.0
37.5330187000616,37.5330187000616,1.0,0.27426812009414314,1.0
73.8472537342228,23.42190298889295,3.0,0.2734605461596642,1.0
1354.3570034604,1354.3570034603997,1.0,0.39857256504122507,1.0
814.651186035408,244.65351263791877,4.0,0.30147288977411535,1.0
1643.22748238282,577.7462918808155,4.0,0.39086893896656494,0.0
2323.49262411971,1888.0159110296604,3.0,0.39569949846038377,0.0
789.201212757678,205.91131286974243,2.0,0.33976134175846323,1.0
20.7313050730804,9.519068000850117,2.0,0.41666897452364404,1.0
567.359062558058,108.46738432827392,6.0,0.4234531406878869,1.0
39.0034444690509,31.173821721785316,6.0,0.44795115633074883,0.0
3202.67406432029,2804.0876580507334,2.0,0.37163419159203825,0.0
37.6973341660051,16.48622641163235,5.0,0.38458141223530046,1.0
144.152768481495,31.82797125436546,3.0,0.3701417737815234,1.0
2855.36448008476,1127.969137993212,3.0,0.37284105182578864,0.0
13.8847290001131,13.744442646203654,2.0,0.32398499930622426,1.0
1602.60375985505,280.836044480522,4.0,0.3343212893391653,1.0
1326.05822605174,355.50931644095607,6.0,0.5175999972452433,0.0
7.33943911301215,7.315716252619416,2.0,0.36481603194889006,1.0
442.720978485988,198.97181812645297,3.0,0.3182688776665521,1.0
756.331842811869,714.1492966546489,2.0,0.32842736483622725,1.0
774.79668457504,377.32317566532475,2.0,0.39734083289928657,1.0
238.193112426717,41.837944218804694,4.0,0.39048578218043756,1.0
1665.74904448496,763.188676912511,4.0,0.3982119434798939,1.0
194.420672912039,194.420672912039,1.0,0.3191126967431234,1.0
11.9561713859634,6.3374371356774875,3.0,0.33551739089065435,1.0
858.012943301172,521.4386113388775,2.0,0.34495344895458285,1.0
338.447005788469,88.11689059836108,3.0,0.4281886056515579,1.0
259.295288382297,52.75216541368642,4.0,0.48574697641012576,0.0
408.798327085487,252.57444607967116,2.0,0.41244897990376067,1.0
52.844100656877,28.794652939826978,3.0,0.38640668648235327,1.0
595.177483473478,595.177483473478,1.0,0.3227412630297337,1.0
421.979354380257,58.79821863257975,4.0,0.444963932358409,1.0
554.302803596497,89.35836993720469,3.0,0.4624773905444171,0.0
169.183482103694,104.27341826683973,4.0,0.32669130301023414,1.0
7.89442038171678,7.894420381716779,1.0,0.3329046162788006,1.0
258.876744306022,34.71384350601273,3.0,0.32083172787828335,1.0
1002.93427211663,964.9722656299406,2.0,0.3859555812396682,1.0
1726.85430101178,776.9486523662324,2.0,0.35577963492010184,1.0
861.556543475382,711.2757258818243,2.0,0.4924831729741748,0.0
779.122472076674,309.555123309169,2.0,0.38214639127725525,1.0
13.2896612544132,9.194610277511366,3.0,0.3155743149299959,1.0
48.7238238424355,29.203902084366977,3.0,0.42191281762518756,0.0
325.525768004034,47.713945204465325,2.0,0.279111523571843,1.0
14.2567135193718,8.883450229260102,2.0,0.42795407154791587,1.0
76.6649113930869,44.059396857645474,2.0,0.447092079536968,1.0
471.540969360377,471.54096936037695,1.0,0.1945661466584704,1.0
21.3345359362202,9.224110483229799,2.0,0.35962510165018713,1.0
878.893913341245,346.2925815195318,2.0,0.29701100136033365,1.0
262.441303004093,262.441303004093,1.0,0.3413449288279585,1.0
1433.83216793914,1169.2723000244598,2.0,0.3907199216641996,0.0
346.134474043867,95.70136430346108,4.0,0.472083266002281,0.0
28.9122788298641,21.66287210532403,2.0,0.4422229107698468,1.0
889.46350191981,889.46350191981,1.0,0.32835748637439927,1.0
107.062815262285,67.4043884148753,3.0,0.33394824453083416,0.0
5.94407945544274,5.94407945544274,1.0,0.4119008661976043,1.0
93.6939100303666,22.013546825921733,3.0,0.32572998226607364,1.0
203.5969160322,203.5969160322,1.0,0.2730048875832439,1.0
1071.15351453128,566.6147568596983,4.0,0.3059408623687657,1.0
33.6023157007986,12.371078103604967,3.0,0.38743976435002614,1.0
16.0333925249138,10.656091228032173,4.0,0.4499806608194574,0.0
108.962248935922,88.85407946842555,3.0,0.33641466314190954,1.0
525.066392381247,184.46073407527172,2.0,0.3213761735898548,1.0
995.524805718597,165.4999468430673,4.0,0.37835196118890113,0.0
121.517764283519,50.21195324489426,2.0,0.3622958579460244,1.0
106.287156090766,67.54932573190577,3.0,0.4148827282921922,0.0
15.9666498103241,15.9666498103241,1.0,0.41101088680503267,1.0
19.1317402223371,19.1317402223371,1.0,0.413008807047818,1.0
271.384379976413,239.13892292285348,2.0,0.3897381139153479,0.0
56.7789878245134,38.87607345893632,3.0,0.44517920623126156,1.0
29.3601332749424,29.3601332749424,1.0,0.4050014554911797,1.0
26.7116636909829,26.7116636909829,1.0,0.35623020527033755,1.0
16.3555998097392,16.3555998097392,1.0,0.2908245278614386,1.0
14.428258007131,13.27243526906354,2.0,0.38593425329631975,1.0
18.0539161782206,11.754797432194112,3.0,0.36730547231867955,1.0
304.640067252507,150.67346070745967,3.0,0.37277893942834084,1.0
19.8992201534604,11.167459143270047,4.0,0.41580470526566415,1.0
28.2762211902111,28.276221190211096,1.0,0.38535930730365153,1.0
606.413677284636,606.413677284636,1.0,0.4082502623238108,1.0
177.733726904285,53.81482851009556,2.0,0.3913048160822168,1.0
475.906320810874,244.39920495674667,2.0,0.3135548015257759,1.0
695.26250038179,333.1499120939415,2.0,0.3909721357550771,1.0
58.6489054207702,38.032540581618285,2.0,0.3484155101053952,1.0
34.5962106563086,34.5962106563086,1.0,0.3747833076117941,1.0
111.157318897086,103.53009360137871,2.0,0.3305141618227147,1.0
744.389228696878,213.80161111220838,3.0,0.433892848640084,1.0
2953.74324223248,380.89369115741715,2.0,0.3978457631829253,1.0
161.988980946505,115.02293685704261,3.0,0.3648930834315139,1.0
96.6774797679464,96.6774797679464,1.0,0.42984324992176626,1.0
654.997307172548,508.99520607233933,2.0,0.28009915725181717,1.0
112.551394640162,29.31268876448703,4.0,0.36041231890519704,1.0
1012.85710596558,176.58841379271684,6.0,0.4831140193709036,0.0
107.271881325876,33.24239548818606,2.0,0.4700852338474829,1.0
15.5504089172424,15.5504089172424,1.0,0.42571339021858634,1.0
39.8572334485356,28.005931233259695,3.0,0.3204938238930112,1.0
83.6046248403294,83.6046248403294,1.0,0.38506870029754947,1.0
436.620800189576,436.620800189576,1.0,0.2914670926046428,1.0
11.8099089013439,8.789201741133617,3.0,0.3601060958027869,1.0
283.993713602633,89.50547411060222,4.0,0.4566530292517101,0.0
21.8551814167054,14.968302986284383,2.0,0.28416044013430447,1.0
20.8057738322849,20.8057738322849,1.0,0.38658594661635126,1.0
195.186546028242,185.57623609040223,2.0,0.38900784087148704,1.0
23.0353643437418,21.765545186346145,3.0,0.45298272893927793,0.0
50.6661718421615,23.03577486803715,4.0,0.39731764329395386,1.0
49.5758615746444,49.5758615746444,1.0,0.40123332897924063,1.0
188.220438644752,188.220438644752,1.0,0.38647012471137354,1.0
361.386833630027,54.482251431487484,6.0,0.4040783175658112,1.0
153.528063199272,28.159746525080664,6.0,0.4128953945935338,1.0
19.658805202149,10.008362376712496,3.0,0.32215811800011346,1.0
192.080251464737,192.080251464737,1.0,0.3653918304883314,1.0
1946.23921928469,1946.23921928469,1.0,0.3299536168817765,1.0
13.0916884784864,13.0916884784864,1.0,0.34316490561614693,1.0
406.228869177924,168.74495235307745,4.0,0.3238405253070596,1.0
14.2014117435535,10.578154782455847,3.0,0.47802979978524773,0.0
105.53216038518,34.581842439643026,4.0,0.45891009537457406,0.0
167.83328578539,167.83328578539,1.0,0.38319961176998824,1.0
748.279429442215,444.1200760526952,2.0,0.3531261237438075,1.0
33.1126033694278,23.731708402565495,2.0,0.5200976763834313,0.0
359.165142910185,193.779926244235,5.0,0.4313131984758199,0.0
45.579664711082,18.118251165900965,2.0,0.2889268635763913,1.0
141.16095810988,100.46869258178808,2.0,0.2830218142730968,1.0
15.2409039855197,14.100980547760448,2.0,0.4151111401394399,1.0
1426.0888939041,183.92199899613794,4.0,0.4235927241465021,1.0
469.435724699552,111.46348242200486,2.0,0.4378033216435245,1.0
2533.14532907138,2533.14532907138,1.0,0.3658171683508033,1.0
616.987488992454,483.48371814178944,3.0,0.5669227963639104,0.0
1632.37552650876,287.8920666700729,3.0,0.3751206241100813,1.0
1104.61307974319,1104.61307974319,1.0,0.40040800840636115,1.0
471.961648512686,471.961648512686,1.0,0.2543662786522177,1.0
134.384949308132,113.64901417472097,2.0,0.42290388749518537,1.0
421.99959252559,421.99959252559,1.0,0.3552522405086636,1.0
178.526598526383,178.526598526383,1.0,0.29783036081081093,1.0
16.8016645808103,6.618517502695409,2.0,0.4625013296400514,0.0
6.38783468346124,6.38783468346124,1.0,0.4758828356838946,1.0
1090.95469247049,1090.95469247049,1.0,0.35374601742346007,1.0
182.066156201723,182.066156201723,1.0,0.4043658393810177,1.0
338.490201566188,79.34314115902912,3.0,0.3877100071593166,1.0
168.221482922198,168.221482922198,1.0,0.4001889871610295,1.0
33.1441171282496,17.176511338990494,3.0,0.5272118114533006,0.0
52.8173158332396,17.581661983247923,2.0,0.3574781202434049,1.0
292.218357144879,138.58253807833296,2.0,0.3820253557223412,1.0
1089.24840338454,322.4110379843657,4.0,0.30543627616540314,1.0
13.4508164395812,6.419860991949149,2.0,0.3653959610884038,1.0
569.90488934028,160.88070541277898,6.0,0.3841640868318226,1.0
4.2598610962018,4.2598610962018,1.0,0.3934313064290351,1.0
264.856025034847,264.856025034847,1.0,0.27081911748082976,1.0
1711.06603877947,245.38111022834715,4.0,0.49684147639888626,0.0
1910.40913347548,1170.248727905827,3.0,0.4196688572617787,0.0
261.26158737977,151.83672105065313,3.0,0.4117569019093161,0.0
955.937144478882,874.2410019814896,2.0,0.2887828093573701,1.0
81.4530886259058,64.8538460975982,2.0,0.41363109012498556,1.0
165.811773151968,165.811773151968,1.0,0.431406275669297,1.0
1643.22748238282,292.240641147974,5.0,0.43780012468370466,1.0
85.7294550800638,85.72945508006381,1.0,0.37348877154845334,1.0
789.201212757678,96.37545579721845,2.0,0.2659189624719547,1.0
20.7313050730804,11.655860159181236,2.0,0.27096959871943027,1.0
567.359062558058,121.8880024683072,3.0,0.4234332258828589,1.0
39.0034444690509,39.0034444690509,1.0,0.2809178053244041,1.0
57.5354357544123,57.5354357544123,1.0,0.3894970806785685,1.0
13.8847290001131,13.8847290001131,1.0,0.31803905052856124,1.0
1602.60375985505,434.80213324620223,3.0,0.38300042744886403,1.0
7.01181695337034,6.158959114326191,3.0,0.3590620895021089,1.0
15.5077889472238,12.677729545605306,2.0,0.3417127170288743,1.0
8.36725403203592,3.2980209914468332,2.0,0.392459739590665,1.0
7.21408180248218,7.2140818024821804,1.0,0.326603366877254,1.0
756.331842811869,363.50073334630105,2.0,0.4471497035293154,0.0
170.024231604401,44.282769518020366,3.0,0.42865244217607773,0.0
774.79668457504,774.79668457504,1.0,0.40492181379643605,1.0
238.193112426717,64.66929323304771,3.0,0.4585781348790225,1.0
50.0552678073483,31.968762852627496,3.0,0.3958464971397831,1.0
918.611311051166,288.4124715929825,3.0,0.4168850769992791,1.0
22.4144414528138,22.4144414528138,1.0,0.36202340951748047,1.0
194.420672912039,194.420672912039,1.0,0.2777757327293695,1.0
858.012943301172,284.7476375603058,2.0,0.39739727438440114,1.0
409.877784148083,66.4822543588562,3.0,0.40081219185852046,1.0
259.295288382297,54.54756531509736,5.0,0.3836438749292284,1.0
52.844100656877,27.849359737163727,3.0,0.31912476248076643,1.0
595.177483473478,479.18643912856624,4.0,0.3431133686034061,1.0
554.302803596497,554.302803596497,1.0,0.2633120758493091,1.0
169.183482103694,79.5281994080851,2.0,0.4742158912829636,0.0
24.3500303508295,24.3500303508295,1.0,0.35468612261714244,1.0
2434.10482322203,299.8004712362667,5.0,0.3883212609532451,1.0
1039.02574976559,771.7618866619868,2.0,0.4683261079767775,1.0
258.876744306022,42.850683666383375,3.0,0.43143549454426516,0.0
779.122472076674,317.43657102667623,2.0,0.33479363521405536,1.0
13.2896612544132,8.852576892004201,2.0,0.3903976609802195,1.0
48.7238238424355,48.7238238424355,1.0,0.3962585571307138,1.0
113.981304887846,44.11027344504675,3.0,0.3987360054807683,1.0
60.7793139763982,49.303153446255976,2.0,0.35710212160138993,1.0
40.1836249902031,20.020025793864146,6.0,0.3405493998058173,1.0
1451.20466330757,281.4237682466962,3.0,0.31974689638189846,1.0
999.097782367325,518.8519282101287,3.0,0.3732926291373029,1.0
73.5950525936196,70.56890400422607,2.0,0.3262241907687647,1.0
1433.83216793914,1433.83216793914,1.0,0.4168604685772658,1.0
188.898732945774,188.898732945774,1.0,0.3460856322969369,1.0
346.134474043867,346.134474043867,1.0,0.26643497985457804,1.0
15.7119047283077,12.6560414810506,2.0,0.37937979907257197,1.0
107.062815262285,84.3871556697459,2.0,0.42109709522504984,1.0
500.637039984483,75.16558576665837,3.0,0.2772945792788131,1.0
421.566534802401,89.49181649317553,2.0,0.433475312278266,1.0
4.36496211879192,4.36496211879192,1.0,0.3745840771154491,1.0
1284.23053146792,543.5148770505568,2.0,0.27557292573715464,1.0
20.6235205848116,11.838263219112177,3.0,0.3309812400190352,1.0
705.989661133262,217.37164063159108,3.0,0.3714318215059364,1.0
520.582625951566,382.2330273575367,2.0,0.31541997263088073,1.0
642.854940095613,221.58138725149374,2.0,0.41998228545724847,1.0
15.9050168376654,9.461899982516849,4.0,0.432024817343555,1.0
23.9937094523245,17.451841398209112,2.0,0.37107891639079976,1.0
108.962248935922,108.962248935922,1.0,0.24840968174412278,1.0
995.524805718597,564.7899860763156,5.0,0.5168071938061655,0.0
116.102243739003,67.11646971227142,2.0,0.4346555987930451,1.0
121.517764283519,83.29718767360063,3.0,0.4016182092822016,1.0
1062.75639061887,716.2398860305549,2.0,0.3827576348909845,1.0
1635.66311518839,1635.66311518839,1.0,0.2801421328660747,1.0
18.9991969568242,18.9991969568242,1.0,0.36958477879275353,1.0
42.7187535870127,13.447860884841806,2.0,0.3675740578791217,1.0
1780.06806377763,321.7063837488845,3.0,0.47946484013647883,0.0
271.384379976413,68.76574597069224,5.0,0.4107826004519179,0.0
268.022915855964,268.022915855964,1.0,0.40170989919235195,1.0
526.323756290085,120.46744333201356,4.0,0.2866887721300051,1.0
304.640067252507,69.28432078271484,3.0,0.3415872108396903,1.0
10.6022361066303,7.607244885537717,4.0,0.32748395391748286,1.0
28.2762211902111,24.42916723409371,2.0,0.2996988086822172,1.0
606.413677284636,219.12442737482482,2.0,0.3754883485455746,1.0
333.920826280919,71.09320954318041,2.0,0.32865230821493346,1.0
49.2559830684271,49.2559830684271,1.0,0.3906413257395794,1.0
34.5962106563086,19.20788693615299,3.0,0.3480999916859841,1.0
43.2988094627305,32.900545356285626,3.0,0.2929230493578193,1.0
169.737383280269,169.73738328026897,1.0,0.3872158277064997,1.0
562.19082477455,562.19082477455,1.0,0.1594824244233149,1.0
744.389228696878,744.3892286968781,1.0,0.3871689072383633,1.0
2953.74324223248,2953.74324223248,1.0,0.37082258226230475,1.0
654.997307172548,361.0319385745696,3.0,0.41621640347861916,1.0
133.516456854765,20.581501838566094,4.0,0.38866710072426197,1.0
112.551394640162,112.55139464016202,1.0,0.3108369296172317,1.0
1012.85710596558,1012.85710596558,1.0,0.35765485159363497,1.0
107.271881325876,107.27188132587598,1.0,0.18217393909963253,1.0
219.193005744795,219.193005744795,1.0,0.3812654943344191,1.0
39.8572334485356,21.670451175660666,3.0,0.30204861828990115,1.0
40.5746194687488,16.64424735372331,4.0,0.3753866386543484,1.0
283.993713602633,103.04630920227537,2.0,0.43501697840400755,1.0
44.4794116788783,44.130927553639474,2.0,0.2690356363249882,1.0
21.8551814167054,19.093743396219907,2.0,0.3884681961983746,1.0
1020.98637083597,1020.9863708359701,1.0,0.3419150346706065,1.0
121.579168250373,18.118798875374186,3.0,0.377608823302885,1.0
1942.35746747973,234.4305760744173,4.0,0.39592167826505154,1.0
2344.50158233239,2344.50158233239,1.0,0.25703766316969984,1.0
50.6661718421615,50.6661718421615,1.0,0.3144018134446463,1.0
223.363987755579,38.543668488007675,6.0,0.33878746924931674,1.0
7.30234955503997,7.302349555039971,1.0,0.3508896746143436,1.0
573.714853844404,350.06886988851824,5.0,0.27436629847137695,1.0
23.7646696419608,9.78920859609487,2.0,0.3883682770075069,1.0
1442.91673059993,457.7997817524254,3.0,0.3695293635741591,1.0
168.971490281826,47.66734384949812,2.0,0.3210311663576754,1.0
18.5094546319957,13.805370813888182,2.0,0.3541437392266789,1.0
31.1335516962544,17.532987059696946,3.0,0.38578044079021345,1.0
359.165142910185,359.165142910185,1.0,0.35314084919301403,1.0
45.579664711082,45.579664711082,1.0,0.362750819620235,1.0
271.129315026397,96.51909920019445,2.0,0.4416148659673771,1.0
141.16095810988,81.6966201461211,4.0,0.3891338055314244,1.0
17.5287810587115,12.388078289717505,2.0,0.38923198079440513,1.0
469.435724699552,119.2187239203235,2.0,0.38428033782098475,1.0
2533.14532907138,383.10737970595926,5.0,0.37339601784391635,1.0
46.743720753827,46.743720753827,1.0,0.3264954307828963,1.0
1104.61307974319,1104.61307974319,1.0,0.43008067829985425,1.0
414.670496832519,145.5222996139947,2.0,0.4306816465191022,1.0
12.9449274994493,11.547152905217846,2.0,0.3032051949790629,1.0
134.384949308132,70.49292844191045,3.0,0.3262445906184173,1.0
2306.78929746142,752.1295267687074,2.0,0.34131911275868504,0.0
118.583430384209,115.10309174829358,2.0,0.37127446577724993,1.0
145.735796183054,96.86206966214789,2.0,0.3014500488781898,1.0
121.16488247643,121.16488247643,1.0,0.36350502012110575,1.0
1913.07218538742,223.89825575895327,4.0,0.2894953244238001,1.0
4.61976208223628,4.61976208223628,1.0,0.35724833007710105,1.0
1090.95469247049,199.57603749018568,4.0,0.3944470236278153,1.0
384.710609326439,187.38206911682005,3.0,0.2948258715000997,1.0
182.066156201723,182.066156201723,1.0,0.2605836019295375,1.0
50.6197045157415,20.487468140169828,3.0,0.4356864668865495,1.0
44.3083851765389,34.30922014176907,2.0,0.3931278245299225,1.0
1384.89490292277,1384.8949029227697,1.0,0.20780900710896827,1.0
52.8173158332396,13.744595997059205,3.0,0.3884418067852822,1.0
1089.24840338454,205.5441887576472,5.0,0.3502792787379496,1.0
569.90488934028,299.9892936591147,3.0,0.33197543361654863,1.0
155.915716299137,36.902152917845406,3.0,0.41389637831215226,1.0
64.9352683337389,32.15583703687759,4.0,0.5333376013407671,0.0
1711.06603877947,1711.06603877947,1.0,0.25636662871368987,1.0
14.1920573855373,14.1920573855373,1.0,0.2793436841689754,1.0
1910.40913347548,1910.40913347548,1.0,0.2755513395649595,1.0
261.26158737977,123.55996498391383,3.0,0.29879685944493267,1.0
61.437603013226,36.20707870502323,2.0,0.41204889814008716,1.0
106.359152793595,22.830017760052726,4.0,0.40873808619457763,1.0
814.651186035408,468.6181476377049,2.0,0.3307436129154181,1.0
288.444467162232,288.444467162232,1.0,0.30548706878014387,1.0
58.7603780103609,44.77280172066139,2.0,0.36025177556806715,1.0
85.7294550800638,85.72945508006381,1.0,0.35217180324986175,1.0
789.201212757678,315.15639149217816,2.0,0.32644936192829627,1.0
39.0034444690509,39.0034444690509,1.0,0.2939362750927737,1.0
31.5517098330138,23.680970483689908,3.0,0.3226398305920036,1.0
286.324986800892,74.63759004223606,3.0,0.31435829360479545,1.0
3202.67406432029,719.1772000995301,3.0,0.3830750641783399,1.0
182.403754602813,57.369971407969764,3.0,0.3711125894069178,1.0
411.561439012934,78.07520682441962,5.0,0.28317650837567926,1.0
2855.36448008476,2855.36448008476,1.0,0.3001715033606863,1.0
243.33282964459,57.71740031843435,5.0,0.288938834570399,1.0
190.931199937271,130.8772057898348,4.0,0.3761031997173629,1.0
756.331842811869,224.21989419814798,4.0,0.4177942946220595,0.0
774.79668457504,134.180076114753,3.0,0.34473005167145454,1.0
244.818260209739,243.5800200890922,2.0,0.39259648477651315,1.0
1265.28985577508,314.82799226569705,4.0,0.3928001268069427,1.0
16.600315345551,11.543844139093775,2.0,0.25757780415987536,1.0
194.420672912039,37.871334112330956,4.0,0.3749544643148464,1.0
128.054173509685,40.43033264460914,3.0,0.3657900079477982,1.0
36.1426249842568,13.118920421293192,4.0,0.4385307381814975,0.0
5.86675452404113,5.730700799071018,2.0,0.45728437380260956,1.0
115.757163092216,115.75716309221602,1.0,0.30256961672705157,1.0
497.972319348129,175.41705312487986,5.0,0.31424132124224485,1.0
259.295288382297,69.62828286697008,4.0,0.4749419443570846,1.0
18.0118603149575,9.615860670582627,3.0,0.393366784240662,1.0
29.8044334727249,19.13930517750297,5.0,0.5175986831373877,0.0
595.177483473478,458.7699904851948,4.0,0.31771965020609644,1.0
554.302803596497,228.6736943830403,3.0,0.39175489631048155,1.0
2028.92671806277,379.66067242255366,3.0,0.3733470939393456,1.0
258.876744306022,49.1036597955061,2.0,0.3211993836052631,1.0
102.936916566595,102.936916566595,1.0,0.3944583742751711,1.0
111.743786276073,35.57404550417105,2.0,0.34788406046924436,1.0
779.122472076674,779.122472076674,1.0,0.36968892824567967,1.0
393.712149103586,393.712149103586,1.0,0.32238550075858746,1.0
26.8766226671778,10.190387535907455,2.0,0.37293088301795047,1.0
9.43648967774405,9.43648967774405,1.0,0.39876745324817026,1.0
76.6649113930869,26.62406785196465,2.0,0.36807071574081385,1.0
92.6098978906252,30.065675148508777,2.0,0.39274502344137835,1.0
471.540969360377,263.8370482956045,3.0,0.38458747262261495,1.0
93.8441192258414,24.80199839291269,4.0,0.3986099946047874,1.0
878.893913341245,878.893913341245,1.0,0.3897038222361451,1.0
145.373496708482,44.77925776117757,3.0,0.27717466656582346,1.0
1433.83216793914,166.97483255940676,5.0,0.37397657587131133,1.0
346.134474043867,94.6645560231828,4.0,0.33195974726001004,1.0
41.0076655730775,41.0076655730775,1.0,0.3313080778987096,1.0
889.46350191981,575.473620834786,5.0,0.36826780463718223,1.0
421.566534802401,421.566534802401,1.0,0.31945668228998736,1.0
43.8976911678755,7.761516308056405,3.0,0.334979569175433,1.0
705.989661133262,159.2654418513738,3.0,0.36765259196604,1.0
93.6939100303666,29.76379348265516,2.0,0.3884831008641699,1.0
203.5969160322,203.5969160322,1.0,0.40642897472312145,1.0
108.962248935922,40.254511720161474,4.0,0.36611982458420833,1.0
11.8608346639758,11.8608346639758,1.0,0.41135341722104296,1.0
41.050855766401,41.050855766401,1.0,0.4152604060406235,1.0
908.920577275984,571.1205002232551,2.0,0.4173207104498524,0.0
51.8118505474514,19.022544294262065,2.0,0.40962069193791867,0.0
585.887878146132,161.3692990188248,2.0,0.41519210222165887,1.0
760.71650728533,246.66372802311926,4.0,0.22467528049933919,1.0
25.2946715743172,14.42409527643981,3.0,0.3677757845055389,1.0
63.5774984894083,63.5774984894083,1.0,0.221965220448279,1.0
26.7209757274748,16.134358092928792,2.0,0.39663568792157383,1.0
415.274552567478,229.4528151323627,4.0,0.3545057359241015,1.0
56.7896741756033,12.776198101761697,7.0,0.36263973087345586,1.0
467.164995953222,467.164995953222,1.0,0.32138449526698537,1.0
69.0194682701352,27.778307353548108,3.0,0.3395268618021023,1.0
12.6366025169312,12.6366025169312,1.0,0.34054341885126427,1.0
304.640067252507,66.30868677760148,4.0,0.48695239543738006,0.0
10.6022361066303,8.414267305700106,5.0,0.32461433646776355,1.0
28.2762211902111,17.195817616337038,5.0,0.3887059371151323,1.0
68.1621298852941,68.1621298852941,1.0,0.31406984249680403,1.0
606.413677284636,74.47216309383988,3.0,0.34562946072478046,1.0
340.198361973455,95.70052567275313,2.0,0.28020330760630824,1.0
58.6489054207702,30.807381038575656,4.0,0.44930539025252986,0.0
15.295584840151,8.846132674849075,2.0,0.48776549400367925,1.0
169.737383280269,36.307640918646676,2.0,0.34856013903100147,1.0
744.389228696878,414.7270433586354,3.0,0.38388487254415404,1.0
2953.74324223248,2953.74324223248,1.0,0.3225281126613038,1.0
654.997307172548,552.2941759566935,2.0,0.5331615155012999,0.0
332.561439122652,332.561439122652,1.0,0.38784766623522593,1.0
447.537588963163,67.25668757395651,5.0,0.38692599275971756,1.0
1012.85710596558,903.9502278974114,2.0,0.4560238381293312,0.0
219.193005744795,45.86871873292843,2.0,0.32168102555006295,1.0
284.463108952113,243.95647851451128,2.0,0.3273410689846448,1.0
39.8572334485356,22.73062915029072,3.0,0.37185159458034345,1.0
83.6046248403294,26.62422158188749,4.0,0.3721551385937197,1.0
436.620800189576,436.620800189576,1.0,0.36025554634113804,1.0
32.3585705587807,8.230887856301477,2.0,0.3610011098776838,1.0
142.095192427434,36.963277994804315,3.0,0.33346992671720543,1.0
44.4794116788783,44.4794116788783,1.0,0.33424221749143385,1.0
2429.20872836877,977.4783642821887,5.0,0.41851307358976947,1.0
28.5682270618975,17.288312954299776,4.0,0.40912633753688,1.0
1020.98637083597,265.3832252756333,4.0,0.42308295974203625,1.0
181.009120102771,133.68723859696559,4.0,0.39540482131019167,0.0
1942.35746747973,1942.3574674797298,1.0,0.31455369004539446,1.0
2344.50158233239,1309.4340554438495,2.0,0.3848335722303385,0.0
50.6661718421615,50.6661718421615,1.0,0.3258285612045478,1.0
223.363987755579,42.27254031965665,3.0,0.4439842666895472,1.0
1154.47024756807,442.35499836983576,4.0,0.48488852428487805,0.0
404.463081874716,252.36307362818874,2.0,0.40680685486146917,1.0
168.971490281826,36.50012123881961,3.0,0.5247614072525425,0.0
1946.23921928469,1286.1443014250847,3.0,0.4992419186179919,0.0
145.620606246324,47.89734854408214,3.0,0.4295347807429194,1.0
376.287363352803,72.11863150052645,3.0,0.3579478605152969,1.0
748.279429442215,105.48787322376938,3.0,0.38360652734737927,1.0
1254.58533271468,1254.58533271468,1.0,0.2733171440752907,1.0
359.165142910185,88.10433673036147,2.0,0.26730881379080035,1.0
45.579664711082,45.579664711082,1.0,0.3020225872265022,1.0
221.744537984991,211.84047298333488,2.0,0.2956154550562505,1.0
141.16095810988,29.77970740475243,4.0,0.37773515409622876,1.0
19.6872835592077,19.6872835592077,1.0,0.4032829305913935,1.0
2533.14532907138,547.1623313928976,3.0,0.35422157563476486,1.0
146.867357951606,146.867357951606,1.0,0.4222449419580652,1.0
1632.37552650876,235.56491400219141,2.0,0.4272538623709503,1.0
1104.61307974319,1104.61307974319,1.0,0.318592058735492,1.0
134.384949308132,78.40482364435839,4.0,0.42462869984436674,1.0
40.8450864357531,40.8450864357531,1.0,0.39536558614931916,1.0
421.99959252559,86.12760730377902,3.0,0.3521129813750196,1.0
226.335357986701,206.6700386191099,3.0,0.30321359255551056,1.0
120.886681801023,120.886681801023,1.0,0.46551444208161263,1.0
178.526598526383,65.61223905110418,2.0,0.3122508372562888,1.0
118.583430384209,35.14590943388594,4.0,0.3954026127502651,1.0
54.0075506153918,10.426180176439123,6.0,0.5009936009142565,0.0
121.16488247643,121.16488247643,1.0,0.2885419994078981,1.0
56.9425439592042,56.9425439592042,1.0,0.40061769553291454,1.0
384.710609326439,333.0139828897927,2.0,0.4980367473313356,0.0
338.490201566188,50.61395667928481,4.0,0.26859451850530397,1.0
20.4564112008272,12.710243621243356,3.0,0.4599831139201325,1.0
33.3430168743484,10.665213448456699,2.0,0.3646273259178767,1.0
154.849648640223,63.972934012261824,3.0,0.3992242280808856,1.0
115.013096920921,115.013096920921,1.0,0.3338139118530152,1.0
1044.17637410364,344.7719448013835,3.0,0.38633550854048343,1.0
1089.24840338454,305.91616993076957,2.0,0.27930696111406883,1.0
1910.40913347548,1661.5948714945562,2.0,0.36012322090350923,0.0
265.355964122032,101.13969100852549,4.0,0.4187375102433869,1.0
73.8472537342228,30.850184449372417,4.0,0.32540198527286074,1.0
81.4530886259058,63.662124084219236,2.0,0.3499626278617003,1.0
8.62729478498041,6.359032956411969,3.0,0.3599434754845122,1.0
814.651186035408,560.8877900194307,3.0,0.2617134965236598,1.0
288.444467162232,50.08454730000899,2.0,0.39237585680069,1.0
165.811773151968,69.0223706498137,2.0,0.42169415029462937,1.0
1643.22748238282,201.12143781052322,5.0,0.4529122801760996,1.0
2323.49262411971,667.2588715075442,5.0,0.4275716924941965,1.0
85.7294550800638,74.04758109567706,2.0,0.42069300015249383,1.0
17.978237254366,17.978237254366,1.0,0.3847714807424937,1.0
789.201212757678,220.05299265068825,2.0,0.34505505709703843,1.0
567.359062558058,121.24679209572447,3.0,0.3010745570718461,1.0
976.858833519982,940.5628408573715,2.0,0.2374187219900751,1.0
411.561439012934,184.32059746977336,2.0,0.44105920869259535,1.0
2855.36448008476,592.8762352515556,5.0,0.40298336010088276,1.0
1602.60375985505,245.3665609811538,3.0,0.3193740862172536,1.0
10.7716586782366,10.7716586782366,1.0,0.26066332279870397,1.0
1326.05822605174,410.7594361774418,4.0,0.338077763272987,1.0
44.4966521909151,44.49665219091511,1.0,0.3976077263521665,1.0
15.5077889472238,12.276808962205388,3.0,0.3984577042093621,1.0
756.331842811869,164.14994831515713,2.0,0.37483666834841295,1.0
1665.74904448496,448.19525225963366,4.0,0.411504087905587,1.0
278.544124140417,61.3225435420849,5.0,0.4053613382159237,1.0
76.7871137657024,21.02828075247791,2.0,0.36155015432381754,1.0
858.012943301172,232.82059252269306,4.0,0.363047239625059,1.0
115.757163092216,45.79756690254543,3.0,0.28118201285541394,1.0
372.608863891303,86.0573844051524,2.0,0.3081140234607636,1.0
275.24489974014,232.8354359914874,3.0,0.42030631941854474,0.0
497.972319348129,232.42425582963236,2.0,0.31111850047883827,1.0
361.48960609154,129.26453089397322,2.0,0.360332621303957,1.0
29.8044334727249,16.479435034541975,5.0,0.33092120922343676,1.0
554.302803596497,156.7823144804741,4.0,0.49749563140897696,0.0
48.5149887411471,19.64778644169372,4.0,0.37305375252203343,1.0
1039.02574976559,1039.02574976559,1.0,0.39847392412488736,1.0
78.7554806526715,39.399978565143265,2.0,0.3941432950627806,1.0
24.0289620880984,10.872835843446934,2.0,0.37401760753044655,1.0
748.85040441055,241.60162413693524,2.0,0.4718758682500908,0.0
632.127204809653,627.7841193529918,2.0,0.24736070867999868,1.0
861.556543475382,861.556543475382,1.0,0.3880964074853921,1.0
1375.49438140798,440.0395613619471,4.0,0.28012713761427965,1.0
26.8766226671778,16.497782540436454,2.0,0.30005433845199353,1.0
5.21844224540297,5.21844224540297,1.0,0.3280334314729891,1.0
60.7793139763982,37.04755793806136,3.0,0.5141545485042055,0.0
67.7946860134887,22.425810544528993,3.0,0.3674919517185764,1.0
92.6098978906252,56.93414188528087,3.0,0.4031413502117558,0.0
404.409516267178,192.47602784286045,2.0,0.398702703427246,1.0
73.5950525936196,19.566411557747585,2.0,0.41881813538262147,1.0
878.893913341245,286.44936003657205,2.0,0.3407719235598955,1.0
7.83658854139047,7.83658854139047,1.0,0.4388359975312879,1.0
96.4646328871831,35.72760153724221,2.0,0.3637107538822216,1.0
41.0076655730775,24.068209645184584,3.0,0.5049986283208759,0.0
26.8927243563045,18.205118854635362,3.0,0.35068317605626387,1.0
107.062815262285,66.39788359354935,3.0,0.26396653456598423,1.0
500.637039984483,97.04040824418446,4.0,0.3581474698908567,1.0
1284.23053146792,398.4647809101602,3.0,0.3884352248575365,1.0
43.8976911678755,43.8976911678755,1.0,0.3705566972714219,1.0
29.2640184845862,14.020258733896425,3.0,0.4059453334666973,0.0
12.9489975211381,12.9489975211381,1.0,0.38368518190815804,1.0
203.5969160322,203.5969160322,1.0,0.4185890196552018,1.0
33.6023157007986,33.6023157007986,1.0,0.33575145326572214,1.0
51.8118505474514,51.81185054745139,1.0,0.33539501869495597,1.0
121.517764283519,24.404475196538282,4.0,0.5689201170021222,0.0
585.887878146132,140.85107558519545,2.0,0.40381708368464914,1.0
268.574255286181,268.574255286181,1.0,0.3527810029842869,1.0
1635.66311518839,277.7472444984689,5.0,0.4305047090276274,1.0
760.71650728533,294.41376643508255,2.0,0.2673387100530712,1.0
26.0204779643292,18.195339528895182,3.0,0.3827924660364593,1.0
57.4216442056115,57.4216442056115,1.0,0.3419793243704932,1.0
258.828796136688,128.15599382830706,4.0,0.3461914959413316,1.0
13.1836577149965,13.183657714996498,1.0,0.29703183611717543,1.0
134.344168511212,116.0199864002268,2.0,0.4797700579560911,0.0
26.7116636909829,21.789816197273414,2.0,0.4911078788450617,0.0
39.2911329528822,16.50444142849205,2.0,0.28456532903338855,1.0
526.323756290085,132.29817601094234,3.0,0.48814008551194477,1.0
304.640067252507,60.433541010393164,2.0,0.3545864903836781,1.0
28.2762211902111,12.152856298453287,4.0,0.4213526200228731,1.0
58.6489054207702,51.32721637634228,2.0,0.3473249417088349,1.0
18.6482158687839,15.971695014060083,2.0,0.4499973214327457,0.0
2177.92629788589,622.0792086894523,2.0,0.2887598979253855,1.0
169.737383280269,60.937260048036165,3.0,0.28555620394279013,1.0
562.19082477455,140.54424216450897,3.0,0.3727076731326908,1.0
212.869823197285,212.869823197285,1.0,0.3794548859534249,1.0
744.389228696878,99.76667733016843,3.0,0.34892034303764163,1.0
2953.74324223248,594.9258197026479,3.0,0.403072805070062,1.0
654.997307172548,291.14635216392367,4.0,0.52256775990861,0.0
332.561439122652,332.561439122652,1.0,0.3584480264029974,1.0
219.193005744795,106.79265206550008,3.0,0.3629583194251145,1.0
83.6046248403294,45.07673471549052,2.0,0.24101382072450933,1.0
8.34597293180958,4.454917599165094,4.0,0.3799274103880286,1.0
283.993713602633,124.50017020690501,2.0,0.413828436832763,1.0
65.3220640121556,44.858195946358386,2.0,0.3779851349519943,1.0
28.5682270618975,23.14538128020793,2.0,0.3163432785281414,1.0
1020.98637083597,348.65676284322643,5.0,0.4048174895557386,1.0
195.186546028242,195.186546028242,1.0,0.20720018969489762,1.0
1942.35746747973,1301.1368795937592,3.0,0.564672431323086,0.0
264.898917335529,69.5763908710227,3.0,0.4505497483473452,0.0
49.5758615746444,49.5758615746444,1.0,0.3088132510810721,1.0
190.190673843998,25.4156316386584,2.0,0.33528509706155896,1.0
188.220438644752,164.76074712645,2.0,0.2664323169184848,1.0
561.836149339989,315.21908591604245,3.0,0.31630784183067556,1.0
1154.47024756807,762.6360567938718,3.0,0.3277604388381372,1.0
153.528063199272,83.30824970294908,3.0,0.4895999253027827,0.0
192.080251464737,71.67508315611316,3.0,0.2824470196588611,1.0
1946.23921928469,422.7936345824329,6.0,0.4070529727816107,1.0
145.620606246324,22.202615340805394,3.0,0.306680033100785,1.0
376.287363352803,77.74721292880605,3.0,0.36350524028402054,1.0
31.1335516962544,31.1335516962544,1.0,0.3899936641104482,1.0
7.78339664798224,3.6273974090418535,2.0,0.2744998304891758,1.0
748.279429442215,91.76836494264923,4.0,0.3465272318601329,1.0
17.4093302059106,7.354340795367709,5.0,0.3234364482401164,1.0
1254.58533271468,241.5697544946352,2.0,0.4154856165238084,1.0
359.165142910185,359.165142910185,1.0,0.35610599453671354,1.0
45.579664711082,45.579664711082,1.0,0.3813194780422096,1.0
86.0417985190761,21.041048986967482,6.0,0.4527365844517503,1.0
1426.0888939041,503.9968037392832,4.0,0.380027144374396,1.0
255.76667555143,47.87752677304694,5.0,0.4646421084528742,0.0
1632.37552650876,851.7661740531856,2.0,0.3500101632295264,1.0
1104.61307974319,327.210130585057,4.0,0.4167686568481202,1.0
471.961648512686,471.961648512686,1.0,0.2997036546847268,1.0
421.99959252559,154.3077573650384,5.0,0.286567837209622,1.0
118.583430384209,115.2347847142885,2.0,0.4541785532841024,1.0
121.16488247643,19.96274256628625,3.0,0.32867360823035435,1.0
316.687987053051,54.34200509122202,4.0,0.5179896793033789,0.0
10.829875912929,10.829875912929001,1.0,0.3407311753745994,1.0
56.9425439592042,11.875996992726368,4.0,0.45809175887463355,0.0
384.710609326439,147.02609439947594,5.0,0.443715028562553,1.0
13.9905195597079,13.9905195597079,1.0,0.30588191653559377,1.0
1384.89490292277,1227.228884769784,2.0,0.49822160020268785,0.0
1785.8700491235,302.04307896533936,3.0,0.48614816249910964,0.0
1044.17637410364,170.40800948263768,4.0,0.43030375756672956,1.0
1089.24840338454,1089.24840338454,1.0,0.34509633107522414,1.0
187.6513227518,187.6513227518,1.0,0.31887597304881793,1.0
20.6599926460844,20.6599926460844,1.0,0.3378352592069299,1.0
638.798950420832,359.6254710263659,3.0,0.5636355705934536,0.0
955.937144478882,440.4266711824627,3.0,0.29483839287640284,1.0
73.8472537342228,31.72163984604828,2.0,0.23998660930182783,1.0
1354.3570034604,1354.3570034603997,1.0,0.36685785657327263,1.0
81.4530886259058,47.81135807426745,2.0,0.36035529868472754,1.0
814.651186035408,632.6550791998864,2.0,0.3883320550142815,1.0
165.811773151968,95.12764405936245,3.0,0.40454101060932784,1.0
789.201212757678,789.201212757678,1.0,0.3555219033846357,1.0
567.359062558058,76.31913961505404,2.0,0.33946967728882627,1.0
286.324986800892,177.1773524946662,2.0,0.5050438763839108,0.0
182.403754602813,54.07988960828634,2.0,0.28147663792105176,1.0
119.718171850753,28.180000089228482,4.0,0.45659222146558487,0.0
243.33282964459,60.65476003533751,4.0,0.2890448277276831,1.0
162.08389805727,162.08389805727,1.0,0.3474046771340301,1.0
442.720978485988,442.720978485988,1.0,0.3927615399574269,1.0
756.331842811869,756.3318428118691,1.0,0.31889043247968957,1.0
1665.74904448496,1397.9434265465784,2.0,0.23931165481041822,1.0
918.611311051166,416.69625423260885,2.0,0.35602867558371587,0.0
194.420672912039,38.47607520638204,6.0,0.4690059885044194,0.0
128.054173509685,30.454165757085015,4.0,0.4391410753103826,1.0
5.86675452404113,4.119070776721566,4.0,0.37508143280850814,1.0
497.972319348129,265.8671043538741,3.0,0.3251516678456811,1.0
409.877784148083,279.7565240978888,4.0,0.3770460571916503,1.0
41.7857357829269,41.7857357829269,1.0,0.32452053963058397,1.0
259.295288382297,259.295288382297,1.0,0.3859426655798716,1.0
408.798327085487,114.23028278741397,3.0,0.3162902943219302,1.0
595.177483473478,336.48957167891814,4.0,0.4072589111626035,1.0
554.302803596497,124.78463717277897,3.0,0.40693156495020316,1.0
24.3500303508295,8.454180803335998,3.0,0.3954872774889728,1.0
2028.92671806277,1094.2672099389158,2.0,0.5862449815743491,0.0
2434.10482322203,542.464407511922,6.0,0.3951951260745262,0.0
197.874128787409,138.26156676561274,2.0,0.4137350221584709,1.0
4.15259137004747,3.684677616546888,2.0,0.3664398351390983,1.0
5.91506784160941,5.91506784160941,1.0,0.38783900156027107,1.0
258.876744306022,258.876744306022,1.0,0.4399903049571537,1.0
748.85040441055,126.25204919901975,3.0,0.4990454345818669,0.0
1726.85430101178,1726.8543010117803,1.0,0.34711946451655046,1.0
779.122472076674,196.52757452018133,2.0,0.4002254925947276,1.0
48.7238238424355,18.216772738522963,3.0,0.30857538946808644,1.0
24.3533117614361,10.442081545289126,4.0,0.3821421963143711,1.0
26.8766226671778,13.724613601741218,2.0,0.39173442713547396,1.0
60.7793139763982,19.98792416633121,3.0,0.45795567532710435,1.0
14.2567135193718,8.655229803487423,2.0,0.3772716321479831,1.0
404.409516267178,322.7439973341742,2.0,0.3117952705297206,1.0
471.540969360377,471.54096936037695,1.0,0.28579097471512666,1.0
93.8441192258414,24.544904333206755,4.0,0.45650241952494175,0.0
878.893913341245,134.07293174378003,2.0,0.3474608893205649,1.0
145.373496708482,52.72169125536925,2.0,0.3442659636124895,1.0
1433.83216793914,253.68556030789114,2.0,0.25797505558345346,1.0
59.2914682019325,21.80132289907485,3.0,0.4658116041164439,0.0
107.062815262285,90.5399796787993,3.0,0.37629160900967457,0.0
500.637039984483,73.70756867618613,3.0,0.41593493213703575,1.0
421.566534802401,122.2817444608403,2.0,0.330372980041188,1.0
17.1750012472271,17.1750012472271,1.0,0.3898464624276561,1.0
199.864211108205,131.2818935095401,2.0,0.23964332960958798,1.0
1071.15351453128,558.2956821591188,5.0,0.4213529919914695,1.0
108.962248935922,108.962248935922,1.0,0.37839963402238835,1.0
525.066392381247,116.93514816769157,2.0,0.31645766197683234,1.0
521.789789636276,311.75313505077287,3.0,0.3559734426047263,0.0
908.920577275984,368.1897905916867,4.0,0.3749826733193801,1.0
995.524805718597,730.0974411508556,2.0,0.402000557555968,1.0
3.41552770370507,3.41552770370507,1.0,0.3989794543650923,1.0
121.517764283519,33.51792804900734,4.0,0.40215472482959663,1.0
585.887878146132,338.31958263018964,3.0,0.40533682947554817,1.0
268.574255286181,66.97707078554063,4.0,0.4403527589221245,0.0
1635.66311518839,1635.66311518839,1.0,0.42950553525884977,1.0
760.71650728533,110.241167815218,5.0,0.41031063294621595,1.0
63.5774984894083,31.395016252372553,4.0,0.4230645105121979,0.0
57.4216442056115,57.4216442056115,1.0,0.37309860302952863,1.0
56.5738956472765,23.968926607997027,4.0,0.49789458561211736,0.0
271.384379976413,67.74620646524538,3.0,0.3754269691668361,1.0
56.7896741756033,56.7805076373654,2.0,0.3513364186252222,1.0
134.344168511212,134.344168511212,1.0,0.22487723910888868,1.0
69.0194682701352,33.52930780192396,4.0,0.47021728094289633,0.0
127.548538943416,47.21625362968287,2.0,0.26772296703125326,1.0
28.2762211902111,15.840900999905374,3.0,0.3288344079686187,1.0
475.906320810874,118.30327632384315,5.0,0.3375525162981343,1.0
58.6489054207702,28.4447180041487,3.0,0.4121059379542627,1.0
34.5962106563086,22.04019488014253,2.0,0.2943822881091571,1.0
15.295584840151,8.976594013842428,2.0,0.3953579148261044,1.0
18.9367356284702,14.217454372317432,4.0,0.49524592117663313,0.0
562.19082477455,562.19082477455,1.0,0.33733752792004845,1.0
744.389228696878,177.65573828150022,3.0,0.33222542012540834,1.0
332.561439122652,332.561439122652,1.0,0.29947889807372036,1.0
1012.85710596558,545.2902062836326,3.0,0.43345854383370147,1.0
219.193005744795,57.39278146883909,5.0,0.3429725509754281,1.0
39.8572334485356,10.480035135315935,2.0,0.3632182162720505,1.0
83.6046248403294,26.39855535110646,3.0,0.3261298985784423,1.0
436.620800189576,436.620800189576,1.0,0.3493440618128429,1.0
32.3585705587807,12.041931145209068,2.0,0.3113938359142726,1.0
142.095192427434,37.610027051297976,3.0,0.19518133421346517,1.0
27.126098266873,27.126098266873,1.0,0.3580782917440278,1.0
2429.20872836877,2429.20872836877,1.0,0.2993675901856566,1.0
312.495058428768,209.6339583467065,2.0,0.4290942464325864,0.0
121.579168250373,31.83951198671922,4.0,0.3590057164016238,0.0
23.0353643437418,20.593817665774523,2.0,0.35599927887689353,1.0
2344.50158233239,2344.50158233239,1.0,0.29994560960054845,1.0
50.6661718421615,50.291617555961345,2.0,0.5082343403451114,0.0
223.363987755579,223.363987755579,1.0,0.23250791019258887,1.0
561.836149339989,561.836149339989,1.0,0.256806604318722,1.0
279.433929202476,279.433929202476,1.0,0.32024470551226025,1.0
1154.47024756807,427.5312610164339,3.0,0.34229444881054755,1.0
2.92524434980928,2.8955736228748936,2.0,0.4278723928895477,1.0
1442.91673059993,681.0612856237115,2.0,0.4467484117103256,1.0
4.80191391482694,4.80191391482694,1.0,0.4212020709416894,1.0
167.83328578539,167.83328578539,1.0,0.41222759955011706,1.0
748.279429442215,258.2535255708319,2.0,0.31986895036079244,1.0
648.729128748478,301.07362519011656,2.0,0.34558587868269997,1.0
260.644028619572,130.41612416728037,3.0,0.26076981058591864,1.0
359.165142910185,65.62550418519041,5.0,0.3747336156724747,1.0
221.744537984991,221.744537984991,1.0,0.32330104791270337,1.0
390.119514670004,390.1195146700039,1.0,0.43069604717792676,1.0
15.2409039855197,13.544042300605371,2.0,0.3202155078309531,1.0
86.0417985190761,56.34556296739751,5.0,0.43480498435110276,1.0
255.76667555143,67.03575354470577,3.0,0.25249314824271996,1.0
1104.61307974319,1104.61307974319,1.0,0.2890965682051316,1.0
64.7638441823314,55.02922613467273,2.0,0.395883076162471,1.0
102.704784408491,30.614355680009187,4.0,0.2333670167266392,1.0
134.384949308132,72.97851734326532,2.0,0.40216826213515916,0.0
310.6671533847,150.3073082729771,3.0,0.22231330776807856,1.0
2306.78929746142,579.1343430072715,4.0,0.3647546201242142,1.0
316.687987053051,51.47229153781269,4.0,0.3565976609421211,1.0
56.9425439592042,15.57795260998766,5.0,0.2896854526105728,1.0
1090.95469247049,280.30722921383807,2.0,0.39592422153587276,1.0
1862.22052307799,539.2750326779227,2.0,0.43845480678682597,1.0
1044.17637410364,449.64828757536515,2.0,0.3155731655920584,1.0
53.9798506844022,39.54706989135373,3.0,0.544119276499506,0.0
288.981544273769,234.3716084015913,2.0,0.4144607103789552,1.0
264.856025034847,38.02830958660854,4.0,0.33674059380140603,1.0
155.915716299137,64.27651806125627,5.0,0.3472406123553939,1.0
14.6324575077093,5.423213158231135,5.0,0.3524924571006932,1.0
638.798950420832,261.0556897577848,4.0,0.23215700251684482,1.0
268.629210276282,63.116326797463095,3.0,0.379839493974221,1.0
265.355964122032,105.59307960217903,4.0,0.4088552633844628,1.0
37.5330187000616,37.5330187000616,1.0,0.43988371293143763,1.0
1354.3570034604,363.0759909048744,2.0,0.3232706949147386,1.0
81.4530886259058,63.48358595255413,2.0,0.41729894887541974,1.0
13.8105895689977,9.279999393306442,4.0,0.3671884382061768,1.0
410.977595669333,160.67775172967055,4.0,0.28226256016443496,1.0
165.811773151968,109.36439838395603,3.0,0.35478753552571346,1.0
9.75343295747487,8.087840397045811,3.0,0.30469008822978527,1.0
789.201212757678,102.8635341582568,2.0,0.3620833479651099,1.0
39.0034444690509,16.154673559427163,2.0,0.2649035913718922,1.0
155.11900239662,35.488682257616574,4.0,0.3377507154276554,1.0
732.673429470805,165.99916091203642,3.0,0.3917852937629414,1.0
976.858833519982,164.70031212348886,4.0,0.5264444291719615,0.0
411.561439012934,118.07093790030468,4.0,0.3588393981060804,1.0
2855.36448008476,362.71009451437214,4.0,0.47079144940950335,0.0
841.896077125677,841.896077125677,1.0,0.33192790734934474,1.0
1326.05822605174,1326.05822605174,1.0,0.41086624027390123,1.0
13.4944513045018,8.400228084771788,3.0,0.4159078719057281,1.0
442.720978485988,318.87034025006375,2.0,0.34222282334219456,1.0
24.5029567401674,24.5029567401674,1.0,0.487086980514365,1.0
170.024231604401,34.609576763817294,4.0,0.3679780482836355,1.0
14.7320901486783,12.017469675209695,4.0,0.4837704967837474,0.0
1665.74904448496,1425.7917801557353,2.0,0.2686673627896035,1.0
1265.28985577508,368.77847025395977,3.0,0.38745624114402105,0.0
16.2068194051526,16.2068194051526,1.0,0.26187159868815035,1.0
41.8384727598992,12.73734390674728,3.0,0.35757256206032,1.0
372.608863891303,174.30394747123012,5.0,0.4389099806833847,1.0
497.972319348129,403.37054595097624,3.0,0.35378274357831174,0.0
41.7857357829269,30.955938399503747,3.0,0.45046806827745234,1.0
21.6534801620603,21.6534801620603,1.0,0.3090451386112756,1.0
595.177483473478,103.1217049883381,3.0,0.3349099810730112,1.0
421.979354380257,159.15316096573048,2.0,0.4231015556887706,1.0
415.759670976845,52.64651680062319,5.0,0.4226090863560033,1.0
2028.92671806277,2028.92671806277,1.0,0.33053895337530703,1.0
2434.10482322203,313.2619048251048,5.0,0.5264289016959518,0.0
4.15259137004747,3.203920447355671,4.0,0.4784444598527595,0.0
102.936916566595,43.81805149018299,2.0,0.23385497791218246,1.0
1002.93427211663,520.8008955478012,4.0,0.34776941187523264,1.0
779.122472076674,147.44741821826773,3.0,0.33469233863308906,1.0
1375.49438140798,1375.49438140798,1.0,0.31158037792196663,1.0
113.981304887846,31.56778434060234,3.0,0.4594035833580228,1.0
325.525768004034,77.8577129095721,2.0,0.34576948092227955,1.0
28.0917092498657,19.67087081563006,2.0,0.30806822824128094,1.0
174.891175338575,69.16968951203346,3.0,0.35171600418932975,1.0
67.7946860134887,39.243646732872826,3.0,0.32404701429155913,0.0
40.1836249902031,30.252144779779595,4.0,0.4288831174804,1.0
1451.20466330757,1451.20466330757,1.0,0.33907594716031175,1.0
404.409516267178,70.93724737238374,2.0,0.36825027190803533,1.0
471.540969360377,57.852370737003284,4.0,0.39992854268411027,1.0
93.8441192258414,66.78129830357176,3.0,0.28298206857732416,1.0
878.893913341245,878.893913341245,1.0,0.3040843573660994,1.0
1433.83216793914,930.5846450354775,2.0,0.40948367343111886,1.0
59.2914682019325,23.56853847667495,2.0,0.214452489560535,1.0
442.699538650302,442.699538650302,1.0,0.35859283414767196,1.0
75.2239222651787,31.870915034658765,3.0,0.31073362773488267,1.0
28.9536026402525,28.953602640252498,1.0,0.40801820217379775,1.0
440.869392872054,440.869392872054,1.0,0.3968290811081862,1.0
1284.23053146792,173.65517635491778,4.0,0.34231379460649847,1.0
43.8976911678755,17.7849317752136,5.0,0.37843062101985125,1.0
12.9489975211381,9.774712546923942,2.0,0.5482755579667996,0.0
203.5969160322,203.5969160322,1.0,0.2949525538092624,1.0
1071.15351453128,418.1203938219647,2.0,0.3899383605346473,1.0
23.9937094523245,11.385860058030747,4.0,0.3596510578372278,1.0
51.8118505474514,27.566911796490764,2.0,0.3273483627361656,1.0
6.67975581183112,6.67975581183112,1.0,0.3810113824591459,1.0
121.517764283519,97.65918829595938,3.0,0.49492077744962637,1.0
221.32813438528,105.15137916075882,2.0,0.4303693449351225,1.0
1635.66311518839,1635.66311518839,1.0,0.3292442549877423,1.0
33.681781993977,15.872348495950867,3.0,0.3596640520594043,1.0
26.0204779643292,15.181407388411406,4.0,0.5395995628293762,0.0
63.5774984894083,40.06369752554772,3.0,0.4365809526610829,1.0
56.7789878245134,31.09138092684323,2.0,0.197361818470897,1.0
134.344168511212,42.114378982372855,6.0,0.3257338997003517,1.0
16.3555998097392,12.53239747625331,2.0,0.37110248938345136,1.0
54.0376631630085,26.977831720979722,3.0,0.5257045834277554,0.0
33.871163626485,20.684684040494094,3.0,0.4877404123619231,0.0
39.2911329528822,12.97837383229936,4.0,0.3416004334191411,1.0
526.323756290085,110.47690868248566,3.0,0.44637954811565556,1.0
304.640067252507,173.29749310335617,2.0,0.33133610231144844,1.0
606.413677284636,106.69060379812906,4.0,0.36702832160046855,1.0
340.198361973455,47.375005904280954,4.0,0.33190936470746574,1.0
18.6482158687839,17.811835185026286,2.0,0.35154520853165966,1.0
34.5962106563086,34.5962106563086,1.0,0.41914867979753495,1.0
43.2988094627305,19.30554526008456,3.0,0.3907542565298866,1.0
18.9367356284702,9.850355889393168,3.0,0.3830240957128045,1.0
744.389228696878,156.02291804663557,3.0,0.48010100785470755,0.0
2953.74324223248,1710.9180512102016,2.0,0.45720764922227064,1.0
112.551394640162,100.28120015868842,2.0,0.26981251578656906,1.0
447.537588963163,82.84824609465468,4.0,0.3683934642496818,1.0
32.3585705587807,13.998620058623173,2.0,0.428856482430604,1.0
11.8099089013439,9.387751674647026,2.0,0.40324586174679095,1.0
283.993713602633,68.80776602290135,3.0,0.4208381504121956,0.0
312.495058428768,283.95987246714895,2.0,0.36643415046829303,0.0
28.5682270618975,23.16741817175594,2.0,0.3955497479480131,0.0
115.157728052386,71.0088600109037,4.0,0.35693416474373174,1.0
195.186546028242,182.6746841004953,2.0,0.28732004314550436,1.0
23.0353643437418,20.497607441996355,2.0,0.39571194253388126,1.0
264.898917335529,48.81155873404616,3.0,0.49791255024993214,0.0
51.5627016817566,51.5627016817566,1.0,0.32734499347184004,1.0
190.190673843998,129.41393220781188,4.0,0.37748672658678306,1.0
6.48561157005944,6.485611570059441,1.0,0.36971218007497053,1.0
279.433929202476,279.433929202476,1.0,0.2581220020868404,1.0
1154.47024756807,1136.8673670644357,2.0,0.5306966751793888,0.0
1946.23921928469,1946.23921928469,1.0,0.33839311523547655,1.0
376.287363352803,376.28736335280297,1.0,0.2769874956329345,1.0
31.1335516962544,27.615472388423974,2.0,0.40468453950408123,0.0
167.83328578539,167.83328578539,1.0,0.33306079104219793,1.0
748.279429442215,176.53906736465433,4.0,0.39110301774992495,1.0
58.8487320366997,40.846751130579264,4.0,0.2729086637921964,1.0
221.744537984991,221.744537984991,1.0,0.39636205684052084,1.0
61.4825753937628,19.268924049892743,3.0,0.452241820627889,1.0
1104.61307974319,327.39077004167893,2.0,0.22401482741839385,1.0
64.7638441823314,17.835210340917605,2.0,0.3145964555620988,1.0
102.704784408491,59.74023080208295,4.0,0.2377371641585952,1.0
134.384949308132,134.384949308132,1.0,0.3374379920709554,1.0
26.7630095141563,16.565313084500087,3.0,0.2822403928940326,1.0
421.99959252559,421.99959252559,1.0,0.2810531698138147,1.0
2306.78929746142,614.1131772310382,4.0,0.3757093795428106,1.0
145.735796183054,76.22780082170229,2.0,0.2019536784856605,1.0
16.8016645808103,14.260032476174674,2.0,0.3409798028143976,1.0
28.4347378733521,13.359507494070439,3.0,0.3809088021149431,1.0
1913.07218538742,568.9115972711149,3.0,0.3429401618907105,1.0
23.8521424344075,15.363546158499187,2.0,0.38474845698676785,1.0
16.3250847783211,7.6847451933414,2.0,0.3486822656484099,1.0
1090.95469247049,181.8621065457224,3.0,0.38062068139919625,1.0
182.066156201723,182.066156201723,1.0,0.417020161409269,1.0
338.490201566188,86.72426769009913,4.0,0.4452897571363371,1.0
1862.22052307799,1862.22052307799,1.0,0.30189706455417786,1.0
8.59950325770607,8.59950325770607,1.0,0.4166418472496807,1.0
20.4564112008272,11.822185448840411,2.0,0.4461536434973576,1.0
7.79693169454377,5.857003800719579,2.0,0.3373550046814585,1.0
52.8173158332396,52.81731583323959,1.0,0.41616856194418184,1.0
1785.8700491235,240.6162756424372,4.0,0.38566654454647287,1.0
16.0687767250964,16.0687767250964,1.0,0.3881530020894169,1.0
41.952529273433,41.95252927343301,1.0,0.37121121284905495,1.0
569.90488934028,569.90488934028,1.0,0.29644667897732624,1.0
264.856025034847,95.91224049966749,4.0,0.32230433906624545,1.0
155.915716299137,155.915716299137,1.0,0.31660677277332505,1.0
14.6324575077093,9.27401768261815,2.0,0.4330850779273247,1.0
638.798950420832,614.7054277239472,2.0,0.38491475795626906,1.0
897.924075215511,163.45687422260966,4.0,0.3790412379876196,1.0
1038.62506633674,849.1617869164029,3.0,0.42981209021254013,0.0
268.629210276282,140.56000969078232,5.0,0.3508503736483012,1.0
73.8472537342228,17.21780674950846,5.0,0.49240002591376036,0.0
61.437603013226,61.437603013225996,1.0,0.32754233104926617,1.0
81.4530886259058,81.4530886259058,1.0,0.280788761957046,1.0
106.359152793595,30.54712479768958,2.0,0.2082514376404122,1.0
47.9924181127362,17.112754701849028,2.0,0.3660884070454403,1.0
814.651186035408,458.0903404009576,2.0,0.32457603740128826,1.0
288.444467162232,288.444467162232,1.0,0.3013657669711357,1.0
58.7603780103609,58.7603780103609,1.0,0.3426898817296241,1.0
1643.22748238282,480.535018746978,3.0,0.5226155784501123,0.0
31.5517098330138,24.818342462276924,3.0,0.40981117558924046,1.0
935.098020920619,305.19580605720887,4.0,0.28472419521405556,1.0
75.9281236731432,17.367699026698194,3.0,0.3988736346947024,1.0
2855.36448008476,954.8443748918122,5.0,0.46980015229326294,0.0
179.269744617023,179.269744617023,1.0,0.3539842763158761,1.0
1602.60375985505,1274.5762688815792,3.0,0.36577473541399896,0.0
841.896077125677,841.896077125677,1.0,0.428259986240722,1.0
44.4966521909151,44.49665219091511,1.0,0.2756237285876921,1.0
243.33282964459,58.14772086354017,3.0,0.256281578921929,1.0
190.931199937271,80.04339160827844,4.0,0.3291971536889962,1.0
150.074405075516,111.77313421417271,2.0,0.46098437459761826,1.0
15.5077889472238,15.5077889472238,1.0,0.35522789885827855,1.0
141.074103209426,141.074103209426,1.0,0.45231263661796817,1.0
17.9057855171836,6.101140581419987,4.0,0.3890847808276392,1.0
1665.74904448496,1236.6425376252928,2.0,0.39700730060386286,1.0
25.8037304926865,20.607856194764857,2.0,0.2749846064044454,1.0
1265.28985577508,893.3753635159067,2.0,0.3403816911320729,1.0
278.544124140417,109.81615858192745,2.0,0.49873718820257235,0.0
918.611311051166,578.1281963533601,2.0,0.4013442235949179,0.0
858.012943301172,258.1255266988301,2.0,0.3331866327141924,1.0
36.1426249842568,36.1426249842568,1.0,0.28346122647625593,1.0
5.86675452404113,5.86675452404113,1.0,0.3063253012138021,1.0
41.8384727598992,14.819855094810265,3.0,0.32710753740231796,1.0
372.608863891303,181.093318512042,4.0,0.24624219100138278,1.0
338.447005788469,222.533927574789,2.0,0.3830999644208262,1.0
409.877784148083,377.73944044687175,3.0,0.3665093119524511,1.0
259.295288382297,73.18541479617195,2.0,0.29266584170698595,1.0
421.979354380257,57.60073972958033,2.0,0.366126989309069,1.0
554.302803596497,105.64077604142247,2.0,0.33151024068231244,1.0
169.183482103694,153.46720755749396,2.0,0.43508805764898295,0.0
48.5149887411471,28.871322303195107,3.0,0.36162014686022287,1.0
2028.92671806277,902.3069840484309,2.0,0.3184815637726094,1.0
197.874128787409,197.874128787409,1.0,0.36607265804292644,1.0
748.85040441055,127.66377702516593,3.0,0.3573253528584383,1.0
1375.49438140798,1375.49438140798,1.0,0.3374532117502928,1.0
41.5864843778729,34.87271071330701,2.0,0.4715202956977177,0.0
14.2567135193718,14.256713519371798,1.0,0.26265425327588127,1.0
40.1836249902031,40.1836249902031,1.0,0.36742679591876465,1.0
92.6098978906252,78.85479583865882,2.0,0.3604917487383055,1.0
1451.20466330757,1451.20466330757,1.0,0.3985334168754543,1.0
878.893913341245,121.38686138760391,2.0,0.29644321187266137,1.0
145.373496708482,37.15770349836457,3.0,0.30965075854003415,1.0
59.2914682019325,21.830611287399027,2.0,0.3754376787888723,1.0
188.898732945774,153.86970538798053,2.0,0.44959229505080994,1.0
25.8856582158938,18.859916695735297,3.0,0.21790242711458374,1.0
75.2239222651787,34.10163767332199,3.0,0.41596611969562425,1.0
500.637039984483,130.05471226579706,5.0,0.40510126425547927,0.0
440.869392872054,57.55562002976479,6.0,0.4667014381635552,0.0
2048.18761397984,397.7199744340985,6.0,0.35160206341598266,1.0
495.727848365491,495.727848365491,1.0,0.31805375509670997,1.0
520.582625951566,98.42154828370825,3.0,0.21550714744929547,1.0
203.5969160322,179.08057338320057,2.0,0.37245419262864016,1.0
33.6023157007986,33.6023157007986,1.0,0.3429482403969343,1.0
69.0589240696578,44.921648171670846,3.0,0.3163439057195394,1.0
525.066392381247,408.93420507737824,3.0,0.3887535157147875,0.0
101.262990418625,101.262990418625,1.0,0.30047530190538996,1.0
995.524805718597,995.524805718597,1.0,0.4192528718199139,1.0
121.517764283519,121.517764283519,1.0,0.3372420657173893,1.0
1062.75639061887,300.2379953040164,3.0,0.467228856674484,0.0
34.0703364446952,34.0703364446952,1.0,0.4166141946649916,1.0
268.574255286181,73.65053049848875,2.0,0.3452866943599306,1.0
760.71650728533,116.50076366493097,3.0,0.3695138039329713,1.0
63.5774984894083,24.66438439373646,5.0,0.3549913580437792,1.0
44.7652331921766,44.7652331921766,1.0,0.42103514167899475,1.0
26.7209757274748,18.35954999906798,2.0,0.36405210277026323,1.0
19.8040379912398,8.757421479868324,2.0,0.41935528034626035,1.0
13.1836577149965,9.24924694421701,4.0,0.4472793792653446,1.0
39.2911329528822,17.75453890593815,2.0,0.35240076970717105,1.0
13.1058517532639,13.105851753263899,1.0,0.37293432898221124,1.0
8.3084644248194,8.3084644248194,1.0,0.4215324449129918,1.0
28.2762211902111,13.604120971451357,3.0,0.37012604093847684,1.0
606.413677284636,222.641514424472,2.0,0.4118667302175911,1.0
340.198361973455,340.198361973455,1.0,0.2268732276719934,1.0
34.5962106563086,28.024926162401833,3.0,0.48571993347676873,0.0
2177.92629788589,2177.92629788589,1.0,0.31380428115351855,1.0
562.19082477455,387.36186329729094,3.0,0.3518770698147424,1.0
9.88227872215649,5.489636038036265,3.0,0.33054386410734815,1.0
112.551394640162,27.964593480173065,4.0,0.38786534986406185,1.0
284.463108952113,233.76700067180272,2.0,0.41938653998974373,1.0
32.3585705587807,13.935452101828186,2.0,0.41872765640446785,1.0
40.5746194687488,19.6442654714823,2.0,0.30232154813865336,1.0
142.095192427434,43.16011372106561,2.0,0.3626760645672819,1.0
283.993713602633,157.4323290225686,4.0,0.4776423516957618,0.0
1068.62590462711,285.406794489452,2.0,0.18508614556688308,1.0
2429.20872836877,2429.20872836877,1.0,0.41936879424790263,1.0
28.5682270618975,28.5682270618975,1.0,0.37490068864744985,1.0
1020.98637083597,1020.9863708359701,1.0,0.2784028305008575,1.0
115.157728052386,115.157728052386,1.0,0.45432066809145477,1.0
46.0367149738178,38.09445252227553,2.0,0.36499390551010163,1.0
227.261526377476,227.261526377476,1.0,0.3368719870072714,1.0
22.4146282116514,18.82874117414677,2.0,0.35733944279942725,0.0
23.0353643437418,23.0353643437418,1.0,0.3170395372751864,1.0
2344.50158233239,532.756265832926,3.0,0.29653099503809854,1.0
51.5627016817566,46.66092178857441,2.0,0.392657743019747,1.0
50.6661718421615,36.512405859636516,2.0,0.37457413199150963,1.0
4.64603029420535,4.64603029420535,1.0,0.2675228919273123,1.0
223.363987755579,46.35755244031827,6.0,0.3190823523813487,1.0
190.190673843998,58.30022969657446,2.0,0.3712737082410677,1.0
1154.47024756807,411.1562128053034,3.0,0.3274986305466466,1.0
404.463081874716,112.09685314037392,2.0,0.39119275485381366,1.0
573.714853844404,238.75409093558739,6.0,0.4451700498715926,0.0
23.7646696419608,8.219088252343342,3.0,0.4126459573078063,1.0
1946.23921928469,439.2938747996029,2.0,0.22273000682141758,1.0
833.920222423278,833.9202224232779,1.0,0.31898262832551255,1.0
376.287363352803,376.28736335280297,1.0,0.19811153151461897,1.0
33.1126033694278,33.1126033694278,1.0,0.2743739371676527,1.0
260.644028619572,49.83507521044606,5.0,0.40497877465324406,1.0
359.165142910185,230.89207044896972,2.0,0.4556259242872222,0.0
49.6180988829891,31.13842268491928,4.0,0.2908042056716867,1.0
390.119514670004,300.4126945917628,2.0,0.308760357403281,1.0
141.16095810988,128.50458507180605,2.0,0.2282723993806761,1.0
1426.0888939041,329.2171809782141,3.0,0.2677208572991006,1.0
17.5287810587115,8.68996231261288,4.0,0.3694606298371908,1.0
2533.14532907138,2533.14532907138,1.0,0.4646493472498958,1.0
1104.61307974319,167.39639067659417,2.0,0.34567454037847356,1.0
64.7638441823314,24.15541771710351,3.0,0.32821377774686794,1.0
134.384949308132,61.23845110356086,4.0,0.3276221156064026,1.0
421.99959252559,99.19819690480178,3.0,0.3240564511762934,1.0
2306.78929746142,975.009768362396,2.0,0.4109898505942357,0.0
178.526598526383,85.9902027951501,3.0,0.4131724263477782,0.0
145.735796183054,76.4597579207367,4.0,0.35777109934344486,1.0
121.16488247643,64.94515798711173,4.0,0.4019697340668393,1.0
316.687987053051,316.687987053051,1.0,0.3457980972662256,1.0
16.3250847783211,8.879864568182882,2.0,0.36424991981813215,1.0
384.710609326439,165.32494270754245,4.0,0.3432604191748333,1.0
44.3083851765389,33.02529798264106,3.0,0.3429948083977702,1.0
52.8173158332396,24.474988338080173,2.0,0.23504555860396675,1.0
1044.17637410364,282.45948433310815,3.0,0.4494144906907498,0.0
1089.24840338454,246.68449769796229,2.0,0.2329932310838559,1.0
53.9798506844022,18.98867840002337,4.0,0.49709011970910527,0.0
155.915716299137,39.190381339492994,3.0,0.4103871382052127,1.0
64.9352683337389,64.9352683337389,1.0,0.31074746770385664,1.0
638.798950420832,139.7998894913574,5.0,0.343109826544736,1.0
955.937144478882,460.57579011850345,4.0,0.5065222001905889,0.0
1354.3570034604,244.6803529460419,3.0,0.23176055289005434,1.0
61.437603013226,14.582947626305419,4.0,0.39946799497565977,1.0
81.4530886259058,15.906837994770596,3.0,0.41137897148708175,1.0
814.651186035408,267.04009252994695,5.0,0.3959713237467972,1.0
165.811773151968,165.811773151968,1.0,0.39844487541104284,1.0
2323.49262411971,317.42733779019795,3.0,0.33481537417972934,1.0
17.978237254366,12.40908019993647,2.0,0.42497915163267935,1.0
10.6133010217301,10.613301021730102,1.0,0.3793477693732808,1.0
39.0034444690509,39.0034444690509,1.0,0.31959703400867506,1.0
976.858833519982,976.858833519982,1.0,0.29958830947681336,1.0
15.2644157082924,15.264415708292402,1.0,0.26170086098429896,1.0
411.561439012934,184.49743280313942,3.0,0.3716274263290866,1.0
22.708909972599,15.916613652657405,2.0,0.4873055228555847,1.0
2855.36448008476,598.6350406845172,3.0,0.273462226623963,1.0
841.896077125677,164.45564691719838,4.0,0.4480706613964482,1.0
243.33282964459,75.0909762718697,4.0,0.343757355287402,1.0
190.931199937271,134.97802334194452,5.0,0.3420596248966558,1.0
442.720978485988,415.4543072912295,2.0,0.3139696149881846,1.0
15.5077889472238,12.41372922400461,3.0,0.44228125764581916,0.0
756.331842811869,176.88097669833462,2.0,0.4079188128420295,1.0
774.79668457504,305.18659862780595,5.0,0.3897661158134975,0.0
1665.74904448496,312.25123140349916,5.0,0.39980592091534956,1.0
25.8037304926865,25.803730492686498,1.0,0.3554482545341093,1.0
1265.28985577508,337.4626544371426,3.0,0.3687953637068212,1.0
194.420672912039,169.78233383439397,3.0,0.3387982231674487,1.0
36.1426249842568,15.489603594811527,3.0,0.4393753934315286,1.0
115.757163092216,46.725487611955145,2.0,0.3652696198056826,1.0
372.608863891303,105.70863401936941,5.0,0.3518050190136663,1.0
338.447005788469,184.95892894424114,3.0,0.5324104080490151,0.0
497.972319348129,497.972319348129,1.0,0.40784827225930015,1.0
259.295288382297,91.84921664202918,3.0,0.5194914819333863,0.0
42.5633486142372,42.5633486142372,1.0,0.3450249678404972,1.0
408.798327085487,186.34707717407483,5.0,0.32486559215579763,1.0
554.302803596497,490.81689178057184,2.0,0.4047579471147106,0.0
169.183482103694,121.71039318275513,2.0,0.4097618545488808,1.0
48.5149887411471,48.5149887411471,1.0,0.35409130387364923,1.0
95.6542961083112,26.34083913444017,2.0,0.3123083912026224,1.0
197.874128787409,197.874128787409,1.0,0.3191297417218947,1.0
258.876744306022,187.79328426287427,3.0,0.42531238471319366,0.0
102.936916566595,64.65723295760655,2.0,0.43706917379910254,1.0
1002.93427211663,1002.93427211663,1.0,0.364105824666647,1.0
1726.85430101178,444.910962985503,3.0,0.4187530981182126,1.0
779.122472076674,779.122472076674,1.0,0.3124420366273785,1.0
1375.49438140798,181.9598936979371,4.0,0.3094016177731692,1.0
13.2896612544132,6.2192120954281815,3.0,0.39328461500902856,1.0
174.891175338575,46.472470398832996,2.0,0.349544995771622,1.0
41.5864843778729,18.007227374623,3.0,0.37359163218741764,1.0
67.7946860134887,31.563802586375676,4.0,0.4884603778118424,1.0
40.1836249902031,21.778447428179568,4.0,0.32761803730043376,1.0
92.6098978906252,32.48671932615651,3.0,0.36812214797710113,1.0
999.097782367325,382.9190881101541,5.0,0.4197952052751459,1.0
21.3345359362202,7.038459300321951,7.0,0.5255796931769217,0.0
878.893913341245,158.59087285115146,3.0,0.3694215602164134,1.0
145.373496708482,65.25678028925437,2.0,0.2692023626020433,1.0
13.5457010546146,13.5457010546146,1.0,0.414875478765435,1.0
96.4646328871831,27.548077842276697,2.0,0.36982445068852526,1.0
1433.83216793914,1433.83216793914,1.0,0.3200190922838785,1.0
442.699538650302,98.47380244889028,5.0,0.2877314492451488,1.0
35.0486268707695,27.15792991870313,2.0,0.3646507637378821,1.0
188.898732945774,112.95140942881517,2.0,0.3966064931108757,1.0
41.0076655730775,31.085336012149817,2.0,0.4276890157184341,1.0
26.8927243563045,26.8927243563045,1.0,0.260061997675362,1.0
8.9193043652583,5.83844220423059,4.0,0.45216744917610346,0.0
500.637039984483,500.63703998448295,1.0,0.2783916245556555,1.0
421.566534802401,101.86763136810798,2.0,0.4243129347998549,1.0
28.9536026402525,21.26623232435959,2.0,0.41775608454509944,1.0
440.869392872054,440.869392872054,1.0,0.366965391731871,1.0
43.8976911678755,20.159345661506105,3.0,0.3191541087238453,1.0
29.2640184845862,29.2640184845862,1.0,0.3205367453452732,1.0
2048.18761397984,2048.18761397984,1.0,0.41533539323658647,1.0
17.1750012472271,6.886402869478119,4.0,0.3498146152055963,1.0
520.582625951566,110.33331582906484,3.0,0.38400484209257285,1.0
1071.15351453128,196.24312842530335,2.0,0.3640757206044245,1.0
33.6023157007986,16.70376741474693,5.0,0.4607199690350719,0.0
37.0870330396078,29.840555294223755,2.0,0.4757120609647957,0.0
525.066392381247,344.7701595602109,2.0,0.36420397368776924,1.0
908.920577275984,267.84745093552255,4.0,0.39610510416793154,1.0
106.287156090766,48.90651630431903,5.0,0.4698683012789471,0.0
221.32813438528,221.32813438528,1.0,0.36042883197525477,1.0
1635.66311518839,503.4811340831776,2.0,0.41299227888847806,1.0
760.71650728533,138.78842517557692,2.0,0.3354213398588616,1.0
18.9991969568242,13.077690845268007,4.0,0.37087931264870877,1.0
10.8445582519231,7.547985258694024,2.0,0.3684431035069059,1.0
63.5774984894083,24.96543973024681,3.0,0.4220056718173194,1.0
258.828796136688,93.90309427338194,3.0,0.3606495963557463,1.0
1780.06806377763,289.45242764504985,2.0,0.3910775654242694,1.0
415.274552567478,101.89707345640836,3.0,0.3159972308876075,1.0
56.7789878245134,32.971997579554014,3.0,0.25189639015964843,1.0
56.7896741756033,21.80368678964711,5.0,0.32740463098526834,1.0
794.264627622717,174.04687916708406,3.0,0.3538114131489842,1.0
39.2911329528822,39.2911329528822,1.0,0.23451387775375102,1.0
137.113797727622,83.36503370395596,2.0,0.5119583589957984,0.0
304.640067252507,54.71787173249345,6.0,0.38250665512883486,1.0
8.3084644248194,8.3084644248194,1.0,0.17746945111860954,1.0
160.65415020821,91.78829155657975,2.0,0.27195608764074974,1.0
606.413677284636,406.44853010438027,3.0,0.35741558334472057,1.0
333.920826280919,74.0974626938349,3.0,0.4058265170803848,1.0
33.9148080515986,21.5349597866904,3.0,0.4465289768679174,1.0
169.737383280269,59.25535747850387,2.0,0.25326565992045985,1.0
161.988980946505,66.08636134493133,3.0,0.34848779697333954,1.0
96.6774797679464,96.6774797679464,1.0,0.22202984831222272,1.0
7.60196422178552,4.751984951973057,6.0,0.362542729246827,1.0
133.516456854765,30.02466591227879,2.0,0.32201733246881437,1.0
9.88227872215649,9.88227872215649,1.0,0.4079841866668703,1.0
332.561439122652,100.91300443697291,4.0,0.32948523235404575,1.0
447.537588963163,146.71663659916487,2.0,0.42845647619312416,1.0
1012.85710596558,119.45490499676175,3.0,0.5794831600573959,0.0
107.271881325876,107.27188132587598,1.0,0.4175298358003468,1.0
284.463108952113,226.6005097577935,2.0,0.31671586751106295,1.0
436.620800189576,436.620800189576,1.0,0.2813775203445648,1.0
2429.20872836877,1216.750291881117,3.0,0.3397045377814117,1.0
312.495058428768,249.50532624730815,2.0,0.4448784592206089,0.0
115.157728052386,112.84669466248471,2.0,0.3450623192612511,1.0
1398.42764248867,812.3238046091278,2.0,0.37870202320055973,1.0
23.0353643437418,14.621702312711125,4.0,0.2693509818870764,1.0
50.6661718421615,40.43284341324696,2.0,0.5238635003339028,1.0
223.363987755579,38.44931991265066,6.0,0.389340464013361,1.0
188.220438644752,188.220438644752,1.0,0.30422313792361044,1.0
9.25832915733577,8.906107728202839,2.0,0.3676289023558034,1.0
279.433929202476,279.433929202476,1.0,0.3941324273358032,1.0
404.463081874716,404.463081874716,1.0,0.28027861448839836,1.0
1442.91673059993,428.90416968390656,3.0,0.39003655115951086,1.0
168.971490281826,31.410542739650282,3.0,0.39358559330919013,1.0
145.620606246324,27.388603210743003,4.0,0.4127846801025885,1.0
406.228869177924,302.0151918607998,3.0,0.38898485612046985,1.0
359.165142910185,273.02419184133043,2.0,0.26508144275731166,1.0
45.579664711082,8.304482467847592,2.0,0.4346936348168171,0.0
390.119514670004,111.41748990372464,4.0,0.4445404773337399,1.0
271.129315026397,118.65474688257336,2.0,0.42012147161991953,1.0
86.0417985190761,27.765582228505824,2.0,0.45802598368917796,1.0
1426.0888939041,1426.0888939040997,1.0,0.259785450883665,1.0
17.5287810587115,9.864143467269722,3.0,0.43890750141340656,1.0
1104.61307974319,234.13791701281704,4.0,0.4612467840776675,1.0
2306.78929746142,308.5336639015857,3.0,0.2648568536833424,1.0
178.526598526383,54.72287173580692,5.0,0.3641204256581156,1.0
118.583430384209,118.583430384209,1.0,0.2471384841501877,1.0
65.9447709599785,13.864086855633241,2.0,0.26534802077607633,1.0
121.16488247643,56.90116358419587,3.0,0.45396212756386967,0.0
316.687987053051,62.02278204447249,4.0,0.3420192544033248,1.0
1090.95469247049,1090.95469247049,1.0,0.4134929251140244,1.0
1862.22052307799,630.0058783083198,2.0,0.27371081539605496,1.0
1384.89490292277,721.6370457201947,2.0,0.49226494239896795,0.0
52.8173158332396,23.987162220988566,3.0,0.4816412092790015,0.0
115.013096920921,115.013096920921,1.0,0.3369775840825479,1.0
1044.17637410364,377.72642636998864,3.0,0.3340014180717031,1.0
1089.24840338454,303.0242192438411,5.0,0.34556657636569743,1.0
53.9798506844022,53.9798506844022,1.0,0.3810130367483208,1.0
569.90488934028,569.90488934028,1.0,0.3426358751033539,1.0
6.14584555231027,3.6342454783416156,3.0,0.33576109309846636,1.0
1038.62506633674,1038.62506633674,1.0,0.3931943915326819,1.0
268.629210276282,219.32129471856285,4.0,0.3710757880981804,0.0
955.937144478882,309.69586102090204,6.0,0.3619303962558204,1.0
16.6416780363256,12.466899392054724,3.0,0.37289418408608543,1.0
1354.3570034604,531.2581414339106,2.0,0.4075914667790807,1.0
81.4530886259058,34.24867135719156,2.0,0.33544803405793805,1.0
106.359152793595,106.35915279359502,1.0,0.2352016669988221,1.0
814.651186035408,814.651186035408,1.0,0.2751326443656474,1.0
2323.49262411971,821.9577443335569,5.0,0.36024351146306616,1.0
286.324986800892,118.30350954736657,3.0,0.2622891621663537,1.0
976.858833519982,976.858833519982,1.0,0.4530094487341028,1.0
3202.67406432029,425.68592459393307,2.0,0.41505911043041716,1.0
352.370815825173,352.37081582517294,1.0,0.40775270768653593,1.0
411.561439012934,97.96567854470415,5.0,0.3666897008454607,1.0
144.152768481495,70.48126230380208,2.0,0.37797645551595455,1.0
756.331842811869,175.60721177219034,4.0,0.36559646353154374,1.0
170.024231604401,61.2200203146008,2.0,0.4345348694186563,1.0
1265.28985577508,680.5747195404992,2.0,0.5122352114069273,0.0
50.0552678073483,14.446018218610442,5.0,0.5563108542453487,0.0
918.611311051166,269.16398547268557,3.0,0.36334318215518835,1.0
76.7871137657024,20.33590575513027,4.0,0.4293989102767094,1.0
858.012943301172,208.54675738177448,4.0,0.4105861117099834,1.0
41.8384727598992,13.543205525163446,3.0,0.40140940184541457,1.0
115.757163092216,17.543824776830505,3.0,0.3952334096570894,1.0
338.447005788469,338.447005788469,1.0,0.25002534662724557,1.0
497.972319348129,245.74018655842633,6.0,0.5106338166386234,0.0
52.844100656877,24.97305707465438,5.0,0.37029892039467394,1.0
481.029720072223,481.029720072223,1.0,0.4013324712990646,1.0
554.302803596497,123.56031539446572,4.0,0.3894785424012287,1.0
169.183482103694,60.874185750692774,5.0,0.5195941204630562,0.0
48.5149887411471,19.60462014269845,2.0,0.295788726315403,1.0
24.3500303508295,17.31051494119253,2.0,0.36651745684160864,1.0
2028.92671806277,393.3874254300395,4.0,0.25946682890320505,1.0
2434.10482322203,2434.10482322203,1.0,0.3552711651080099,1.0
258.876744306022,41.32155098344876,3.0,0.30244012434860074,1.0
0.0,2.67002226953239,1.0,0.41684629153316605,1.0
1002.93427211663,454.21307056999103,3.0,0.3264026870428153,1.0
393.712149103586,57.08069484535789,3.0,0.3036032000179877,1.0
26.8766226671778,16.031431675260748,6.0,0.4529947785253545,0.0
113.981304887846,101.55774275664058,2.0,0.49485171239558423,0.0
12.9349248663095,9.139583039949473,3.0,0.5175710211016592,0.0
76.6649113930869,31.266012057420458,6.0,0.25172058128656033,1.0
471.540969360377,77.89770508581192,2.0,0.28068670773428955,1.0
878.893913341245,181.7039380659368,4.0,0.5135703385922297,0.0
145.373496708482,145.373496708482,1.0,0.25308743103319525,1.0
1433.83216793914,1013.1974399580006,3.0,0.2883611836172252,1.0
442.699538650302,125.99945314353607,6.0,0.43704048546223456,1.0
41.0076655730775,17.805687867359964,3.0,0.3970920175378657,0.0
500.637039984483,165.54593383823357,5.0,0.4215090830651562,1.0
440.869392872054,88.56023553147126,3.0,0.35824355381679446,1.0
1284.23053146792,178.44213764205836,2.0,0.2555968112759279,1.0
2048.18761397984,289.94563482302584,4.0,0.4006623364429667,1.0
705.989661133262,705.989661133262,1.0,0.16538231115032087,1.0
12.6728331114496,8.82215002819938,2.0,0.3673903100508359,1.0
344.486910818836,78.04056053861294,2.0,0.2803872255160493,1.0
520.582625951566,152.8512540236928,3.0,0.2995759420035655,1.0
203.5969160322,32.90112834865876,3.0,0.46141585027593957,0.0
1071.15351453128,688.5262603960476,3.0,0.3785032450668145,1.0
16.0333925249138,11.378021191055943,4.0,0.49635675427585935,0.0
108.962248935922,108.962248935922,1.0,0.2947225912110138,1.0
995.524805718597,939.4710849014002,2.0,0.20773102876888253,1.0
1062.75639061887,324.4006271868101,3.0,0.4615583524493532,0.0
1635.66311518839,362.0862994276586,4.0,0.3846442426202298,1.0
760.71650728533,200.66954477935727,3.0,0.3698616673834216,1.0
26.0204779643292,16.708901125397375,4.0,0.5930971357150376,0.0
25.2946715743172,14.982203700657426,2.0,0.3693274265762748,1.0
57.4216442056115,57.4216442056115,1.0,0.3882210007438637,1.0
1780.06806377763,236.37693969259337,3.0,0.3862997595641976,1.0
56.7789878245134,28.52273116192572,2.0,0.3947390168924616,1.0
794.264627622717,122.98091287299879,4.0,0.40086506014242224,1.0
467.164995953222,323.12983212462734,2.0,0.399397980191731,1.0
16.3555998097392,11.44908378463409,4.0,0.38479734270630944,1.0
33.871163626485,15.684519315662664,3.0,0.42550027571024857,1.0
304.640067252507,50.86133646725578,4.0,0.3184372628347791,1.0
10.6022361066303,6.65912494003893,5.0,0.515216042190895,0.0
19.8992201534604,18.43147238616304,2.0,0.3049799934370236,1.0
606.413677284636,154.1729821236718,5.0,0.5063159642781064,0.0
340.198361973455,89.92825640223995,2.0,0.42240069967631866,1.0
111.157318897086,20.472250127356105,3.0,0.4187596489492745,1.0
43.2988094627305,19.831477061954157,3.0,0.34566957749372396,1.0
169.737383280269,169.73738328026897,1.0,0.27358409502504744,1.0
744.389228696878,453.4992884550608,2.0,0.2627165081842908,1.0
161.988980946505,98.54382917072319,2.0,0.38867458473236877,1.0
133.516456854765,133.516456854765,1.0,0.3790247912670085,1.0
1012.85710596558,610.2638004975283,2.0,0.36829950049198695,1.0
284.463108952113,173.98507313648852,4.0,0.435266149545194,0.0
39.8572334485356,22.525092661130124,2.0,0.3683804115728641,1.0
142.095192427434,48.55193329527784,5.0,0.2504688566434392,1.0
2429.20872836877,471.722687132003,4.0,0.31672389430890335,1.0
312.495058428768,242.60190778893121,2.0,0.33820571172238456,1.0
1020.98637083597,156.2831481349679,5.0,0.5339660240367181,0.0
164.041834345833,126.68295427909015,2.0,0.4959209583097265,0.0
121.579168250373,34.74181132660415,4.0,0.5635612914344771,0.0
1942.35746747973,326.1068487595331,3.0,0.3799236479971847,1.0
1458.87991579387,1458.8799157938697,1.0,0.3246518653500152,1.0
50.6661718421615,23.826866755589467,4.0,0.578715342043522,0.0
7.77505246766638,5.1687098922268,2.0,0.3828278424866173,1.0
223.363987755579,50.39472545004629,3.0,0.37094437697827126,1.0
188.220438644752,188.220438644752,1.0,0.43296888155085567,1.0
6.48561157005944,6.485611570059441,1.0,0.3112768134639153,1.0
38.9451192687841,38.9451192687841,1.0,0.3766854911659508,1.0
1154.47024756807,1154.47024756807,1.0,0.26383005935687426,1.0
12.5748180923172,4.484123255822604,5.0,0.38149529017737566,1.0
153.528063199272,153.528063199272,1.0,0.3647771634663535,1.0
573.714853844404,85.10416721429002,3.0,0.2854139571271833,1.0
548.942637068968,384.4306516232233,2.0,0.39199812947840074,1.0
1946.23921928469,366.0438738191059,5.0,0.3413940455692401,1.0
167.83328578539,121.39552958528655,2.0,0.34429306712485597,1.0
748.279429442215,257.56721360644576,2.0,0.4009725532842383,1.0
1254.58533271468,1047.494441654737,2.0,0.3278234481525289,1.0
648.729128748478,648.729128748478,1.0,0.3342719022069622,1.0
13.8275938273873,9.958551111793136,2.0,0.3994929280693593,1.0
221.744537984991,47.733857151481665,5.0,0.3816178295095491,1.0
141.16095810988,35.710963075169715,5.0,0.3333988289372723,1.0
86.0417985190761,21.213811942913438,3.0,0.47711618717188314,1.0
64.8071933865884,21.782534421929828,3.0,0.35889746911587705,1.0
1426.0888939041,552.4978225777622,2.0,0.308151253885706,1.0
122.946564289371,25.239200416217447,4.0,0.4245801398954619,1.0
469.435724699552,279.827947176,2.0,0.29088792613953635,1.0
146.867357951606,146.867357951606,1.0,0.4254888036877784,1.0
1104.61307974319,1104.61307974319,1.0,0.3802569009291737,1.0
7.58990397535718,5.357240409403232,2.0,0.33806078664974315,1.0
471.961648512686,425.0006643919699,2.0,0.4045676952659369,1.0
134.384949308132,54.66526522249785,5.0,0.4962627022142569,1.0
29.4912679528036,16.18107614681254,2.0,0.3635064924152221,1.0
310.6671533847,233.0568058896657,3.0,0.24689026783251306,1.0
2306.78929746142,288.5588900041137,5.0,0.40829456326392954,1.0
118.583430384209,84.5801366861076,3.0,0.39477443820631813,1.0
145.735796183054,49.8141202721039,4.0,0.32226867420926786,1.0
316.687987053051,316.687987053051,1.0,0.35478837458088847,1.0
1913.07218538742,235.47064916688387,3.0,0.4303726882275005,0.0
23.8521424344075,12.077298359356616,2.0,0.43405321128894264,1.0
56.9425439592042,23.96559777076588,4.0,0.34627921517720556,1.0
1090.95469247049,354.3990403775526,4.0,0.39002312946160816,1.0
182.066156201723,182.066156201723,1.0,0.35520040169126715,1.0
1862.22052307799,502.8409791312357,5.0,0.3626937599378177,1.0
1384.89490292277,182.77781668155222,3.0,0.39527882499725786,1.0
52.8173158332396,22.7500020823702,2.0,0.2867540467572988,1.0
141.844816807328,120.81286935804732,2.0,0.47796129998361186,0.0
1089.24840338454,182.9087889888583,4.0,0.2712546259362598,1.0
187.6513227518,52.360148455393194,5.0,0.35976932221418045,1.0
1711.06603877947,275.61201857224114,2.0,0.2555834318748256,1.0
265.355964122032,265.355964122032,1.0,0.36990530616052947,1.0
955.937144478882,955.9371444788821,1.0,0.2558535141864837,1.0
81.4530886259058,72.57113604277683,2.0,0.3500081309305851,1.0
814.651186035408,457.5009769590232,2.0,0.3730276425705761,1.0
47.0913748274384,32.14765074430358,2.0,0.38817322235468316,1.0
1643.22748238282,503.02854894302095,2.0,0.23644796740263524,1.0
20.7313050730804,11.154363947551888,2.0,0.4083863242283622,1.0
31.5517098330138,19.141407333528235,5.0,0.40056464019144855,1.0
3202.67406432029,590.6970013771225,2.0,0.3269300067687841,1.0
352.370815825173,352.37081582517294,1.0,0.3408980095662993,1.0
182.403754602813,182.40375460281302,1.0,0.2264379009195582,1.0
411.561439012934,411.561439012934,1.0,0.3387961973228599,1.0
13.8847290001131,13.8847290001131,1.0,0.3859876005443125,1.0
1602.60375985505,267.810093443663,3.0,0.2950349023054932,1.0
44.4966521909151,29.799843829623743,2.0,0.4210814066791684,1.0
442.720978485988,98.49836642205892,5.0,0.5080033901592862,1.0
141.074103209426,141.074103209426,1.0,0.4116800611288596,1.0
756.331842811869,756.3318428118691,1.0,0.23982342784585864,1.0
774.79668457504,282.3712023152954,3.0,0.32368616366763253,1.0
1665.74904448496,516.4491625330569,3.0,0.34106724205841854,1.0
1265.28985577508,1265.28985577508,1.0,0.3256621350203752,1.0
918.611311051166,287.712269359634,5.0,0.31861073850125,1.0
76.7871137657024,15.60663644110762,3.0,0.3566104523810455,1.0
194.420672912039,194.420672912039,1.0,0.36188787666899896,1.0
6.92918696776308,6.533113626093525,2.0,0.5129765486387784,0.0
5.86675452404113,5.86675452404113,1.0,0.3133695910533556,1.0
372.608863891303,156.15736711090437,2.0,0.30722024552685634,1.0
16.4792754986199,16.4792754986199,1.0,0.42184270622116354,1.0
497.972319348129,176.30418980219443,3.0,0.41148439997380776,1.0
409.877784148083,80.86505378310218,2.0,0.31277310388586504,1.0
259.295288382297,173.16093812046722,4.0,0.3232481562444346,1.0
181.560285796427,25.938898813888347,4.0,0.43379179046742977,1.0
29.8044334727249,20.033818552761645,4.0,0.39208190933618925,1.0
595.177483473478,190.20541442875273,3.0,0.30772905283269947,1.0
554.302803596497,443.2556417797362,2.0,0.3094873553260195,1.0
169.183482103694,89.687804195413,3.0,0.39162644665004676,1.0
48.5149887411471,48.5149887411471,1.0,0.35942912469138005,1.0
2028.92671806277,999.3341638259412,2.0,0.4164976655899819,0.0
2434.10482322203,278.40370011911074,4.0,0.3801217255302219,1.0
197.874128787409,136.8938654043664,2.0,0.47907250963188835,0.0
78.7554806526715,78.7554806526715,1.0,0.3320984307477402,1.0
1002.93427211663,928.4763510518517,2.0,0.34203692872137637,1.0
1726.85430101178,392.7113690683511,2.0,0.3933077221466853,1.0
48.7238238424355,31.680077677943093,3.0,0.3475292735151632,1.0
325.525768004034,204.4910970664891,3.0,0.2610052353011249,1.0
174.891175338575,24.82183469407963,5.0,0.3863293671681597,1.0
67.7946860134887,27.6767021278862,4.0,0.30682761619018534,1.0
76.6649113930869,30.776225721845915,3.0,0.3246322457573175,1.0
404.409516267178,179.69791877588696,2.0,0.33341908308656687,1.0
262.441303004093,93.2864492997263,2.0,0.3325332790510061,1.0
145.373496708482,145.373496708482,1.0,0.3323546427177969,1.0
17.1472166268182,9.726236662307167,6.0,0.40701233858068636,1.0
59.2914682019325,27.378152560047265,2.0,0.37026454159156563,1.0
132.646197469737,18.578590827484973,6.0,0.558210147836004,0.0
41.0076655730775,24.362654190460116,3.0,0.29046744719456985,1.0
421.566534802401,74.43785521250469,2.0,0.437882291399498,1.0
440.869392872054,104.48161835636012,2.0,0.3731167142177664,1.0
7.41234103334734,6.983450671710583,2.0,0.3011599504479303,1.0
1284.23053146792,1284.23053146792,1.0,0.376287620635333,1.0
29.2640184845862,12.240270949178024,6.0,0.3644580223735009,0.0
705.989661133262,705.989661133262,1.0,0.3448373027425272,1.0
520.582625951566,193.27308357948593,4.0,0.3057180902660021,1.0
203.5969160322,37.38020933065523,3.0,0.41034460877725654,1.0
37.0870330396078,29.47538986650322,2.0,0.45216593032778707,1.0
995.524805718597,244.59527417490452,2.0,0.49840603632072616,1.0
51.8118505474514,34.588690882191976,2.0,0.4892587587933676,1.0
121.517764283519,27.636756588005465,3.0,0.31396521891310675,1.0
1062.75639061887,1062.75639061887,1.0,0.3162246375287595,1.0
268.574255286181,133.83239873997167,3.0,0.40549090434515345,1.0
1635.66311518839,1250.8928193999618,2.0,0.340002466321803,1.0
61.5909850054304,41.00124957576077,2.0,0.3407932622129138,1.0
760.71650728533,326.0755078206423,3.0,0.45766298432840297,1.0
18.9991969568242,11.875847620507248,5.0,0.39768518066141473,1.0
10.8445582519231,9.823182953768173,2.0,0.4335023784144524,1.0
25.2946715743172,25.2946715743172,1.0,0.34928425751547504,1.0
1780.06806377763,1114.8909816089517,2.0,0.25532007545750185,1.0
44.7652331921766,16.64687481439905,2.0,0.2243786371459496,1.0
5.17432214576335,5.17432214576335,1.0,0.38562572583314497,1.0
415.274552567478,412.09958585358567,2.0,0.3869962648275397,1.0
56.7896741756033,53.467188551111185,2.0,0.47841091953657267,1.0
134.344168511212,28.84574433375267,4.0,0.3416129698558812,1.0
63.1396197496188,34.49630419341695,2.0,0.3955770675675546,1.0
794.264627622717,794.2646276227168,1.0,0.38049791720662285,1.0
16.3555998097392,8.720965718005765,4.0,0.39720486875109445,1.0
69.0194682701352,28.988156277092187,5.0,0.346959502395768,1.0
39.2911329528822,14.555679710148226,5.0,0.4060269207340485,1.0
526.323756290085,88.7252206762965,7.0,0.42721228780548715,1.0
160.65415020821,101.5390260933179,2.0,0.3113525950052286,1.0
340.198361973455,340.198361973455,1.0,0.3985832809177035,1.0
177.733726904285,177.733726904285,1.0,0.31078482236477156,1.0
18.9367356284702,17.355142830711145,3.0,0.4842757993728538,0.0
2953.74324223248,2953.74324223248,1.0,0.3815631896496974,1.0
451.648930314641,451.648930314641,1.0,0.34263051120160537,1.0
133.516456854765,133.516456854765,1.0,0.3870630851963688,1.0
329.880022352294,329.880022352294,1.0,0.2916008701741191,1.0
47.6989304200398,47.6989304200398,1.0,0.37187273880382804,1.0
1012.85710596558,587.2110820289502,2.0,0.26307266824245973,1.0
219.193005744795,47.218510439235146,3.0,0.27666116073133534,1.0
83.6046248403294,45.2106017331494,2.0,0.24902168110984493,1.0
40.5746194687488,13.497917405775619,3.0,0.364860545187541,1.0
65.3220640121556,43.71379282862728,2.0,0.38739069028723766,1.0
312.495058428768,91.89338798821177,4.0,0.4937805721273622,0.0
21.8551814167054,21.8551814167054,1.0,0.43548175398251776,1.0
181.009120102771,52.36423101410796,2.0,0.28938815705552123,1.0
1398.42764248867,891.2853212879293,4.0,0.3674843052473883,1.0
2344.50158233239,465.062541450203,5.0,0.49901706854771977,0.0
6.187020494315,6.187020494315,1.0,0.3779970685155708,1.0
4.64603029420535,4.64603029420535,1.0,0.3887670777747123,1.0
190.190673843998,98.41147059488837,4.0,0.3526846027711925,1.0
561.836149339989,267.3597136377206,2.0,0.4088965380199452,1.0
12.8635887418857,7.653083630815949,4.0,0.49037908181927303,0.0
