subclone_1,subclone_2,subclone_3,subclone_4,subclone_5,total_tumor,days
655.0,25455.0,45055.0,18582.0,10253.0,100000.0,1
657.1969710492768,25535.065107723858,45195.09479136591,18563.444806705986,10281.707083813379,100232.50876065841,2
659.4012613788777,25615.10243620217,45334.88809851673,18525.551241747937,10310.19178663809,100445.1348244838,3
661.6129000528236,25695.109174296857,45474.36078899198,18465.02032943613,10338.450371507019,100634.55356428481,4
663.8319169930502,25775.082496118353,45613.493281828094,18377.585866758396,10366.479081303994,100796.47264300188,5
666.0583434120922,25855.01957499085,45752.26550961816,18258.410271536788,10394.274146450605,100926.02784600851,6
668.2922119227223,25934.917586568812,45890.65689648082,18102.352787454085,10421.831786997778,101018.05126942422,7
670.5335565379515,26014.773708837012,46028.646358060214,17903.969484053763,10449.148212625778,101067.0713201147,8
672.7824126710284,26094.585122110493,46166.21230152603,17657.51325674001,10476.21962264421,101067.31271569178,9
675.0388171343163,26174.349008990106,46303.332625469746,17356.934882407844,10503.042205975215,101012.69753997723,10
677.3028046882895,26254.062416864046,46439.98438355685,16999.270543559684,10529.612089840013,100900.23223850889,11
679.5744165260817,26333.722590020163,46576.14448831877,16577.696012737586,10555.925468031886,100723.06297563449,12
681.8536989047001,26413.32691560368,46711.78958772003,16083.427266805384,10581.978580466772,100472.37604950057,13
684.1406969832468,26492.872680115808,46846.895506050074,15511.517793258541,10607.767620874998,100143.19429728267,14
686.4354548229192,26572.357069413752,46981.437243923276,14860.858590224165,10633.288736801285,99734.3770951854,15
688.7380153870095,26651.777168710705,47115.38897827891,14134.178166460993,10658.538029604752,99248.62035844236,16
691.0484205409049,26731.129962575837,47248.72406238117,13338.042541359408,10683.5115544589,98692.45654131622,17
693.3667110520879,26810.412334934324,47381.41502581916,12482.855244941416,10708.205320351637,98076.25463709862,18
695.6929265901359,26889.62106906732,47513.43357450689,11582.857317860673,10732.615290085252,97414.22017811026,19
698.0271057267214,26968.75284761197,47644.7505906833,10656.127311402459,10756.737380276434,96724.39523570088,20
700.3692872981528,27047.804300613578,47775.33607252094,9721.100302356424,10780.56748899442,96025.17745178351,21
702.7194995783271,27126.771587851457,47905.15846342708,8792.50342031159,10804.101325241998,95331.25429641045,22
705.0777613285059,27205.65044538756,48034.184885639195,7885.799939029023,10827.334419496483,94658.04745088077,23
707.4440905034244,27284.436515082816,48162.381465086546,7014.289255971422,10850.26227048943,94018.81359713365,24
709.8185042974852,27363.125346324705,48289.713332474465,6189.0745021726225,10872.88034601143,93424.6120312807,25
712.2010191447577,27441.712396027266,48416.144623284374,5419.062542237598,10895.184082912127,92884.30466360612,26
714.5916507189778,27520.193028631104,48541.63847777374,4710.96397434246,10917.168887100197,92404.55601856648,27
716.9904139335489,27598.562516103364,48666.157040976126,4069.293130234455,10938.830133543364,91989.83323479086,28
719.3973229415408,27676.81603793777,48789.66146270116,3496.3680752319706,10960.163166268398,91642.40606508082,29
721.8123911356903,27754.948681154587,48912.111897534545,2992.310608224536,10981.163298361105,91362.34687641046,30
724.2356311484012,27832.955440300644,49033.46750483807,2555.0462616728064,11001.825811966339,91147.53064992625,31
726.6670533029369,27910.83115536254,49153.68625677109,2178.3776133764213,11022.14594067515,90991.70801948814,32
729.106669397007,27988.570653812876,49272.72508182095,1852.9057336237702,11042.11893496332,90885.42707361793,33
731.5544973147056,28066.168932527282,49390.54033938947,1573.1479467021854,11061.740120153334,90823.15183608697,34
734.0105553773446,28143.620936741056,49507.08730418508,1333.9551368968177,11081.004818854446,90799.67875205475,35
736.4748622168637,28220.921555061126,49622.32015347277,1130.4001843622425,11099.90834931515,90810.02510442815,36
738.9474367758299,28298.065619466062,49736.191967074024,957.7779651224605,11118.446025423167,90849.42901386153,37
741.428298330411,28375.04790617022,49848.65472850903,811.6129206824943,11136.613157078073,90913.35701077023,38
743.9174699458389,28451.863265573593,49959.65950088781,688.5340599817681,11154.4051063063,90998.37940269531,39
746.4149751341564,28528.506494987316,50069.15623139921,584.6958751322661,11171.817236034107,91100.59081268706,40
748.9208365843025,28604.972288645644,50177.0936166089,496.2819268471176,11188.84489370699,91216.11356239296,41
751.4350784533372,28681.255323634658,50283.419206135695,420.4705497327317,11205.483448940771,91342.0636068972,42
753.9577263664414,28757.350259892275,50388.07940265155,355.43485228879655,11221.728293521595,91476.55053472066,43
756.488807416917,28833.251740208245,50491.01946188158,300.3427169082797,11237.574841405925,91618.67756782095,44
759.0283495375766,28908.954366055405,50592.18344404175,254.92966768820068,11253.018520183721,91768.11434750666,45
761.5763763601003,28984.452499146653,50691.5138150365,215.77438360054228,11268.054701594057,91921.37177573785,46
764.1329170998654,29059.74063915682,50788.95217323761,182.82752227810073,11282.67884038207,92078.33209215445,47
766.6980015941043,29134.81323271064,50884.43883167076,156.491011288278,11296.886410900519,92239.32748816432,48
769.2716583566861,29209.66459865132,50977.91266561913,136.34757960898907,11310.672880925327,92403.86938316145,49
771.8539145781156,29284.288928040558,51069.31111262331,121.16075762866137,11324.033711655578,92570.64842452623,50
774.444796125534,29358.6802841585,51158.57017248137,108.87487714623549,11336.964357713528,92737.53448762518,51
777.0443275427185,29432.832602503797,51245.62440724881,96.61507137116445,11349.460267144588,92901.57667581108,52
779.6525362848819,29506.739850182625,51330.40720977462,83.1510984370793,11361.516947779724,93061.46764245894,53
782.2694573715182,29580.396200388717,51412.85110201722,71.59522739716745,11373.130040896634,93220.24202807125,54
784.8951201557122,29653.795532120876,51492.88687075082,61.69020768581278,11384.29512243858,93377.5628531518,55
787.5295540229789,29726.931643932006,51570.4439127326,53.1242613806623,11395.007796352356,93533.0371684206,56
790.1727886526116,29799.798263760866,51645.450251082526,45.68317600820374,11405.263698723911,93686.3681782281,57
792.824854017682,29872.38904893206,51717.83253528342,39.25030454376559,11415.058497778355,93837.35524055529,58
795.4857803850402,29944.697586156053,51787.516041180905,33.806565411517155,11424.38789387996,93985.89386701348,59
798.1555980471683,30016.71738047204,51854.42467041238,29.279951955693683,11433.247620087164,94131.82522097444,60
800.8343370479446,30088.441843541732,51918.480955355524,25.38891622512197,11441.633443086337,94274.77949525666,61
803.5220279076261,30159.864321793924,51979.60609483387,22.04437926747613,11449.541170800145,94414.57799460305,62
806.2187013043192,30230.978082677615,52037.71996696074,19.17038877042922,11456.966657432728,94551.05379714584,63
808.9243880627457,30301.77631419503,52092.74112920974,16.69781980432852,11463.90580352868,94684.04545480051,64
811.639119154244,30372.252124901668,52144.58681841466,14.564374822195543,11470.354555973052,94813.39699326582,65
814.3629256968143,30442.398543904892,52193.17295104007,12.714597696263178,11476.308908014653,94938.95792635268,66
817.095838976095,30512.2085204205,52238.41421818477,11.106935914560514,11481.764907559915,95060.59042105585,67
819.837890443024,30581.674923517134,52280.22406872056,9.712882696796367,11486.718655830156,95178.16842120768,68
822.589111690825,30650.790541032504,52318.51476077576,8.504863990464239,11491.166311203735,95291.5655886933,69
825.349534463009,30719.548079030807,52353.19744442688,7.457693776421939,11495.104096213905,95400.65684791103,70
828.1191906533744,30787.94016180273,52384.182161698634,6.548574068891588,11498.52829754881,95505.31838577244,71
830.8981123060064,30855.959331865444,52411.37784656396,5.757094915459607,11501.435266051492,95605.42765170237,72
833.6863316170319,30923.59804997035,52434.69234669054,5.065740525685736,11503.821417686653,95700.86388649026,73
836.4838809548072,30990.848694773642,52454.032701193646,4.46560097505752,11505.683246617533,95791.51412451468,74
839.2907928170159,31057.703561652503,52469.30478705232,3.942508414917101,11507.017310223573,95877.25896016032,75
842.107099853892,31124.154863081425,52480.41372172071,3.4823818713001806,11507.820245351184,95957.97831187851,76
844.9328348794022,31190.194728759277,52487.264007075966,3.074361876370105,11508.088774485484,96033.5547070765,77
847.7680308712459,31255.815205609324,52489.759529418334,2.7108104684178627,11507.819705750298,96103.87328211762,78
850.6127209708546,31321.008257779205,52487.80355947106,2.3873111918620893,11507.009932908164,96168.82178232115,79
853.4669384833928,31385.765766640958,52481.29875238048,2.1026690972490623,11505.65643536032,96228.29056196239,80
856.3307168777571,31450.07953079099,52470.14714771592,1.8589107412527017,11503.756278146724,96282.17258427266,81
859.2040897622304,31513.94126553696,52454.25086049039,1.6482626138914276,11501.306629027766,96330.35110743124,82
862.0870908944149,31577.342601517154,52433.511525698596,1.4598789481985521,11498.304748910568,96372.70584596893,83
864.9797542167624,31640.275086597463,52407.83019493555,1.295032618934262,11494.747987427174,96409.12805579588,84
867.8821138352292,31702.730186446322,52377.10837417056,1.1537784341580806,11490.633806318514,96439.50825920478,85
870.7942040192535,31764.699284534694,52341.248024532026,1.0349405401784688,11485.959779452773,96463.73623307893,86
873.7160592017555,31826.173682136076,52300.15156230754,0.9361124215528274,11480.723592825394,96481.70100889231,87
876.647713979137,31887.144598326482,52253.721858943805,0.8536569010874941,11474.923044559077,96493.2908727096,88
879.5892031112827,31947.603169984457,52201.862241046685,0.7827061398377464,11468.556044903777,96498.39336518604,89
882.5405615215584,32007.540451791076,52144.47649038119,0.7171616371078009,11461.620616236703,96496.89528156763,90
885.501824296816,32066.947416230523,52081.468844044364,0.6496953023110663,11454.114893064898,96488.68267293891,91
888.4730267228248,32125.814958491326,52012.745535974675,0.5828413651527709,11446.037146391414,96473.6535089454,92
891.4542042632154,32184.13389125585,51938.2137353567,0.5235163070222368,11437.385772151521,96451.71111933432,93
894.4453925271156,32241.894944099906,51857.78123891553,0.47073347917790404,11428.159282415658,96422.75159143738,94
897.4466272981434,32299.088769489088,51771.35813514346,0.4236286675225992,11418.356328764976,96386.6734893632,95
900.4579445344077,32355.70594277875,51678.85680430005,0.38146009260353536,11407.975702291336,96343.37785399714,96
903.479380368508,32411.736962214007,51580.191918412085,0.3436084096123127,11397.016333597317,96292.76820300153,97
906.510971107534,32467.172248929746,51475.28044127361,0.3095767083849176,11385.47729279621,96234.75053081548,98
909.5527532330665,32522.002146950617,51364.0416284459,0.2789905134017236,11373.357789512012,96169.23330865499,99
912.6047634011763,32576.216923191037,51246.397027257466,0.25159778378749054,11360.657172879442,96096.12748451291,100
915.6670384424251,32629.80676745663,51122.27047708764,0.22726883592141417,11347.374931546323,96015.34648336894,101
918.7396153600439,32682.761805187714,50991.590833247654,0.20525780287204823,11333.510718194973,95926.80822979326,102
921.8225313295479,32735.072081028873,50854.28943164191,0.18507668026808408,11319.064333131058,95830.43345381165,103
924.915823700598,32786.72755775843,50710.29943016451,0.16695045793096808,11304.035715093518,95726.14547717498,104
928.0195299960347,32837.71813301878,50559.55893441668,0.1510000138968379,11288.424966293895,95613.87256373929,105
931.133687911878,32888.033639316374,50402.010997706784,0.1372421144165225,11272.23235241633,95493.54791946578,106
934.2583353173275,32937.66384402173,50237.603621050315,0.1255894139555422,11255.45830261756,95365.1096924209,107
937.3935102547621,32986.598449369434,50066.28975316988,0.11585045519410853,11238.103409526922,95228.50097277621,108
940.5392509397404,33034.82709245814,49888.02729049526,0.10772966902712429,11220.168429246354,95083.6697928085,109
943.6955957610007,33082.33934525055,49702.77907716331,0.10082737456418359,11201.654281350387,94930.56912689982,110
946.8625832804605,33129.12471457345,49510.512905018055,0.09463977912957183,11182.562048886157,94769.15689153726,111
950.0402522332171,33175.172642117686,49311.20151361064,0.08855897826226578,11162.892978373391,94599.39594531318,112
953.2286415275471,33220.472504438156,49104.82259019935,0.08187295571593331,11142.64847980442,94421.2540889252,113
956.427790233033,33265.01363301273,48891.36127566086,0.07487464302187437,11121.830140640319,94234.70771418996,114
959.6377375808615,33308.78530583383,48670.810450781966,0.06863198808009333,11100.439732355062,94039.7418585398,115
962.8585229773781,33351.77672626165,48443.16745000362,0.06297276774118322,11078.479189274716,93836.3448612851,116
966.0901859882323,33393.97705434877,48208.437063407015,0.05775441652321103,11055.950621798815,93624.51267995934,117
969.3327663382792,33435.37540702222,47966.63155662984,0.05287295861862139,11032.856316500802,93404.24891944978,118
972.5863039115792,33475.96085808341,47717.770670866244,0.04826300789423651,11009.198736128037,93175.56483199717,119
975.8508387513979,33515.722438208184,47461.88162286685,0.043897767891256344,10984.980519601788,92938.4793171961,120
979.1264110602066,33554.6491349468,47198.99910493878,0.03978903182525838,10960.204482017243,92693.01892199487,121
982.4130611996815,33592.7298927239,46929.16528494562,0.03598718258619781,10934.873614643499,92439.2178406953,122
985.7108296907047,33629.95361283858,46652.42980630745,0.03258119273840745,10908.991084923566,92177.11791495304,123
989.0197572133632,33666.30915346432,46368.84978800083,0.029698624520597697,10882.560236474368,91906.76863377739,124
992.3398845924123,33701.78534148447,46078.490486488045,0.027330143228517855,10855.584590205099,91628.22763291326,125
995.6712527763252,33736.37099028327,45781.42656705524,0.025176388724917603,10828.067847731616,91341.56183423517,126
999.0139028733707,33770.0548753522,45477.74030085051,0.023207818657638636,10800.013886183939,91046.84617307867,127
1002.3678761311678,33802.82575304815,45167.52216349598,0.02140742194182979,10771.42675707992,90744.16395717717,128
1005.7332139358164,33834.67236132012,44850.87086951064,0.019759619691321513,10742.310686354109,90433.60689074038,129
1009.1099578118971,33865.58341970923,44527.89337231031,0.018250265218625855,10712.670074357748,90115.27507445442,130
1012.4981494223377,33895.54762948905,44198.704862406405,0.01686664547549553,10682.509495817338,89789.2770037806,131
1015.8978305591918,33924.55368294514,43863.428700608005,0.015597542748498134,10651.833697416872,89455.72950907197,132
1019.309043141426,33952.59026638241,43522.19641473468,0.014432883700926432,10620.647597067953,89114.75775421018,133
1022.7318292140409,33979.64606400943,43175.147430134835,0.013363410181200993,10588.956281322611,88766.4949680911,134
1026.1662309450069,34005.709761568134,42822.42898572969,0.0123806862242492,10556.76500406173,88411.08236299078,135
1029.6122906243143,34030.77004736964,42464.196085232696,0.011439197779551396,10524.07918600398,88048.6690484284,136
1033.0700506589696,34054.81561865565,42100.611252967814,0.010542137328397054,10490.904412134578,87679.41187655435,137
1036.5395535722798,34077.83518468991,41731.84437749311,0.009988578472697456,10457.246430198702,87303.47553453247,138
1040.0208419970165,34099.8174745964,41358.07224060763,0.009846508600074994,10423.111146205138,86921.03154991478,139
1043.5139586747111,34120.75123811473,40979.47847595729,0.009905069487238537,10388.504624022877,86532.25820183908,140
1047.0189464540558,34140.62525014444,40596.25326994565,0.0,10353.433082828251,86137.3305493724,141
1050.5358482890924,34159.428314169396,40208.59321431941,0.0,10317.902895967674,85736.46027274558,142
1054.0647072344534,34177.149269515714,39816.700747199226,0.0,10281.920586185008,85329.8353101344,143
1057.6055664417793,34193.77699984573,39420.78352734762,0.0,10245.49282022614,84917.65891386128,144
1061.158469159711,34209.300433181445,39021.054432511504,0.0,10208.62640882472,84500.13974367738,145
1064.723458981337,34223.70991514808,38617.70817999413,0.0,10171.327413633211,84077.46896775675,146
1068.3005807064005,34237.0017931542,38210.8505105764,0.0,10133.598171254009,83649.75105569101,147
1071.8898778367327,34249.164519463004,37800.735514073545,0.0,10095.44633167238,83217.23624304567,148
1075.491393715539,34260.185360592404,37387.638194277344,0.0,10056.88048544349,82780.19543402878,149
1079.1051717805922,34270.05182880683,36971.82918110781,0.0,10017.909232081454,82338.89541377667,150
1082.7312555642318,34278.751682117254,36553.574730613174,0.0,9978.541180059352,81893.59884835403,151
1086.3696886933658,34286.27292428117,36133.136724969896,0.0,9938.784946809214,81444.56428475365,152
1090.020514889469,34292.603804802624,35710.77267248269,0.0,9898.649158722028,80992.04615089681,153
1093.683777968584,34297.73281893216,35286.73570758447,0.0,9858.142451147742,80536.29475563295,154
1097.359521841321,34301.648707666885,34861.274590836394,0.0,9817.273468395259,80077.55628873987,155
1101.0477905128573,34304.34045775042,34434.63370892784,0.0,9776.050863732435,79616.07282092355,156
1104.748628082938,34305.79730167291,34007.053074676434,0.0,9734.483299386091,79152.08230381837,157
1108.4620787458753,34306.00871767105,33578.76832702801,0.0,9692.579446541997,78685.81856998694,158
1112.1881867905497,34304.964429728054,33150.01073105665,0.0,9650.347985344883,78217.51133292014,159
1115.926996600408,34302.65440757367,32721.007177964657,0.0,9607.797604898436,77747.38618703718,160
1119.6785526534659,34299.06886668418,32291.980185082557,0.0,9564.9370032653,77275.6646076855,161
1123.4428995223052,34294.19826828239,31863.147895869122,0.0,9521.774887467074,76802.5639511409,162
1127.220081874076,34288.03331933764,31434.724079911335,0.0,9478.319973484317,76328.29745460738,163
1131.0101444704958,34280.56497256581,31006.91813292442,0.0,9434.58098625654,75853.07423621726,164
1134.8131321678495,34271.784426429294,30579.935076751834,0.0,9390.566659682216,75377.09929503119,165
1138.6290899169896,34261.683125137024,30153.97555936525,0.0,9346.285736618769,74900.57351103803,166
1142.4580627633356,34250.25275864448,29729.23585486459,0.0,9301.746968882586,74423.69364515498,167
1146.3000958468754,34237.485262653645,29305.90786347798,0.0,9256.959117249007,73946.65233922751,168
1150.1552344021634,34223.372818613054,28884.179111561803,0.0,9211.930951452328,73469.63811602935,169
1154.023523758322,34207.907853717756,28464.232751600648,0.0,9166.671250185807,72992.83537926254,170
1157.905009339041,34191.08304090935,28046.24756220735,0.0,9121.188801101653,72516.4244135574,171
1161.799736662578,34172.89129887595,27630.39794812297,0.0,9075.492400811032,72040.58138447252,172
1165.7077513417576,34153.32579205221,27216.853940216788,0.0,9029.59085488407,71565.47833849482,173
1169.6290990839718,34132.3799306193,26805.781195486332,0.0,8983.492977849852,71091.28320303945,174
1173.5638256911811,34110.04737050496,26397.34099705734,0.0,8937.20759319641,70618.15978644989,175
1177.5119770599122,34086.32201338341,25991.69025418379,0.0,8890.743533370744,70146.26777799785,176
1181.47359918126,34061.19800667544,25588.9815022479,0.0,8844.109639778802,69675.7627478834,177
1185.4487381408867,34034.66974354835,25189.3629027601,0.0,8797.314762785498,69206.79614723483,178
1189.4374401190219,34006.73186291598,24792.978243359048,0.0,8750.367761714691,68739.51530810873,179
1193.4397513904632,33977.379249438694,24399.966937811645,0.0,8703.277504849208,68274.06344349001,180
1197.455718324575,33946.607033523396,24010.46402601302,0.0,8656.052869430825,67810.57964729183,181
1201.4853873852896,33914.41059132351,23624.60017398653,0.0,8608.702741660278,67349.1988943556,182
1205.5288051311065,33880.785544739,23242.501673883744,0.0,8561.236016697261,66890.05204045112,183
1209.5860182150932,33845.727761416376,22864.290443984493,0.0,8513.661598660423,66433.26582227639,184
1213.6570733848841,33809.233354748634,22490.08402869682,0.0,8465.988400627368,65978.96285745771,185
1217.7420174826816,33771.29868387534,22119.995598556983,0.0,8418.22534463466,65527.26164454967,186
1221.840897445255,33731.92035368259,21754.133950229498,0.0,8370.381361677819,65078.276563035164,187
1225.9537603039416,33691.09521480299,21392.603506507094,0.0,8322.465391711321,64632.11787332535,188
1230.0806531846458,33648.82036361568,21035.504316310733,0.0,8274.4863836486,64188.89171675967,189
1234.22162330784,33605.093142246355,20682.9320546896,0.0,8226.453295362044,63748.70011560585,190
1238.3767179885638,33559.91113856722,20334.978022821135,0.0,8178.375093683,63311.640973059926,191
1242.5459846364238,33513.27218619701,19991.729148010963,0.0,8130.260754401774,62877.808073246175,192
1246.7294707555952,33465.174364501,19653.26798369299,0.0,8082.119262267623,62447.291081217205,193
1250.9272239448196,33415.615998591,19319.672709429306,0.0,8033.959610988766,62020.17554295389,194
1255.1392918974066,33364.59565932533,18991.01713091026,0.0,7985.790803232375,61596.54288536537,195
1259.3657224012331,33312.11216330886,18667.370679954423,0.0,7937.621850624583,61176.47041628911,196
1263.606563338744,33258.164572892994,18348.79841450859,0.0,7889.461773750475,60760.0313244908,197
1267.861862686951,33202.75219617565,18035.361018647793,0.0,7841.319602154097,60347.29467966448,198
1272.1316685174338,33145.874587001286,17727.114802575285,0.0,7793.204374338449,59938.32543243245,199
1276.4160290519735,33087.53132102708,17424.113470879416,0.0,7745.125024069571,59533.18584502805,200
1280.7149945256351,33027.71559184951,17126.434832781662,0.0,7697.086272406784,59131.9516915636,201
1285.02861435735,32966.42772726668,16834.03465371338,0.0,7649.093911716947,58734.584907054355,202
1289.356937189008,32903.672785578725,16546.823989095494,0.0,7601.155458619272,58341.0091704825,203
1293.7000118597546,32839.45615977393,16264.715162812343,0.0,7553.278304606623,57951.14963905265,204
1298.0578874059916,32773.78357752872,15987.621767211669,0.0,7505.4697160455235,57564.932948191905,205
1302.4306130613754,32706.661101207632,15715.45866310463,0.0,7457.73683417615,57182.28721154979,206
1306.818238256819,32638.095127863362,15448.141979765789,0.0,7410.086675112337,56803.142020998304,207
1311.220812620491,32568.09238923673,15185.589114933124,0.0,7362.5261298415735,56427.428446631915,208
1315.638385977815,32496.659951756686,14927.718734808017,0.0,7315.061964225007,56055.07903676753,209
1320.0710083514707,32423.80521654033,14674.450774055264,0.0,7267.700818997436,55686.0278179445,210
1324.5187299613938,32349.535919392885,14425.70643580307,0.0,7220.449209767319,55320.21029492467,211
1328.981601224775,32273.860130807712,14181.40819164305,0.0,7173.31352701677,54957.56345069231,212
1333.459672756061,32196.78625596631,13941.479781630229,0.0,7126.300036101557,54598.025746454165,213
1337.9529953669546,32118.32303473831,13705.84621428304,0.0,7079.414877251106,54241.537121639405,214
1342.4616200664132,32038.47954168148,13474.433766583326,0.0,7032.664065568497,53888.03899389972,215
1346.985598060651,31957.26518604172,13247.169983976346,0.0,6986.053491030467,53537.47425910918,216
1351.5249807531372,31874.68971175307,13023.983680370759,0.0,6939.588918487409,53189.78729136438,217
1356.079819744597,31790.7631974377,12804.804938138637,0.0,6893.275987663372,52844.92394298431,218
1360.6501668330109,31705.49605640592,12589.565108115472,0.0,6847.120213156058,52502.83154451046,219
1365.2360740136155,31618.899036656167,12378.196809600151,0.0,6801.12698443683,52163.458904706764,220
1369.8375934789028,31530.983220875027,12170.63393035498,0.0,6755.301565850704,51826.75631055962,221
1374.4547776186205,31441.760026437205,11966.81162660567,0.0,6709.649096616351,51492.67552727784,222
1379.0876790197722,31351.241205405553,11766.666323041343,0.0,6664.174590826099,51161.169798292765,223
1383.7363504666168,31259.43884453105,11570.13571281454,0.0,6618.882937445933,50832.19384525814,224
1388.400844940669,31166.365365252823,11377.158757541192,0.0,6573.778900315492,50505.70386805017,225
1393.0812156206996,31072.033523698115,11187.675687300663,0.0,6528.867118148073,50181.65754476756,226
1397.7775158827344,30976.456410682316,11001.628000635706,0.0,6484.152104530627,49860.014031731385,227
1402.4897993000552,30879.647451708955,10818.9584645525,0.0,6439.63824792376,49540.73396348527,228
1407.2181196431995,30781.62040696969,10639.611114520625,0.0,6395.329811661738,49223.77945279525,229
1411.9625308799605,30682.389371344307,10463.531254473073,0.0,6351.230933952478,48909.11409064982,230
1416.7230871753868,30581.96877440074,10290.665456806244,0.0,6307.345627877557,48596.702946259924,231
1421.4998428917831,30480.373380395053,10120.961562379955,0.0,6263.677781392204,48286.51256705899,232
1426.2928525887096,30377.618288271442,9954.368680517424,0.0,6220.231157325308,47978.510978702885,233
1431.1021710229816,30273.718931662243,9790.83718900528,0.0,6177.009393379412,47672.667685069915,234
1435.9278531486711,30168.691078887925,9630.318734093571,0.0,6134.016002130713,47368.953668260874,235
1440.769954117105,30062.550832957095,9472.766230495745,0.0,6091.2543710290665,47067.341388599016,236
1445.6285292768662,29955.31463156648,9318.133861388664,0.0,6048.727762397984,46767.804784629996,237
1450.5036341737932,29846.999247100972,9166.377078412592,0.0,6006.439313434631,46470.31927312199,238
1455.3953245509801,29737.62178663357,9017.452601671223,0.0,5964.392036209831,46174.8617490656,239
1460.303656348777,29627.199691925416,8871.318419731639,0.0,5922.58881766806,45881.41058567389,240
1465.228685704789,29515.750739425792,8727.93378962434,0.0,5881.032419627454,45589.94563438237,241
1470.1704689538776,29403.293040272118,8587.259236843238,0.0,5839.725478779804,45300.44822484904,242
1475.1290626281595,29289.84504028994,8449.256555345659,0.0,5798.670506690552,45012.90116495431,243
1480.1045234570074,29175.42551999294,8313.888807552326,0.0,5757.869889798805,44727.28874080108,244
1485.0969083670493,29060.053594582943,8181.120324347381,0.0,5717.325889417317,44443.596716714696,245
1490.106274482169,28943.748713949903,8050.916705078371,0.0,5677.040641732503,44161.81233524294,246
1495.1326791235065,28826.530662671907,7923.244817556262,0.0,5637.0161578044335,43881.92431715611,247
1500.1761798094565,28708.41956001518,7798.072798055422,0.0,5597.254323566831,43603.92286144689,248
1505.2368342556701,28589.435859934085,7675.370051313626,0.0,5557.75689982708,43327.79964533046,249
1510.314700375054,28469.600351071116,7555.107250532068,0.0,5518.525522266215,43053.54782424445,250
1515.4098362777702,28348.934156756906,7437.256337375349,0.0,5479.561701438932,42781.16203184896,251
1520.5223002712366,28227.45873501022,7321.79052197147,0.0,5440.866822773578,42510.6383800265,252
1525.652150860127,28105.195878537954,7208.684282911856,0.0,5402.442146572159,42241.9744588821,253
1530.7994467463704,27982.16771473515,7097.913367251338,0.0,5364.288808010334,41975.169336743194,254
1535.964246829152,27858.39670568498,6989.454790508147,0.0,5326.407817137422,41710.2235601597,255
1541.1466102049121,27733.90564815874,6883.286836663936,0.0,5288.800058876394,41447.13915390398,256
1546.3465961673471,27608.71767361588,6779.389058163764,0.0,5251.466293023881,41185.919620970875,257
1551.5642642074088,27482.85624820397,6677.7422759161,0.0,5214.407154250164,40926.56994257764,258
1556.799674013305,27356.345172758727,6578.328579292816,0.0,5177.623152099185,40669.09657816403,259
1562.052885470499,27229.208582804,6481.131326129211,0.0,5141.11467098854,40413.50746539225,260
1567.3239586617094,27101.47094855176,6386.13514272397,0.0,5104.881970209481,40159.812020146914,261
1572.6129538669113,26973.15707490213,6293.325923839209,0.0,5068.925183926915,39908.021136535164,262
1577.9199315633346,26844.292101443363,6202.690832700446,0.0,5033.244321179409,39658.147186886556,263
1583.2449524254655,26714.90150245184,6114.218300996599,0.0,4997.83926587918,39410.20402175308,264
1588.5880773250456,26585.01108689209,6027.898028880023,0.0,4962.709776812104,39164.20696990926,265
1593.9493673310722,26454.646998416763,5943.720984966445,0.0,4927.855487637713,38920.172838351995,266
1599.328883709798,26323.83571536666,5861.679406335041,0.0,4893.275906889194,38678.119912300695,267
1604.726687924732,26192.604050770697,5781.766798528359,0.0,4858.970417973391,38438.06795519718,268
1610.1428416366384,26060.979152345946,5703.977935552384,0.0,4824.938279170803,38200.03820870577,269
1615.5774067035372,25928.9885024976,5628.308859876508,0.0,4791.178623635586,37964.05339271323,270
1621.030444771056,25796.65772189422,5554.688978558187,0.0,4757.6917226840915,37730.06886790755,271
1626.502015538363,25663.99948446977,5482.668140914055,0.0,4724.484576171394,37497.654217093586,272
1631.9921812129185,25531.035936524546,5412.136860338877,0.0,4691.557425154387,37266.72240323073,273
1637.5010047062965,25397.791334747402,5343.062638890365,0.0,4658.90904800696,37037.264026351026,274
1643.028549154605,25264.289675805034,5275.413453445009,0.0,4626.538214291439,36809.26989269609,275
1648.574877918486,25130.554696341984,5209.157755698089,0.0,4594.443684758581,36582.73101471714,276
1654.1400545831166,24996.60987298065,5144.264472163668,0.0,4562.624211347583,36357.63861107502,277
1659.7241429582073,24862.478422321266,5080.703004174594,0.0,4531.078537186073,36133.98410664014,278
1665.3272070780033,24728.183300941924,5018.443227882499,0.0,4499.805396590115,35911.75913249254,279
1670.9493112012838,24593.747205398562,4957.4554942578,0.0,4468.80351506421,35690.955525921854,280
1676.5905198113626,24459.19257222496,4897.710629089699,0.0,4438.071609301292,35471.565330427315,281
1682.250897616087,24324.541577932756,4839.1799329861815,0.0,4407.608387182729,35253.58079571775,282
1687.9305095478396,24189.816139011426,4781.835181374019,0.0,4377.412547778327,35036.99437771161,283
1693.6294207635365,24055.037911928302,4725.648624498768,0.0,4347.482781346326,34821.798738536934,284
1699.347696644628,23920.22829312855,4670.592987424769,0.0,4317.8177693334,34607.98674653135,285
1705.0854027970995,23785.40841903521,4616.641470035145,0.0,4288.416184374658,34395.551476242115,286
1710.8426050514695,23650.59916604914,4563.767747031808,0.0,4259.276690293645,34184.48620842606,287
1716.6193694627914,23515.82115054907,4511.94596793545,0.0,4230.39794210234,33974.78443004965,288
1722.4157623106528,23381.094728891563,4461.150757085553,0.0,4201.778586001159,33766.439834288925,289
1728.2318500991755,23246.439997411035,4411.357213640378,0.0,4173.41725937895,33559.44632052954,290
1734.0676995570157,23111.87679241975,4362.540911576976,0.0,4145.312590812999,33353.79799436674,291
1739.923377637363,22977.42469020782,4314.677899691178,0.0,4117.4632000690235,33149.48916760538,292
1745.798951517943,22843.103007043206,4267.744701597601,0.0,4089.8676981011804,32946.514358259934,293
1751.6944886010133,22708.930799171714,4221.71831572965,0.0,4062.524687052059,32744.868290554437,294
1757.610056513368,22574.926862817,4176.576215339512,0.0,4035.432760252683,32544.54589492256,295
1763.5457231063335,22441.10973418057,4132.296348498156,0.0,4008.5905022225124,32345.54230800757,296
1769.5015564557716,22307.49768944177,4088.85713809534,0.0,3981.9964886694424,32147.852872662326,297
1775.4776248620783,22174.108744757803,4046.2374818396047,0.0,3955.649286489802,31951.473137949288,298
1781.4739968501835,22040.960656263716,4004.416752258276,0.0,3929.5474537683563,31756.398859140532,299
1787.4907411695513,21908.070920072405,3963.374796697465,0.0,3903.6895397783046,31562.625997717725,300
1793.52792679418,21775.456772274614,3923.091937322066,0.0,3878.0740849812823,31370.150721372145,301
1799.5856229226029,21643.13518893893,3883.548971115759,0.0,3852.6996210273587,31178.969404004645,302
1805.6638989778867,21511.122886111796,3844.727169881008,0.0,3827.5646707550386,30989.078625725728,303
1811.7628246076324,21379.436319817498,3806.608280239063,0.0,3802.667748191261,30800.475172855455,304
1817.8824696839758,21248.09168605817,3769.1745236299557,0.0,3778.007358551402,30613.15603792351,305
1824.0229043035865,21117.1049208138,3732.4085963125076,0.0,3753.581998239271,30427.118419669165,306
1830.1841987876685,20986.49170004221,3696.2936693643187,0.0,3729.390154847112,30242.359723041307,307
1836.3664236819602,20856.267439679086,3660.8133886817795,0.0,3705.430307155606,30058.87755919843,308
1842.5696497567337,20726.44729563795,3625.95187498006,0.0,3681.700925133867,29876.66974550861,309
1848.793948006796,20597.04616381018,3591.693723793119,0.0,3658.200469939444,29695.734305549537,310
1855.0393896514881,20468.078680065,3558.024005473697,0.0,3634.927393918323,29516.069469108505,311
1861.306046134685,20339.559220249474,3524.928265193321,0.0,3611.8801406049242,29337.6736721824,312
1867.593989124796,20211.501900188527,3492.3925229423016,0.0,3589.0571447221023,29160.545556977722,313
1873.9032905147653,20083.920575684922,3460.4032735297355,0.0,3566.4568321811457,28984.68397191057,314
1880.2340224220707,19956.828842519277,3428.9474865835023,0.0,3544.077620081782,28810.087971606634,315
1886.5862571887242,19830.24003645005,3398.012606550268,0.0,3521.9179167121674,28636.75681690121,316
1892.960067381272,19704.167233213553,3367.5865526954813,0.0,3499.9761215489,28464.689974839206,317
1899.3555257907956,19578.62324852395,3337.657719103377,0.0,3478.2506252570083,28293.88711867513,318
1905.772705432909,19453.620638073236,3308.2149746769755,0.0,3456.739809689958,28124.348127873076,319
1912.2116795477623,19329.17169753127,3279.2476631380778,0.0,3435.4420478896473,27956.073088106757,320
1918.6725216000382,19205.28846254576,3250.7456030272747,0.0,3414.3557040864125,27789.062291259484,321
1925.1553052789548,19081.982708742245,3222.699087703938,0.0,3393.4791336990243,27623.31623542416,322
1931.6601044982638,18959.265951724134,3195.098885346226,0.0,3372.8106833346856,27458.83562490331,323
1938.1869933962514,18837.149447072665,3167.936238951081,0.0,3352.3486907890383,27295.62137020904,324
1944.7360463357381,18715.644190346935,3141.20286633423,0.0,3332.0914850461563,27133.674588063055,325
1951.3073379040784,18594.760917083888,3114.8909601301852,0.0,3312.0373862785495,26972.996601396702,326
1957.9009429131615,18474.510102798307,3088.993187792242,0.0,3292.1847058471635,26813.588939350877,327
1964.5169363994103,18354.901962982836,3063.5026915924827,0.0,3272.5317463013785,26655.453337276107,328
1971.1553936237822,18235.946453107957,3038.4130886217727,0.0,3253.0768013790084,26498.59173673252,329
1977.816390071769,18117.65326862201,3013.7184707897623,0.0,3233.818156006305,26343.006285489846,330
1984.5000014533966,18000.031844951165,2989.4134048248866,0.0,3214.7540862979513,26188.6993375274,331
1991.2063037032249,17883.09135749946,2965.492932274365,0.0,3195.8828595570685,26035.67345303412,332
1997.9353729803488,17766.84072164877,2941.9525695042025,0.0,3177.2027342752117,25883.93139840853,333
2004.6872856683963,17651.28859275882,2918.788307699188,0.0,3158.711960132371,25733.476146258778,334
2011.4621183755307,17536.443366167183,2895.9966128628957,0.0,3140.4087779969714,25584.310875402578,335
2018.259947934449,17422.313177189284,2873.5744258176833,0.0,3122.291419925873,25436.43897086729,336
2025.0808514023825,17308.905901118385,2851.519162204695,0.0,3104.358109164371,25289.864023889833,337
2031.9249060610969,17196.229153225606,2829.828712483857,0.0,3086.607060146195,25144.589831916754,338
2038.7921894168924,17084.29028875992,2808.5014419338827,0.0,3069.0364784935105,25000.62039860421,339
2045.6827792006027,16973.096402948126,2787.536190652269,0.0,3051.6445610169176,24857.959933817918,340
2052.5967533675957,16862.654330994897,2766.9322735552996,0.0,3034.4294957154516,24716.612853633244,341
2059.534190097775,16752.970648082737,2746.6894803780374,0.0,3017.3894617765827,24576.583780335135,342
2066.4951677955773,16644.051669372,2726.8080756743357,0.0,3000.522629576216,24437.877542418126,343
2073.479765089973,16535.903450000893,2707.2887988168295,0.0,2983.8271606786916,24300.499174586388,344
2080.4880608344683,16428.531785085463,2688.1328639969397,0.0,2967.3012078367847,24164.453917753657,345
2087.520134107102,16321.942209719626,2669.341960224872,0.0,2950.942914991706,24029.747219043304,346
2094.5760642104487,16216.139998975115,2650.9182513296146,0.0,2934.7504172730996,23896.38473178828,347
2101.655930671616,16111.130167901536,2632.8643759589427,0.0,2918.721840999047,23764.37231553114,348
2108.759813242246,16006.917471526327,2615.183447579416,0.0,2902.8553036760627,23633.716036024052,349
2115.887791898516,15903.506404854785,2597.8790544763797,0.0,2887.148913999097,23504.422165228774,350
2123.0399468411365,15800.901202870047,2580.955259753958,0.0,2871.6007718515357,23376.497181316678,351
2130.216358495352,15699.105840533104,2564.416601335068,0.0,2856.2089683051986,23249.947768668724,352
2137.4171075109425,15598.12403278279,2548.2680919614063,0.0,2840.9715856203416,23124.78081787548,353
2144.642274762222,15497.959234535792,2532.515219193454,0.0,2825.886697245654,23001.003425737123,354
2151.891941348037,15398.614640686641,2517.163945410479,0.0,2810.9523678182613,22878.62289526342,355
2159.166188591771,15300.093186107713,2502.220707810535,0.0,2796.1666531637247,22757.64673567374,356
2166.465100411967,15202.394390047695,2487.676525535781,0.0,2781.528077284866,22638.06409328031,357
2173.788779153758,15105.49204384375,2473.3978223103713,0.0,2767.038921387524,22519.7175666954,358
2181.1373118149163,15009.37831414729,2459.35046884386,0.0,2752.698514239885,22402.56460904595,359
2188.5107810068475,14914.051374721954,2445.531474522281,0.0,2738.5052661967898,22286.598896447875,360
2195.909269674891,14819.509345421799,2431.937871448394,0.0,2724.457601218164,22171.814087763247,361
2203.3328610983185,14725.75029219131,2418.566714441691,0.0,2710.553956869017,22058.203824600336,362
2210.781638890335,14632.772227065392,2405.4150810383912,0.0,2696.7927843194393,21945.761731313556,363
2218.25568699808,14540.573108169381,2392.480071491444,0.0,2683.1725483446075,21834.481415003513,364
2225.755089702624,14449.15083971903,2379.7588087705276,0.0,2669.69172732478,21724.35646551696,365
2233.2799316189726,14358.50327202052,2367.24843856205,0.0,2656.3488132452994,21615.380455446844,366
2240.8302976960645,14268.628201470452,2354.946129269147,0.0,2643.142311696591,21507.54694013226,367
2248.4062732167704,14179.523370555857,2342.8490720116856,0.0,2630.070741874165,21400.849457658478,368
2256.007943797896,14091.186467854186,2330.95448062626,0.0,2617.1326365786126,21295.281528856955,369
2263.6353953901794,14003.615128033314,2319.2595916661953,0.0,2604.3265422156114,21190.8366573053,370
2271.288714278291,13916.80693185154,2307.7616644015447,0.0,2591.6510187959198,21087.5083293273,371
2278.9679870808363,13830.75940615759,2296.457980819091,0.0,2579.104639935381,20985.290013992897,372
2286.673300750353,13745.470023890608,2285.345845622346,0.0,2566.6859928549216,20884.175163118227,373
2294.404742573312,13660.936204080168,2274.4225862315516,0.0,2554.3936783805507,20784.15721126558,374
2302.1624001701175,13577.155311846265,2263.685552783678,0.0,2542.2263109433625,20685.229575743422,375
2309.9463614951073,13494.12465839932,2253.132118132424,0.0,2530.182518579533,20587.385656606384,376
2317.7567148365524,13411.841501040173,2242.7596778482193,0.0,2518.2609429303225,20490.618836655267,377
2325.593548816657,13330.303043160096,2232.5656502182214,0.0,2506.460239242074,20394.92248143705,378
2333.456952391558,13249.506434240777,2222.547476246318,0.0,2494.779076366215,20300.28993924487,379
2341.3470148513265,13169.448769854334,2212.7026196531256,0.0,2483.2161367592557,20206.714541118043,380
2349.2638258199668,13090.127091663304,2203.0285668759893,0.0,2471.7701164827895,20114.189600842048,381
2357.207475255415,13011.538387420653,2193.5228270689845,0.0,2460.4397252034946,20022.708414948545,382
2365.178053449542,12933.679590969768,2184.182932102915,0.0,2449.2236861931306,19932.264262715355,383
2373.1756510281516,12856.547582244459,2175.006436565314,0.0,2438.120736328542,19842.850406166468,384
2381.200358950981,12780.139187268962,2165.990917760444,0.0,2427.129626091656,19754.460090072043,385
2389.252268511699,12704.451178157939,2157.1339757092974,0.0,2416.2491195694843,19667.08654194842,386
2397.3314713379114,12629.480273116467,2148.433233149594,0.0,2405.4779944541206,19580.722972058094,387
2405.438059391153,12555.223136440061,2139.886335535785,0.0,2394.815042042743,19495.362573409744,388
2413.5721249668936,12481.676378514649,2131.490951039049,0.0,2384.259067237612,19410.9985217582,389
2421.733760694538,12408.836555816586,2123.2447705472946,0.0,2373.8088885460734,19327.623975604492,390
2429.9230595374215,12336.700170912653,2115.1455076651596,0.0,2363.4633380805544,19245.232076195785,391
2438.140114792814,12265.26367246005,2107.1908987140114,0.0,2353.2212615585668,19163.815947525443,392
2446.3850200919187,12194.52345520641,2099.3787027319454,0.0,2343.081518302706,19083.368696332982,393
2454.6578693998717,12124.475859989778,2091.7067014737877,0.0,2333.0429812406496,19003.88341210409,394
2462.9587570157423,12055.117173738636,2084.1726994110927,0.0,2323.10453690516,18925.353167070632,395
2471.2877775725333,11986.443629471876,2076.7745237321437,0.0,2313.265085434082,18847.771016210638,396
2479.645026037181,11918.451406298827,2069.5100243419547,0.0,2303.5235405703443,18771.12999724831,397
2488.0305977105545,11851.136629419234,2062.3770738622666,0.0,2293.878829661959,18695.423130654017,398
2496.4445882274563,11784.495370123268,2055.373567631552,0.0,2284.329893662022,18620.643419644297,399
2504.887093556622,11718.523645791525,2048.497423705011,0.0,2274.875687128712,18546.78385018187,400
2513.3582100007206,11653.217419895025,2041.746582854573,0.0,2265.5151782252915,18473.837390975612,401
2521.8580341963548,11588.572601995213,2035.119008568898,0.0,2256.247348720106,18401.796993480573,402
2530.38666311406,11524.58504774395,2028.6126870533735,0.0,2247.0711939865846,18330.65559189797,403
2538.9441940583047,11461.250558883532,2022.2256272301172,0.0,2237.9857230032403,18260.40610317519,404
2547.530724667491,11398.564883246672,2015.9558607379759,0.0,2228.98995835367,18191.04142700581,405
2556.146352913954,11336.523714756513,2009.8014419325252,0.0,2220.0829362265517,18122.554445829544,406
2564.7911771039635,11275.122693426616,2003.7604478860703,0.0,2211.2637064156493,18054.9380248323,407
2573.4652958777197,11214.357405360966,1997.830978387646,0.0,2202.531332319809,17988.18501194614,408
2582.1688082093583,11154.223382753979,1992.011155943015,0.0,2193.8848909429603,17922.288237849312,409
2590.901813406948,11094.716103890483,1986.2991257746705,0.0,2185.323472894117,17857.24051596622,410
2599.66441111249,11035.830993145744,1980.6930558218342,0.0,2176.846182387375,17793.034642467443,411
2608.456701301919,10977.563420985443,1975.1911367404573,0.0,2168.452137241916,17729.663396269734,412
2617.2787842851035,10919.908703965684,1969.79158190322,0.0,2160.140468882001,17667.119539036008,413
2626.1307607058448,10862.862104733003,1964.4926273995322,0.0,2151.9103223369793,17605.395815175358,414
2635.0127315418767,10806.418832024352,1959.2925320355325,0.0,2143.76085624128,17544.48495184304,415
2643.9247981048684,10750.574040667112,1954.1895773340887,0.0,2135.6912428344176,17484.37965894049,416
2652.86706204042,10695.322831579084,1949.182067534798,0.0,2127.700667960989,17425.07262911529,417
2661.8396253280666,10640.660251768499,1944.2683295939871,0.0,2119.7883310706748,17366.55653776123,418
2670.842590281275,10586.581294334002,1939.4467131847111,0.0,2111.9534452182397,17308.824043018227,419
2679.876059547447,10533.080898464672,1934.7155906967555,0.0,2104.1952370635304,17251.867785772403,420
2688.9401361079163,10480.153949440008,1930.0733572366335,0.0,2096.5129468714786,17195.680389656038,421
2698.03492327795,10427.795278629932,1925.5184306275887,0.0,2088.905828512098,17140.25446104757,422
2707.1605247067487,10375.99966349479,1921.0492514095936,0.0,2081.373149460487,17085.58258907162,423
2716.317044377447,10324.761827585357,1916.6642828393497,0.0,2073.9141907968265,17031.65734559898,424
2725.504586607112,10274.076440542824,1912.3620108902878,0.0,2066.528247206382,16978.471285246604,425
2734.7232560467432,10223.93811809881,1908.1409442525683,0.0,2059.2146269795003,16926.01694537762,426
2743.973157681275,10174.34142207536,1903.9996143330802,0.0,2051.9726520116137,16874.28684610133,427
2753.254396829575,10125.28086038494,1899.9365752554418,0.0,2044.8016578032375,16823.273490273197,428
2762.567079144442,10076.750887030445,1895.950403860001,0.0,2037.7009934599696,16772.969363494856,429
2771.91131061261,10028.74590210518,1892.0396997038347,0.0,2030.6700216924924,16723.366934114118,430
2781.287197554746,9981.260251792894,1888.203085060749,0.0,2023.7081188165703,16674.45865322496,431
2790.69484662545,9934.288228367745,1884.4392049212786,0.0,2016.8146747530523,16626.236954667525,432
2800.1343648132547,9887.824070194321,1880.7467269926892,0.0,2009.9890930278711,16578.69425502814,433
2809.605859440627,9841.86196172763,1877.1243416989732,0.0,2003.2307907720415,16531.822953639272,434
2819.109438163967,9796.396033513114,1873.5707621808547,0.0,1996.539198721663,16485.615432579598,435
2828.6452089736063,9751.420362186625,1870.0847242957852,0.0,1989.9137612179181,16440.064056673935,436
2838.2132801938124,9706.928970474448,1866.664986617946,0.0,1983.3539362070721,16395.16117349328,437
2847.813760482784,9662.915827193294,1863.310330438248,0.0,1976.859195240475,16350.8991133548,438
2857.4467588326543,9619.374847250285,1860.0195597643308,0.0,1970.4290234745586,16307.27018932183,439
2867.1123845694897,9576.299891642982,1856.7915013205634,0.0,1964.0629196708396,16264.266697203875,440
2876.810747353289,9533.684767459363,1853.6250045480438,0.0,1957.760396195918,16221.880915556612,441
2886.5419571779844,9491.523227877831,1850.5189416045996,0.0,1951.5209790214756,16180.10510568189,442
2896.3061243714424,9449.808972167211,1847.4722073647872,0.0,1945.34420772428,16138.931511627721,443
2906.1033595954614,9408.535645686754,1844.4837194198926,0.0,1939.2296354861805,16098.35236018829,444
2915.9337738457743,9367.696839886135,1841.5524180779312,0.0,1933.1768290941104,16058.35986090395,445
2925.797478452046,9327.286092305454,1838.6772663636461,0.0,1927.1853689400866,16018.946206061233,446
2935.6945850778757,9287.296886575237,1835.8572500185119,0.0,1921.254849021209,15980.103570692832,447
2945.625206260301,9247.7232360057,1833.0913259480492,0.0,1915.3848197870618,15941.824588001113,448
2955.589482386157,9208.589790705146,1830.37601510276,0.0,1909.5718493560405,15904.127137550104,449
2965.587540298901,9169.908858017336,1827.7096878520056,0.0,1903.8137511570922,15867.019837325333,450
2975.6194908225552,9131.675435096853,1825.0923782481943,0.0,1898.1100460824891,15830.497350250092,451
2985.6854452678817,9093.884562272968,1822.5241143467103,0.0,1892.4602577352973,15794.554379622858,452
2995.7855154323784,9056.531323049634,1820.0049182059133,0.0,1886.8639124293768,15759.185669117303,453
3005.9198136002797,9019.610844105488,1817.5348058871386,0.0,1881.3205391893812,15724.386002782287,454
3016.0884525425577,8983.118295293849,1815.1137874546976,0.0,1875.8296697507587,15690.150205041862,455
3026.291545516922,8947.048889642725,1812.7418669758763,0.0,1870.390838559751,15656.473140695276,456
3036.5292062678186,8911.397883354804,1810.4190425209376,0.0,1865.0035827733936,15623.349714916954,457
3046.8015490264306,8876.160575807462,1808.1453061631191,0.0,1859.6674422595165,15590.774873256527,458
3057.1086885106793,8841.332309552756,1805.9206439786344,0.0,1854.3819595967434,15558.743601638813,459
3067.4507399252216,8806.908470317425,1803.7450360466728,0.0,1849.1466800744913,15527.250926363811,460
3077.827818961452,8772.884487002899,1801.618456449399,0.0,1843.9611516929724,15496.291914106723,461
3088.240041797503,8739.255831685285,1799.5408732719534,0.0,1838.8249251631917,15465.861671917934,462
3098.687525098244,8706.01801961538,1797.5122486024522,0.0,1833.7375539069487,15435.955347223024,463
3109.1703860152793,8673.16660921866,1795.532538531987,0.0,1828.6985940568368,15406.568127822764,464
3119.688742186953,8640.697202095289,1793.6016931546253,0.0,1823.7076044562432,15377.69524189311,465
3130.242711738345,8608.605443020115,1791.71965656741,0.0,1818.7641466593493,15349.331957985218,466
3140.832413281273,8576.887019942664,1789.8863668703598,0.0,1813.86778493113,15321.473585025427,467
3151.457965914291,8545.537663987156,1788.1017561664687,0.0,1809.0180862473546,15294.11547231527,468
3162.119489222691,8514.553149452486,1786.3657505617068,0.0,1804.2146202945862,15267.253009531469,469
3172.8171032785012,8483.92929381224,1784.6782701650195,0.0,1799.4569594701816,15240.881626725943,470
3183.550928640487,8453.661957714685,1783.0392290883283,0.0,1794.744678882292,15214.996794325793,471
3194.321086354152,8423.74704498277,1781.4485354465294,0.0,1790.077356349862,15189.594023133313,472
3205.1276979517356,8394.180502614134,1779.9060913574956,0.0,1785.4545724026307,15164.668864325995,473
3215.970885452215,8364.958320781092,1778.4117929420747,0.0,1780.8759102811307,15140.216909456514,474
3226.8507713613044,8336.076532830652,1776.9655303240909,0.0,1776.3409559366885,15116.233790452734,475
3237.7674786714547,8307.531215284498,1775.567187630343,0.0,1771.8492980314254,15092.71517961772,476
3248.7211308618544,8279.318487839006,1774.2166429906058,0.0,1767.4005279382554,15069.65678962972,477
3259.711851898429,8251.434513365231,1772.9137685376304,0.0,1762.9942397408872,15047.054373542176,478
3270.7397662338412,8223.87549790891,1771.658430407143,0.0,1758.6300302338234,15024.903724783719,479
3281.80499880749,8196.637690690472,1770.450488737845,0.0,1754.3074989223603,15003.200677158167,480
3292.9076750455124,8169.717384105021,1769.2897976714141,0.0,1750.0262480225886,14981.941104844536,481
3304.0479208607826,8143.110913722352,1768.1762053525035,0.0,1745.785882461392,14961.12092239703,482
3315.225862652911,8116.814658286941,1767.109553928742,0.0,1741.5860098764492,14940.736084745044,483
3326.4416273082466,8090.82503971795,1766.0896795507338,0.0,1737.4262406162325,14920.782587193164,484
3337.6953421998733,8065.138523109223,1765.116412372059,0.0,1733.3061877400078,14901.256465421164,485
3348.9871351876136,8039.751616729288,1764.189576549273,0.0,1729.2254670178352,14882.153795484011,486
3360.3171346180275,8014.660872021359,1763.3089902419074,0.0,1725.1836969305689,14863.470693811863,487
3371.6854693244113,7989.862883603335,1762.474465612469,0.0,1721.1804986698567,14845.203317210073,488
3383.0922686267977,7965.354289267794,1761.6858088264405,0.0,1717.2154961381405,14827.347862859173,489
3394.5376623319585,7941.131769982005,1760.9428200522798,0.0,1713.2883159486562,14809.900568314899,490
3406.0217807334006,7917.192049887914,1760.245293461421,0.0,1709.3985874254338,14792.85771150817,491
3417.544754611369,7893.531896302158,1759.5930172282733,0.0,1705.5459426032967,14776.215610745097,492
3429.106715232846,7870.148119716054,1758.9857735302219,0.0,1701.730016227863,14759.970624706984,493
3440.7077943515505,7847.037573795602,1758.4233385476273,0.0,1697.950445755544,14744.119152450323,494
3452.348124207939,7824.19715538149,1757.9054824638263,0.0,1694.2068713535452,14728.6576334068,495
3464.0278375292037,7801.623804489089,1757.4319694651304,0.0,1690.4989358998666,14713.58254738329,496
3475.747067529276,7779.3145043084505,1757.0025577408276,0.0,1686.8262849833013,14698.890414561854,497
3487.5059479088227,7757.266281204315,1756.6169994831807,0.0,1683.1885669034368,14684.577795499756,498
3499.304612855249,7735.476204716106,1756.2750408874292,0.0,1679.5854326706542,14670.641291129437,499
3511.143197042696,7713.941387557928,1755.9764221517871,0.0,1676.0165360061292,14657.07754275854,500
3523.021835632043,7692.658985618573,1755.7208774774447,0.0,1672.481533341831,14643.88323206989,501
3534.940664270905,7671.626197961516,1755.5081350685675,0.0,1668.9800838205224,14631.05508112151,502
3546.899819093636,7650.840266824915,1755.3379171322974,0.0,1665.5118492957608,14618.58985234661,503
3558.8994367213254,7630.298477621614,1755.2099398787514,0.0,1662.0764943318973,14606.48434855359,504
3570.9396542618006,7609.99815893914,1755.123913521022,0.0,1658.6736862040768,14594.735412926038,505
3583.020609309626,7589.936682539706,1755.0795422751771,0.0,1655.3030948982384,14583.339929022746,506
3595.1424399461025,7570.111463360206,1755.0765243602614,0.0,1651.9643931111148,14572.294820777684,507
3607.305284739269,7550.5199595122185,1755.114551998294,0.0,1648.6572562502329,14561.597052500016,508
3619.509282743901,7531.1596722820095,1755.1933114142703,0.0,1645.3813624339132,14551.243628874094,509
3631.7545735015115,7512.028146130526,1755.312482836161,0.0,1642.1363924912712,14541.23159495947,510
3644.0412970403495,7493.1229686934,1755.4717404949129,0.0,1638.9220299622148,14531.55803619088,511
3656.369593875403,7474.441770780948,1755.6707526244477,0.0,1635.737961097447,14522.220078378246,512
3668.739605008395,7455.982226378171,1755.9091814616634,0.0,1632.5838748584642,14513.214887706694,513
3681.151471927787,7437.74205264475,1756.1866832464332,0.0,1629.459462917557,14504.539670736527,514
3693.605336608777,7419.7190099150575,1756.5029082216063,0.0,1626.3644196578098,14496.19167440325,515
3706.1013415133,7401.910901698145,1756.857500633007,0.0,1623.2984421731007,14488.168186017552,516
3718.6396295900295,7384.3155746777475,1757.250098729436,0.0,1620.2612302681025,14480.466533265315,517
3731.2203442743744,7366.930918712288,1757.680334762669,0.0,1617.2524864582815,14473.084084207612,518
3743.8436294884814,7349.754866834871,1758.1478349874576,0.0,1614.2719159698972,14466.018247280708,519
3756.5096296412335,7332.785395253284,1758.652219661529,0.0,1611.3192267400045,14459.266471296052,520
3769.218489628252,7316.020523350002,1759.1931030455858,0.0,1608.3941294164513,14452.82624544029,521
3781.9703548318953,7299.458313682181,1759.7700934033066,0.0,1605.4963373578794,14446.695099275263,522
3794.765371121258,7283.096871981664,1760.3827930013456,0.0,1602.6255666337252,14440.870602737992,523
3807.6036848521717,7266.934347154976,1761.0307981093322,0.0,1599.781536024218,14435.3503661407,524
3820.485442867206,7250.968931283326,1761.713698999872,0.0,1596.9639670203824,14430.132040170789,525
3833.410792495668,7235.198859622609,1762.4310799485459,0.0,1594.1725838240357,14425.21331589086,526
3846.3798815535997,7219.6224106034015,1763.1825192339102,0.0,1591.4071133477898,14420.591924738701,527
3859.392858343783,7204.237905830967,1763.9675891374977,0.0,1588.6672852150505,14416.265638527297,528
3872.4498716557346,7189.0437100852505,1764.7858559438162,0.0,1585.9528317600173,14412.23226944482,529
3885.5510707657095,7174.038231320883,1765.6368799403488,0.0,1583.2634880276837,14408.489670054623,530
3898.6966054366994,7159.219920667179,1766.5202154175547,0.0,1580.5989917738377,14405.035733295272,531
3911.8866259184333,7144.587272428136,1767.435410668869,0.0,1577.9590834650605,14401.8683924805,532
3925.1212829473775,7130.138824082438,1768.3820079907018,0.0,1575.343506278727,14398.985621299244,533
3938.4007277467344,7115.873156283452,1769.3595436824394,0.0,1572.7520061030075,14396.385433815634,534
3951.7251120264455,7101.788892859227,1770.3675480464433,0.0,1570.1843315368646,14394.06588446898,535
3965.094587983187,7087.884700812499,1771.405545388051,0.0,1567.6402338900557,14392.025068073792,536
3978.509308300374,7074.159290320688,1772.473054015575,0.0,1565.1194671831324,14390.261119819768,537
3991.9694261481573,7060.611414735897,1773.5695862403043,0.0,1562.6217881474392,14388.772215271796,538
4005.4750951834258,7047.239870584912,1774.694648376503,0.0,1560.1469562251157,14387.556570369954,539
4019.0264695498063,7034.043497569206,1775.847740741411,0.0,1557.6947335690945,14386.612441429517,540
4032.62370387766,7021.0211785649335,1777.0283576552433,0.0,1555.2648850431028,14385.93812514094,541
4046.2669532840882,7008.171839622935,1778.2359874411916,0.0,1552.8571782216616,14385.531958569878,542
4059.9563733729274,6995.494449968735,1779.4701124254225,0.0,1550.4713833900855,14385.392319157172,543
4073.692120234751,6982.988022002539,1780.7302089370783,0.0,1548.1072735444834,14385.517624718852,544
4087.474350446872,6970.651611299241,1782.0157473082768,0.0,1545.764624391758,14385.906333446146,545
4101.303221073337,6958.484316608419,1783.3261918741118,0.0,1543.443214349606,14386.556943905474,546
4115.178889664932,6946.485279854329,1784.6610009726528,0.0,1541.142824546518,14387.46799503843,547
4129.1015142591805,6934.653686135919,1786.0196269449443,0.0,1538.8632388217786,14388.638066161822,548
4143.071253380342,6922.988763726816,1787.4015161350073,0.0,1536.6042437254664,14390.065776967629,549
4157.088266039411,6911.489784075333,1788.8061088898376,0.0,1534.3656285184536,14391.749787523035,550
4171.152711734123,6900.156061804466,1790.232839559407,0.0,1532.1471851724068,14393.688798270403,551
4185.2647504489505,6888.986954711898,1791.6811364966632,0.0,1529.9487083697861,14395.881550027298,552
4199.424542655099,6877.981863769992,1793.150422057529,0.0,1527.7699955038463,14398.326823986466,553
4213.632249310515,6867.140233125799,1794.6401126009034,0.0,1525.610846678635,14401.023441715854,554
4227.888031859881,6856.46155010105,1796.1496184886603,0.0,1523.4710647089948,14403.970265158585,555
4242.192052234615,6845.945345192164,1797.6783440856502,0.0,1521.3504551205615,14407.166196632992,556
4256.544472852876,6835.591192070242,1799.2256877596983,0.0,1519.2488261497654,14410.610178832581,557
4270.9454566195545,6825.398707581071,1800.791041881606,0.0,1517.1659887438304,14414.301194826063,558
4285.395166926283,6815.367551745119,1802.37379282515,0.0,1515.1017565607744,14418.238268057326,559
4299.893767651429,6805.497427757541,1803.973320967083,0.0,1513.055945969409,14422.420462345463,560
4314.441423160098,6795.788081988174,1805.5890006871332,0.0,1511.0283760493407,14426.846881884747,561
4329.038298304129,6786.2393039815415,1807.2202003680043,0.0,1509.0188685909689,14431.516671244644,562
4343.6845584221055,6776.850926456849,1808.8662823953753,0.0,1507.0272480954873,14436.429015369817,563
4358.380369339341,6767.622825307986,1810.526603157902,0.0,1505.0533417748834,14441.583139580112,564
4373.12589736789,6758.554919603529,1812.2005130472144,0.0,1503.096979551939,14446.978309570573,565
4387.921309306541,6749.647171586735,1813.887356457919,0.0,1501.1579940602298,14452.613831411423,566
4402.766772440824,6740.899586675547,1815.586471787598,0.0,1499.2362206441248,14458.489051548093,567
4417.662454543,6732.312213462592,1817.2971914368084,0.0,1497.331497358788,14464.603356801188,568
4432.608523872075,6723.885143715181,1819.018841809084,0.0,1495.443664970176,14470.956174366516,569
4447.605149173785,6715.618512375309,1820.7507433109333,0.0,1493.572566955041,14477.546971815069,570
4462.652499680607,6707.512497559656,1822.492210351841,0.0,1491.718049500928,14484.37525709303,571
4477.750745111755,6699.567320559585,1824.242551344267,0.0,1489.8799615061757,14491.440578521784,572
4492.900055673177,6691.783245841141,1826.001068703647,0.0,1488.0581545799178,14498.742524797883,573
4508.1006020575605,6684.16058104506,1827.7670588483925,0.0,1486.2524830420807,14506.280724993094,574
4523.352555444331,6676.699676986755,1829.5398121998905,0.0,1484.4628039233862,14514.054848554362,575
4538.656087499649,6669.400927656327,1831.3186131825034,0.0,1482.6889769653492,14522.06460530383,576
4554.011370376414,6662.264770218559,1833.10274022357,0.0,1480.930864620278,14530.309745438819,577
4569.41857671426,6655.291685012918,1834.8914657534035,0.0,1479.1883320512761,14538.790059531857,578
4584.877879639561,6648.482195553557,1836.684056205294,0.0,1477.4612471322398,14547.505378530652,579
4600.3894527654265,6641.8368685293135,1838.4797720155063,0.0,1475.7494804478604,14556.455573758107,580
4615.953470191703,6635.356313803708,1840.2778676232815,0.0,1474.0529052936222,14565.640556912313,581
4631.57011457631,6629.03664920949,1842.079362227143,0.0,1472.371370170649,14575.057496183592,582
4647.239617586821,6622.8459244147225,1843.896299112174,0.0,1470.7045656910454,14584.686406804762,583
4662.962164567933,6616.777166831126,1845.7310657088653,0.0,1469.0523519277174,14594.522749035641,584
4678.737930386525,6610.829596852514,1847.5836399000536,0.0,1467.4146282338843,14604.565795372979,585
4694.567090658063,6605.002438436817,1849.453999005323,0.0,1465.791294298979,14614.814822399181,586
4710.449821746598,6599.294919106084,1851.3421197810046,0.0,1464.182250148647,14625.269110782334,587
4726.386300764768,6593.7062699464805,1853.2479784201764,0.0,1462.5873961447467,14635.927945276171,588
4742.376705573797,6588.235725608291,1855.1715505526638,0.0,1461.0066329853498,14646.790614720103,589
4758.421214783495,6582.882524305916,1857.112811245039,0.0,1459.439861704741,14657.856412039191,590
4774.52000775226,6577.645907817877,1859.071735000622,0.0,1457.8869836734175,14669.124634244177,591
4790.673264587074,6572.525121486807,1861.0482957594795,0.0,1456.34790059809,14680.59458243145,592
4806.881166143506,6567.519414219463,1863.0424668984256,0.0,1454.8225145216823,14692.265561783077,593
4823.143894025711,6562.628038486716,1865.0542212310208,0.0,1453.3107278233306,14704.13688156678,594
4839.461630586432,6557.850250323555,1867.083531007574,0.0,1451.8124432183845,14716.207855135946,595
4855.834558926995,6553.185309329088,1869.1303679151406,0.0,1450.3275637584065,14728.477799929631,596
4872.262862897316,6548.632478666541,1871.1947030775227,0.0,1448.855992831172,14740.946037472551,597
4888.746727095894,6544.191025063254,1873.2765070552705,0.0,1447.3976341606694,14753.611893375088,598
4905.286336869816,6539.860218810688,1875.3757498456805,0.0,1445.9523918071006,14766.474697333286,599
4921.881878314756,6535.639333764421,1877.492400882797,0.0,1444.5201701668798,14779.533783128853,600
4938.533538274972,6531.527647344148,1879.626429037411,0.0,1443.1008739726342,14792.788488629167,601
4955.241504343309,6527.5244405336825,1881.777802617061,0.0,1441.6944082932046,14806.238155787258,602
4972.0059648612,6523.628997880955,1883.9464893660327,0.0,1440.3006785336443,14819.882130641832,603
4988.827108918661,6519.840607498012,1886.1324564653582,0.0,1438.9195904352196,14833.71976331725,604
5005.705126354298,6516.158561061021,1888.3356705328176,0.0,1437.55105007541,14847.750408023547,605
5022.640207755301,6512.582153810265,1890.556097622938,0.0,1436.1949638679082,14861.973423056412,606
5039.632544457446,6509.1106845501445,1892.7937032269933,0.0,1434.8512385626193,14876.388170797203,607
5056.682328545096,6505.743455649179,1895.048452273005,0.0,1433.5197812456615,14890.994017712941,608
5073.789752851201,6502.479773040005,1897.3203091257415,0.0,1432.2004993393666,14905.790334356316,609
5090.955010957296,6499.318946219376,1899.609237586718,0.0,1430.8933006022785,14920.776495365668,610
5108.178297193502,6496.260288248162,1901.9152008941978,0.0,1429.598093129155,14935.951879465018,611
5125.459806638528,6493.303115751355,1904.2381617231904,0.0,1428.314785350966,14951.31586946404,612
5142.799735119667,6490.44674891806,1906.578082185453,0.0,1427.0432860348953,14966.867852258076,613
5160.1982792128,6487.6905115015015,1908.93492382949,0.0,1425.7835042843392,14982.607218828132,614
5177.655636242394,6485.033730819022,1911.3086476405522,0.0,1424.5353495389065,14998.533364240873,615
5195.172004281502,6482.475737752082,1913.6992140406385,0.0,1423.29873157442,15014.64568764864,616
5212.747582151763,6480.0158667462565,1916.1065828884946,0.0,1422.0735605029147,15030.943592289428,617
5230.382569423402,6477.653455811242,1918.5307134796133,0.0,1420.859746772639,15047.426485486896,618
5248.077166415231,6475.387846520851,1920.9715645462345,0.0,1419.6572011680541,15064.093778650371,619
5265.831574194647,6473.218384013013,1923.4290942573455,0.0,1418.4658348098344,15080.94488727484,620
5283.645994577635,6471.144416989777,1925.9032602186803,0.0,1417.2855591548673,15097.979230940959,621
5301.520630128767,6469.165297717307,1928.3940194727204,0.0,1416.1162859962526,15115.196233315048,622
5319.4556841611975,6467.280382025887,1930.9013284986947,0.0,1414.957927463304,15132.595322149082,623
5337.45136073667,6465.489029309917,1933.4251432125789,0.0,1413.8103960215474,15150.175929280713,624
5355.507864665514,6463.790602527915,1935.9654189670955,0.0,1412.6736044727222,15167.937490633245,625
5373.625401506644,6462.1844682025185,1938.522110551715,0.0,1411.5474659547806,15185.879446215658,626
5391.804177567565,6460.66999642048,1941.0951721926544,0.0,1410.4318939418877,15204.001240122587,627
5410.04439990436,6459.246560832671,1943.6845575528782,0.0,1409.3268022444217,15222.30232053433,628
5428.346276321707,6457.913538654079,1946.2902197320977,0.0,1408.2321050089738,15240.78213971686,629
5446.710015372864,6456.670310663812,1948.912111266772,0.0,1407.1477167183484,15259.440154021799,630
5465.13582635968,6455.5162612050935,1951.5501841301066,0.0,1406.0735521915622,15278.27582388644,631
5483.623919332586,6454.450778185264,1954.2043897320546,0.0,1405.0095265838456,15297.288613833753,632
5502.174505090603,6453.473253075786,1956.874678919316,0.0,1403.955555386642,15316.477992472346,633
5520.787795181335,6452.583080912233,1959.5610019753385,0.0,1402.9115544276071,15335.843432496513,634
5539.464001900975,6451.7796602943,1962.2633086203161,0.0,1401.8774398706103,15355.384410686202,635
5558.203338294299,6451.0623933858005,1964.9815480111906,0.0,1400.8531282157335,15375.100407907023,636
5577.006018154673,6450.4306859146645,1967.715668741651,0.0,1399.838536299272,15394.990909110262,637
5595.872256024048,6449.883947172938,1970.465618842133,0.0,1398.8335812937337,15415.055403332852,638
5614.802267192958,6449.4215900167865,1973.2313457798195,0.0,1397.83818070784,15435.293383697404,639
5633.796267700529,6449.043030866493,1976.012796458641,0.0,1396.8522523865245,15455.704347412187,640
5652.854474334468,6448.747689706457,1978.8099172192751,0.0,1395.8757145109348,15476.287795771135,641
5671.9771046310725,6448.534990085198,1981.6226538391459,0.0,1394.9084855984304,15497.043234153847,642
5691.164376875222,6448.40435911535,1984.4509515324253,0.0,1393.950484502585,15517.97017202558,643
5710.4165101003855,6448.355227473667,1987.294754950032,0.0,1393.001630413184,15539.068122937268,644
5729.733724088618,6448.3870294010185,1990.1540081796322,0.0,1392.0618428562268,15560.336604525495,645
5749.11623937056,6448.4992027023945,1993.0286547456392,0.0,1391.1310416939252,15581.77513851252,646
5768.564277225437,6448.6911887469005,1995.918637609213,0.0,1390.2091471247045,15603.383250706254,647
5788.078059681063,6448.96243246776,1998.8238991682613,0.0,1389.2960796832026,15625.160471000287,648
5807.657809513836,6449.312382362314,2001.7443812574384,0.0,1388.3917602402703,15647.106333373858,649
5827.303750248743,6449.740490492021,2004.6800251481466,0.0,1387.4961100029716,15669.220375891884,650
5847.016106159355,6450.246212482459,2007.6307715485343,0.0,1386.6090505145835,15691.502140704932,651
5866.795102267831,6450.829007523321,2010.5965606034981,0.0,1385.7305036545963,15713.951174049247,652
5886.640964344913,6451.488338368419,2013.5773318946808,0.0,1384.8603916387124,15736.567026246727,653
5906.5539189099345,6452.223671335682,2016.5730244404733,0.0,1383.998637018848,15759.349251704938,654
5926.534193230809,6453.034476307159,2019.5835766960126,0.0,1383.1451626831322,15782.297408917115,655
5946.582015324044,6453.920226729012,2022.608926553184,0.0,1382.2998918559067,15805.411060462146,656
5966.697613954724,6454.880399611525,2025.649011340619,0.0,1381.4627480977265,15828.689773004595,657
5986.881218636527,6455.914475529096,2028.7037678236966,0.0,1380.6336553053595,15852.133117294678,658
6007.133059631715,6457.021938620245,2031.7731322045431,0.0,1379.8125377117865,15875.740668168291,659
6027.453367951135,6458.202276587605,2034.8570401220318,0.0,1378.9993198862014,15899.512004546972,660
6047.842375354221,6459.454980697931,2037.9554266517832,0.0,1378.1939267340113,15923.446709437947,661
6068.300314348995,6460.779545782091,2041.068226306165,0.0,1377.3962834968356,15947.544369934085,662
6088.827418192062,6462.1754702350745,2044.1953730342918,0.0,1376.6063157525077,15971.804577213938,663
6109.423920888618,6463.642256015987,2047.336800222026,0.0,1375.823949415073,15996.226926541705,664
6130.090057192439,6465.179408648051,2050.4924406919763,0.0,1375.0491107347907,16020.811017267257,665
6150.826062605893,6466.786437218608,2053.662226703499,0.0,1374.2817262981323,16045.55645282613,666
6171.63217337993,6468.462854379116,2056.8460899526976,0.0,1373.5217230277826,16070.462840739527,667
6192.508626514088,6470.208176345152,2060.043961572423,0.0,1372.7690281826399,16095.529792614303,668
6213.455659756493,6472.02192289641,2063.2557721322723,0.0,1372.0235693578145,16120.75692414299,669
6234.473511603855,6473.903617376699,2066.481451638591,0.0,1371.2852744846302,16146.143855103774,670
6255.562421301469,6475.85278669395,2069.7209295344705,0.0,1370.554071830624,16171.690209360513,671
6276.722628843221,6477.8689613202105,2072.9741346997507,0.0,1369.8298899995457,16197.39561486273,672
6297.9543749715785,6479.9516752916425,2076.240995451017,0.0,1369.112657931358,16223.259703645595,673
6319.257901177597,6482.10046620853,2079.521439541604,0.0,1368.4023049022362,16249.282111829967,674
6340.633449700919,6484.31487523527,2082.815394161592,0.0,1367.6987605245697,16275.46247962235,675
6362.0812635297725,6486.594447100381,2086.1227859378087,0.0,1367.0019547469599,16301.800451314923,676
6383.601586400971,6488.938730096499,2089.4435409338284,0.0,1366.3118178542215,16328.29567528552,677
6405.194662799917,6491.347276080374,2092.7775846499744,0.0,1365.6282804673824,16354.94780399765,678
6426.860737960595,6493.819640472879,2096.1248420233155,0.0,1364.9512735436833,16381.756494000472,679
6448.600057865579,6496.355382258998,2099.485237427668,0.0,1364.2807283765776,16408.72140592882,680
6470.412869246029,6498.954063987839,2102.8586946735954,0.0,1363.616576595732,16435.8422045032,681
6492.299419581689,6501.615251772623,2106.245137008409,0.0,1362.9587501670267,16463.11855852975,682
6514.259957100893,6504.338515290693,2109.644487116166,0.0,1362.3071813925537,16490.550140900305,683
6536.294730780557,6507.123427783505,2113.056667117672,0.0,1361.661802910619,16518.13662859235,684
6558.403990346187,6509.969566056634,2116.481598570479,0.0,1361.0225476957412,16545.87770266904,685
6580.587986271873,6512.876510479776,2119.9192024688864,0.0,1360.389349058652,16573.77304827919,686
6602.846969780292,6515.84384498674,2123.3693992439407,0.0,1359.7621406462956,16601.82235465727,687
6625.181192842707,6518.871157075456,2126.832108763436,0.0,1359.1408564418302,16630.02531512343,688
6647.590908178966,6521.958037807969,2130.3072503319117,0.0,1358.5254307646262,16658.381627083472,689
6670.076369257506,6525.104081810443,2133.7947426906576,0.0,1357.915798270267,16686.89099202887,690
6692.637830295349,6528.3088872731605,2137.294504017708,0.0,1357.3118939505493,16715.553115536764,691
6715.275546258103,6531.57205595052,2140.8064519278446,0.0,1356.7136531334827,16744.36770726995,692
6737.989772859963,6534.893193161039,2144.330503472598,0.0,1356.12101148329,16773.33448097689,693
6760.780766563707,6538.27190778735,2147.866575140244,0.0,1355.5339050004063,16802.453154491708,694
6783.648784580704,6541.707812276206,2151.414582855807,0.0,1354.9522700214804,16831.723449734196,695
6806.594084870909,6545.200522638477,2154.9744419810577,0.0,1354.3760432193737,16861.145092709816,696
6829.616926142857,6548.74965844915,2158.5460673145135,0.0,1353.805161603161,16890.717813509684,697
6852.717567853676,6552.3548428473305,2162.129373091441,0.0,1353.2395625181296,16920.441346310578,698
6875.896270209078,6556.01570253624,2165.724272983851,0.0,1352.6791836457799,16950.31542937495,699
6899.1532941633595,6559.731867783218,2169.3306801005037,0.0,1352.1239630038258,16980.33980505091,700
6922.488901419408,6563.502972419724,2172.9485069869065,0.0,1351.5738389461933,17010.51421977223,701
6945.903354428691,6567.328653841333,2176.5776656253124,0.0,1351.028750163022,17040.83842405836,702
6969.396916391268,6571.208553007737,2180.2180674347223,0.0,1350.4886356806649,17071.31217251439,703
6992.969851255779,6575.142314442747,2183.8696232708853,0.0,1349.9534348616867,17101.9352238311,704
7016.6224237194565,6579.129586234291,2187.5322434262957,0.0,1349.4230874048665,17132.70734078491,705
7040.354899228114,6583.170020034417,2191.2058376301966,0.0,1348.8975333451951,17163.628290237924,706
7064.167543976155,6587.263271059285,2194.890315048577,0.0,1348.3767130538774,17194.697843137896,707
7088.060629910826,6591.40900716834,2198.5856240904754,0.0,1347.860574636917,17225.915835806558,708
7112.03452709507,6595.607124350496,2202.2925239716183,0.0,1347.3492208484536,17257.28339626564,709
7136.089541080193,6599.857518857105,2206.011342922353,0.0,1346.8426831817926,17288.801086041443,710
7160.225936962771,6604.160028190173,2209.74209072419,0.0,1346.340935245989,17320.46899112312,711
7184.443981013458,6608.51448979364,2213.4847769061316,0.0,1345.8439506728325,17352.28719838606,712
7208.743940676982,6612.920741053385,2217.2394107446735,0.0,1345.3517031168483,17384.25579559189,713
7233.126084572144,6617.378619297223,2221.006001263802,0.0,1344.864166255296,17416.374871388463,714
7257.59068249182,6621.887961794907,2224.7845572349947,0.0,1344.3813137881705,17448.64451530989,715
7282.138005402964,6626.448605758126,2228.5750871772225,0.0,1343.903119438202,17481.064817776514,716
7306.7683254466,6631.060388340508,2232.377599356947,0.0,1343.4295569508558,17513.635870094913,717
7331.48191593783,6635.723146637618,2236.192101788122,0.0,1342.9606000943318,17546.3577644579,718
7356.279051365829,6640.436717686955,2240.0186022321927,0.0,1342.4962226595653,17579.230593944543,719
7381.160007393848,6645.200938467959,2243.8571081980967,0.0,1342.0363984602266,17612.25445252013,720
7406.125060859211,6650.015645902005,2247.7076269422632,0.0,1341.581101332721,17645.4294350362,721
7431.174489773317,6654.880676852407,2251.5701654686136,0.0,1341.1303051361886,17678.755637230526,722
7456.308573321641,6659.7958681244145,2255.4447305285603,0.0,1340.6839837525051,17712.23315572712,723
7481.527591863733,6664.761056465214,2259.3313286210077,0.0,1340.242111086281,17745.862088036236,724
7506.831826933214,6669.776078563931,2263.2299659923533,0.0,1339.8046610648619,17779.64253255436,725
7532.221561237784,6674.840771051627,2267.140648636484,0.0,1339.371607638328,17813.57458856422,726
7557.697078659216,6679.9549705013,2271.063382294781,0.0,1338.9429247794953,17847.65835623479,727
7583.258664253355,6685.118513427887,2274.9981724561158,0.0,1338.5185864839145,17881.893936621273,728
7608.906604250127,6690.331236288259,2278.945024356852,0.0,1338.0985667698712,17916.28143166511,729
7634.641186053526,6695.592975481229,2282.903942980846,0.0,1337.6828396783862,17950.820944193987,730
7660.462698241626,6700.903567347543,2286.874933059444,0.0,1337.2713792732154,17985.512577921825,731
7686.371430566571,6706.262848169887,2290.8579990714857,0.0,1336.86415964085,18020.35643744879,732
7712.367673954583,6711.67065417288,2294.8531452433026,0.0,1336.4611548905154,18055.35262826128,733
7738.451720505957,6717.126821523084,2298.8603755487165,0.0,1336.0623391541728,18090.50125673193,734
7764.623863495064,6722.631186328994,2302.8796937090433,0.0,1335.6676865865186,18125.80243011962,735
7790.884397370349,6728.183584641043,2306.9111031930884,0.0,1335.2771713649838,18161.256256569464,736
7817.233617754331,6733.783852451602,2310.9546072171506,0.0,1334.8907676897343,18196.862845112817,737
7843.671821443605,6739.431825694978,2315.0102087450196,0.0,1334.5084497836717,18232.622305667275,738
7870.199306408838,6745.127340247418,2319.077910487978,0.0,1334.130191892432,18268.534749036666,739
7896.816371794776,6750.8702319271015,2323.157714904799,0.0,1333.7559682843867,18304.600286911063,740
7923.523317920237,6756.660336494149,2327.2496242017487,0.0,1333.3857532506422,18340.819031866777,741
7950.320446278113,6762.497489650617,2331.353640332584,0.0,1333.01952110504,18377.191097366358,742
7977.208059535372,6768.381527040498,2335.4697649985537,0.0,1332.6572461841565,18413.716597758583,743
8004.186461533056,6774.312284249725,2339.5979996483998,0.0,1332.2989028473035,18450.39564827848,744
8031.255957286283,6780.289596806164,2343.738345478355,0.0,1331.9444654765273,18487.22836504733,745
8058.416852984243,6786.313300179621,2347.890803432143,0.0,1331.5939084766096,18524.21486507262,746
8085.669455990204,6792.383229781838,2352.0553742009815,0.0,1331.2472062750674,18561.355266248094,747
8113.014074841506,6798.499220966494,2356.232058223578,0.0,1330.904333322152,18598.64968735373,748
8140.451019249565,6804.661109029206,2360.4208556861327,0.0,1330.5652640908509,18636.098248055758,749
8167.980600099872,6810.868729207529,2364.621766522338,0.0,1330.2299730768857,18673.701068906626,750
8195.60312945199,6817.121916680952,2368.834790413377,0.0,1329.898434798713,18711.458271345033,751
8223.318920539563,6823.420506570906,2373.0599267879256,0.0,1329.5706237975253,18749.36997769592,752
8251.1282877703,6829.764333940753,2377.297174822151,0.0,1329.2465146372492,18787.43631117045,753
8279.031546725993,6836.153233795798,2381.546533439713,0.0,1328.9260819045473,18825.657395866052,754
8307.029014162505,6842.5870410832795,2385.808001311762,0.0,1328.6093002088164,18864.033356766362,755
8335.121008009774,6849.065590692374,2390.081576856941,0.0,1328.296144182189,18902.56431974128,756
8363.307847371816,6855.588717454198,2394.3672582413847,0.0,1327.986588479532,18941.25041154693,757
8391.589852526715,6862.1562561417995,2398.6650433787195,0.0,1327.680607778448,18980.091759825682,758
8419.967344926634,6868.768041470169,2402.974929930064,0.0,1327.378176779274,19019.08849310614,759
8448.44064719781,6875.4239080962325,2407.2969153040276,0.0,1327.079270205083,19058.240740803154,760
8477.010083140558,6882.123690618851,2411.630996656713,0.0,1326.7838628016823,19097.548633217804,761
8505.675977729263,6888.867223578825,2415.9771708917133,0.0,1326.4919293376142,19137.012301537416,762
8534.438657112383,6895.654341458893,2420.335434660115,0.0,1326.2034446041566,19176.63187783555,763
8563.298448612455,6902.484878683728,2424.7057843604944,0.0,1325.918383415322,19216.407495072002,764
8592.255680726092,6909.358669619942,2429.0882161389213,0.0,1325.636720607858,19256.33928709281,765
8621.310683123977,6916.275548576084,2433.482725888957,0.0,1325.3584310412475,19296.427388630265,766
8650.463786650871,6923.235349802638,2437.8893092516537,0.0,1325.0834895977084,19336.671935302875,767
8679.715323325607,6930.237907492029,2442.3079616155565,0.0,1324.8118711821933,19377.073063615382,768
8709.065626341095,6937.2830557786165,2446.738678116701,0.0,1324.5435507223904,19417.630910958804,769
8738.515030064318,6944.370628738698,2451.181453638617,0.0,1324.2785031687224,19458.345615610357,770
8768.063870036336,6951.500460390507,2455.6362828123238,0.0,1324.0167034943474,19499.217316733517,771
8797.712482972282,6958.672384694218,2460.103160016333,0.0,1323.7581266951588,19540.246154377994,772
8827.461206761362,6965.886235551937,2464.582079376649,0.0,1323.5027477897843,19581.432269479734,773
8857.310380466859,6973.141846807711,2469.0730347667663,0.0,1323.2505418195874,19622.775803860924,774
8887.260344326132,6980.439052247524,2473.576019807674,0.0,1323.0014838486663,19664.276900229997,775
8917.31143975061,6987.777685599295,2478.09102786785,0.0,1322.7555489638542,19705.93570218161,776
8947.464009325804,6995.157580532883,2482.6180520632656,0.0,1322.5127122747194,19747.75235419667,777
8977.71839681129,7002.578570660083,2487.157085257384,0.0,1322.2729489135654,19789.72700164232,778
9008.074947140727,7010.0404895346255,2491.708120061159,0.0,1322.0362340354307,19831.85979077194,779
9038.534006421844,7017.54317065218,2496.2711488330383,0.0,1321.8025428180888,19874.15086872515,780
9069.095921936447,7025.086447450354,2500.8461636789593,0.0,1321.5718504620484,19916.60038352781,781
9099.761042140415,7032.67015330869,2505.4331564523527,0.0,1321.3441321905527,19959.20848409201,782
9130.529716663705,7040.294121548668,2510.03211875414,0.0,1321.1193632495808,20001.975320216094,783
9161.402296310343,7047.9581854337075,2514.643041932735,0.0,1320.8975189078465,20044.901042584628,784
9192.379133058435,7055.662178169163,2519.2659170840434,0.0,1320.678574456798,20087.98580276844,785
9223.46058006016,7063.405932902326,2523.900735051462,0.0,1320.4625052106198,20131.22975322457,786
9254.64699164177,7071.189282722426,2528.5474864258813,0.0,1320.2492865062304,20174.63304729631,787
9285.938723303592,7079.01206066063,2533.2061615456814,0.0,1320.038893703284,20218.195839213186,788
9317.33613172003,7086.8740996900415,2537.876750496735,0.0,1319.8313021841695,20261.918284090978,789
9348.839574739563,7094.775232725701,2542.5592431124073,0.0,1319.6264873540108,20305.80053793168,790
9380.449411384738,7102.715292624588,2547.253628973555,0.0,1319.4244246406674,20349.842757623548,791
9412.166001852185,7110.694112185616,2551.959897408525,0.0,1319.225089494733,20394.045100941057,792
9443.989707512605,7118.711524149639,2556.678037493159,0.0,1319.0284573895374,20438.407726544938,793
9475.920890910773,7126.767361199446,2561.4080380507885,0.0,1318.8345038211442,20482.930793982152,794
9507.959915765543,7134.861455959763,2566.149887652237,0.0,1318.6432043083532,20527.614463685895,795
9540.107146969835,7142.993640997254,2570.9035746158197,0.0,1318.4545343926986,20572.458896975604,796
9572.362950590652,7151.163748820522,2575.669087007345,0.0,1318.26846963845,20617.464256056966,797
9604.727693869068,7159.371611880104,2580.4464126401112,0.0,1318.0849856326117,20662.630704021896,798
9637.201745220234,7167.617062568475,2585.23553907491,0.0,1317.9040579849234,20707.958404848545,799
9669.785474233373,7175.899933220049,2590.0364536200236,0.0,1317.7256623278595,20753.447523401304,800
9702.47925167178,7184.220056111175,2594.849143331227,0.0,1317.54977431663,20799.09822543081,801
9735.283449472834,7192.57726346014,2599.673595011787,0.0,1317.3763696291794,20844.910677573942,802
9768.19844074798,7200.971387427168,2604.509795212461,0.0,1317.2054239661873,20890.885047353797,803
9801.22459978274,7209.402260114421,2609.3577302314998,0.0,1317.036913051069,20937.021503179727,804
9834.362302036712,7217.869713565997,2614.2173861146457,0.0,1316.8708126299737,20983.32021434733,805
9867.61192414357,7226.373579767933,2619.088748655132,0.0,1316.707098471787,21029.781351038422,806
9900.97384391106,7234.9136906482,2623.971803393684,0.0,1316.5457463681284,21076.40508432107,807
9934.448440321,7243.489878076709,2628.8665356185193,0.0,1316.3867321333532,21123.191586149584,808
9968.03609352929,7252.101973865308,2633.7729303653473,0.0,1316.2300316045516,21170.141029364495,809
10001.7371848659,7260.74980976778,2638.690972417369,0.0,1316.0756206415483,21217.253587692598,810
10035.552096834876,7269.433217479847,2643.620646305277,0.0,1315.923475126904,21264.529435746903,811
10069.481213114334,7278.152028639169,2648.561936307256,0.0,1315.7735709659137,21311.96874902667,812
10103.524918556472,7286.9060748253405,2653.514826448983,0.0,1315.6258840866076,21359.5717039174,813
10137.683599187558,7295.695187559896,2658.4793005036254,0.0,1315.480390439751,21407.33847769083,814
10171.957642207937,7304.519198306305,2663.4553419918448,0.0,1315.337065998845,21455.269248504934,815
10206.34743599203,7313.377938469975,2668.4429341817913,0.0,1315.1958867601243,21503.36419540392,816
10240.853370088325,7322.27123939825,2673.44206008911,0.0,1315.0568287425597,21551.623498318244,817
10275.475835219393,7331.198932380413,2678.4527024769354,0.0,1314.9198679878568,21600.047338064596,818
10310.21522328188,7340.1608486476825,2683.474843855896,0.0,1314.7849805604562,21648.635896345917,819
10345.071927346498,7349.1568193732155,2688.50846648411,0.0,1314.6521425475337,21697.389355751355,820
10380.046341658042,7358.186675672105,2693.5535523671897,0.0,1314.5213300589999,21746.307899756335,821
10415.138861635378,7367.25024860138,2698.610083258237,0.0,1314.3925192275008,21795.391712722496,822
10450.349883871448,7376.34736916001,2703.6780406578464,0.0,1314.2656862084168,21844.640979897726,823
10485.679806133267,7385.477868288901,2708.757405814105,0.0,1314.1408071798644,21894.055887416136,824
10521.129027361927,7394.641576870892,2713.848159722591,0.0,1314.0178583426941,21943.636622298105,825
10556.697947672594,7403.838325730764,2718.950283126374,0.0,1313.8968159204921,21993.383372450226,826
10592.386968354505,7413.067945635234,2724.063756516017,0.0,1313.7776561595795,22043.296326665335,827
10628.19649187098,7422.330267292953,2729.1885601295726,0.0,1313.6603553290124,22093.37567462252,828
10664.126921859403,7431.625121354516,2734.3246739525866,0.0,1313.544889720582,22143.621606887085,829
10700.178663131243,7440.952338412447,2739.472077718097,0.0,1313.4312356488144,22194.0343149106,830
10736.352121672033,7450.311749001214,2744.630750906633,0.0,1313.319369450971,22244.613991030852,831
10772.647704641393,7459.703183597217,2749.800672746215,0.0,1313.209267487048,22295.360828471872,832
10809.065820373005,7469.126472618797,2754.981822212356,0.0,1313.1009061397772,22346.275021343936,833
10845.606878374638,7478.581446426231,2760.174178028061,0.0,1312.9942618146245,22397.35676464355,834
10882.271289328124,7488.067935321731,2765.3777186638263,0.0,1312.8893109397916,22448.60625425347,835
10919.05946508938,7497.585769549451,2770.59242233764,0.0,1312.7860299662154,22500.023686942688,836
10955.97181868839,7507.134779295476,2775.818267014983,0.0,1312.684395367567,22551.609260366415,837
10993.008764329214,7516.714794687833,2781.0552304088264,0.0,1312.5843836402535,22603.363173066125,838
11030.170717389992,7526.325645796485,2786.3032899796344,0.0,1312.4859713034161,22655.28562446953,839
11067.458094422933,7535.967162633331,2791.5624229353625,0.0,1312.389134898932,22707.37681489056,840
11104.871313154323,7545.639175152208,2796.8326062314577,0.0,1312.2938509914131,22759.6369455294,841
11142.410792484521,7555.34151324889,2802.11381657086,0.0,1312.200096168206,22812.06621847248,842
11180.076952487963,7565.074006761088,2807.4060304039995,0.0,1312.1078470393927,22864.664836692442,843
11217.870214413158,7574.836485468451,2812.7092239288004,0.0,1312.0170802377902,22917.4330040482,844
11255.791000682691,7584.628779092565,2818.0233730906757,0.0,1311.9277724189506,22970.370925284886,845
11293.839734893223,7594.4507172969525,2823.348453582533,0.0,1311.8399002611611,23023.478806033872,846
11332.016841815483,7604.302129687073,2828.6844408447705,0.0,1311.7534404654434,23076.756852812767,847
11370.322747394279,7614.182845810324,2834.031310065278,0.0,1311.6683697555554,23130.205273025436,848
11408.7578787485,7624.09269515604,2839.3890361794374,0.0,1311.5846648779889,23183.824274961964,849
11447.322664171097,7634.0315071554905,2844.757593870123,0.0,1311.5023026019712,23237.61406779868,850
11486.017533129108,7643.999111181888,2850.1369575677,0.0,1311.4212597194648,23291.574861598157,851
11524.842916263637,7653.995336550375,2855.527101450026,0.0,1311.3415130451672,23345.706867309207,852
11563.799245389864,7664.020012518037,2860.9279994424496,0.0,1311.2630394165108,23400.01029676686,853
11602.887090896955,7674.0734601888435,2866.3398018764956,0.0,1311.1858760599519,23454.486229022248,854
11642.107120410245,7684.156426012662,2871.7628133049798,0.0,1311.1101148461269,23509.136474574014,855
11681.459763948737,7694.26886032607,2877.197053559547,0.0,1311.0357517811285,23563.961429615483,856
11720.945449139264,7704.410698015819,2882.6425369247236,0.0,1310.9627810167904,23618.9614650966,857
11760.564605586545,7714.581873616488,2888.0992775490963,0.0,1310.891196687394,23674.136953439523,858
11800.317664873188,7724.782321310481,2893.567289445314,0.0,1310.8209929096713,23729.48826853865,859
11840.20506055969,7735.011974928029,2899.046586490089,0.0,1310.752163782802,23785.01578576061,860
11880.22722818443,7745.270767947188,2904.537182424193,0.0,1310.6847033884155,23840.719881944227,861
11920.384605263682,7755.558633493839,2910.039090852462,0.0,1310.6186057905904,23896.600935400573,862
11960.6776312916,7765.8755043416895,2915.552325243793,0.0,1310.5538650358542,23952.659325912937,863
12001.106747740234,7776.221312912273,2921.076898931145,0.0,1310.490475153183,24008.895434736834,864
12041.672398059514,7786.595991274948,2926.612825111539,0.0,1310.4284301540026,24065.309644600005,865
12082.375027677263,7796.999471146897,2932.160116846059,0.0,1310.3677240321874,24121.902339702407,866
12123.215083999188,7807.431683893134,2937.718787059848,0.0,1310.3083507640613,24178.673905716234,867
12164.193016408884,7817.892560526491,2943.288848542116,0.0,1310.2503043083966,24235.62472978589,868
12205.309276267837,7828.3820317076315,2948.8703139461295,0.0,1310.1935786064155,24292.755200528012,869
12246.564316915417,7838.900027745042,2954.4631957892207,0.0,1310.1381675817884,24350.06570803147,870
12287.958593668885,7849.446478595036,2960.0675064527823,0.0,1310.0840651406354,24407.55664385734,871
12329.492563823385,7860.021313861751,2965.6832581822696,0.0,1310.031265171525,24465.228401038934,872
12371.166686651952,7870.624462797152,2971.3104630871994,0.0,1309.9797615454759,24523.081374081783,873
12412.981423405508,7881.255854301028,2976.949133141151,0.0,1309.9295481159543,24581.11595896364,874
12454.937237312863,7891.915416920996,2982.5992801817647,0.0,1309.8806187188768,24639.3325531345,875
12497.034593580714,7902.603078852497,2988.260915910744,0.0,1309.832967172608,24697.731555516566,876
12539.273959393644,7913.3187679387975,2993.9340518938543,0.0,1309.7865872779628,24756.31336650426,877
12581.65580391413,7924.06241167099,2999.6186995609214,0.0,1309.7414728182036,24815.078387964244,878
12624.180598282524,7934.833937187994,3005.3148702058347,0.0,1309.6976175590432,24874.027023235394,879
12666.848815617082,7945.6332712765525,3011.022574986546,0.0,1309.655015248643,24933.159677128824,880
12709.660931013934,7956.460340371235,3016.7418249250663,0.0,1309.6136596176127,24992.476755927848,881
12752.617421547106,7967.3150705544385,3022.472630907472,0.0,1309.5735443790122,25051.978667388026,882
12795.718766268505,7978.197387556384,3028.2150036839002,0.0,1309.5346632283502,25111.66582073714,883
12838.965446207932,7989.1072167551165,3033.9689538685484,0.0,1309.4970098435838,25171.53862667518,884
12882.357944373072,8000.04448317651,3039.7344919396787,0.0,1309.4605778851196,25231.59749737438,885
12925.896745749498,8011.0091114942625,3045.511628239613,0.0,1309.4253609958134,25291.842846479187,886
12969.582337300671,8022.001026029898,3051.3003729747365,0.0,1309.3913528009698,25352.275089106275,887
13013.41520796794,8033.020150752766,3057.1007362154965,0.0,1309.3585469083425,25412.894641844545,888
13057.395848670541,8044.0664092800425,3062.9127278964006,0.0,1309.3269369081345,25473.70192275512,889
13101.524752305597,8055.139724876728,3068.7363578160207,0.0,1309.2965163729975,25534.697351371346,890
13145.80241374812,8066.240020455649,3074.5716356369894,0.0,1309.2672788580323,25595.88134869879,891
13190.229329851012,8077.367218577458,3080.418570886001,0.0,1309.239217900789,25657.254337215258,892
13234.805999445056,8088.521241450633,3086.277172953812,0.0,1309.2123270212664,25718.816740870767,893
13279.53292333893,8099.702010931478,3092.147451095242,0.0,1309.1865997219127,25780.568985087564,894
13324.41060431919,8110.909448524123,3098.0294144291715,0.0,1309.162029487625,25842.51149676011,895
13369.43954715029,8122.143475380522,3103.9230719385428,0.0,1309.1386097857494,25904.644704255104,896
13414.620258574569,8133.404012300457,3109.828432470361,0.0,1309.1163340660812,25966.96903741147,897
13459.953247312247,8144.690979731535,3115.745504735692,0.0,1309.0951957608645,26029.48492754034,898
13505.439024061441,8156.004297769186,3121.6742973096657,0.0,1309.0751882847926,26092.19280742509,899
13551.078101498148,8167.34388615667,3127.6148186314717,0.0,1309.056305035008,26155.093111321294,900
13596.870994276258,8178.70966428507,3133.567077004363,0.0,1309.0385393911024,26218.18627495679,901
13642.818219027544,8190.1015511932965,3139.5310805956547,0.0,1309.0218847151157,26281.47273553161,902
13688.920294361671,8201.519465568083,3145.5068374367224,0.0,1309.0063343515376,26344.952931718013,903
13735.177740866187,8212.96332574399,3151.4943554230053,0.0,1308.9918816273066,26408.627303660487,904
13781.591081106535,8224.433049703404,3157.4936423140043,0.0,1308.9785198518107,26472.496292975757,905
13828.160839626038,8235.92855507654,3163.5047057332813,0.0,1308.9662423168863,26536.560342752742,906
13874.88754294591,8247.449759141431,3169.527553168461,0.0,1308.955042296819,26600.81989755262,907
13921.77171956525,8258.996578823944,3175.5621919712303,0.0,1308.9449130483438,26665.275403408767,908
13968.81389996105,8270.568930697767,3181.6086293573376,0.0,1308.9358478106446,26729.9273078268,909
14016.014616588183,8282.166730984416,3187.666872406593,0.0,1308.927839805354,26794.776059784548,910
14063.374403879418,8293.789895553231,3193.73692806287,0.0,1308.9208822365542,26859.82210973207,911
14110.893798245403,8305.438339921378,3199.818803134102,0.0,1308.9149682907762,26925.06590959166,912
14158.573338074677,8317.111979253848,3205.912504292286,0.0,1308.9100911369997,26990.507912757814,913
14206.41356373367,8328.810728363462,3212.0180380734805,0.0,1308.9062439266543,27056.148574097268,914
14254.415017566691,8340.53450171086,3218.1354108778055,0.0,1308.9034197936176,27121.988349948973,915
14302.578243895949,8352.28321340451,3224.264628969444,0.0,1308.9016118542172,27188.027698124122,916
14350.90378902153,8364.05677720071,3230.4056984766403,0.0,1308.9008132072292,27254.267077906108,917
14399.392201221412,8375.855106503579,3236.558625391701,0.0,1308.901016933879,27320.706950050568,918
14448.044030751458,8387.678114365066,3242.7234155709934,0.0,1308.902216097841,27387.34777678536,919
14496.859829845424,8399.525713484938,3248.900074734949,0.0,1308.9044037452381,27454.190021810547,920
14545.84015271495,8411.397816210796,3255.0886084680606,0.0,1308.9075729046435,27521.23415029845,921
14594.985555549561,8423.29433453806,3261.289022218881,0.0,1308.9117165870782,27588.48062889358,922
14644.296596516677,8435.215180109983,3267.501321300028,0.0,1308.916827786013,27655.9299257127,923
14693.773835761596,8447.160264217637,3273.7255108881786,0.0,1308.9228994773675,27723.58251034478,924
14743.417835407512,8459.129497799922,3279.9615960240744,0.0,1308.9299246195105,27791.438853851017,925
14793.229159555503,8471.122791443566,3286.209581612517,0.0,1308.9378961532593,27859.499428764848,926
14843.208374284537,8483.140055383119,3292.469472422371,0.0,1308.946807001881,27927.764709091905,927
14893.356047651465,8495.18119950096,3298.7412730865626,0.0,1308.9566500710914,27996.235170310076,928
14943.672749691028,8507.24613332729,3305.0249881020795,0.0,1308.9674182490553,28064.911289369455,929
14994.159052415855,8519.334766040138,3311.320621829973,0.0,1308.9791044063868,28133.793544692355,930
15044.815529816464,8531.44700646536,3317.6281784953544,0.0,1308.9917013961488,28202.882416173325,931
15095.64275786126,8543.582763076636,3323.9476621873987,0.0,1309.005202053853,28272.178385179148,932
15146.641314496534,8555.74194399547,3330.2790768593413,0.0,1309.019599197461,28341.681934548804,933
15197.811779646463,8567.924456991195,3336.622426328481,0.0,1309.034885627383,28411.39354859352,934
15249.154735213117,8580.130209480969,3342.977714276178,0.0,1309.0510541264775,28481.31371309674,935
15300.670765076451,8592.359108529772,3349.3449442478545,0.0,1309.0680974600532,28551.442915314135,936
15352.360455094304,8604.611060850417,3355.7241196529944,0.0,1309.0860083758676,28621.781643973583,937
15404.224393102408,8616.885972803535,3362.1152437651435,0.0,1309.1047796041266,28692.330389275216,938
15456.263168914382,8629.183750397586,3368.5183197219108,0.0,1309.1244038574862,28763.089642891366,939
15508.47737432173,8641.504299288856,3374.933350524966,0.0,1309.14487383105,28834.059897966603,940
15560.867603093844,8653.847524781459,3381.3603390400413,0.0,1309.1661822023725,28905.241649117714,941
15613.434450978006,8666.213331827328,3387.7992879969306,0.0,1309.1883216314554,28976.63539243372,942
15666.178515699381,8678.60162502623,3394.25019998949,0.0,1309.211284760751,29048.24162547585,943
15719.100396961028,8691.01230862575,3400.713077475638,0.0,1309.2350642151594,29120.06084727757,944
15772.200696443892,8703.445286521302,3407.187922777354,0.0,1309.2596526020304,29192.09355834458,945
15825.4800178068,8715.90046225613,3413.67473808068,0.0,1309.2850425111633,29264.340260654775,946
15878.93896668647,8728.377739021296,3420.173525435721,0.0,1309.3112265148054,29336.80145765829,947
15932.57815069751,8740.877019655692,3426.684286756642,0.0,1309.3381971676538,29409.4776542775,948
15986.398179432417,8753.398206646034,3433.207023821672,0.0,1309.3659470068542,29482.36935690698,949
16040.399664461569,8765.941202126867,3439.7417382731,0.0,1309.3944685520019,29555.477073413538,950
16094.583219333234,8778.505907880559,3446.2884316172785,0.0,1309.4237543051406,29628.801313136213,951
16148.94945957357,8791.092225337301,3452.847105224622,0.0,1309.4537967507638,29702.342586886258,952
16203.499002686625,8803.700055575115,3459.4177603296052,0.0,1309.4845883558132,29776.101406947157,953
16258.232468154325,8816.329299319848,3466.0003980307665,0.0,1309.51612156968,29850.07828707462,954
16313.150477436491,8828.979856945167,3472.5950192907067,0.0,1309.548388824205,29924.27374249657,955
16368.253653970834,8841.651628472573,3479.201624936087,0.0,1309.581382533677,29998.68828991317,956
16423.542623172947,8854.344513571385,3485.820215657631,0.0,1309.6150950948345,30073.322447496797,957
16479.01801243631,8867.058411558754,3492.4507920101246,0.0,1309.6495188868648,30148.176734892055,958
16534.680451132295,8879.793221399652,3499.0933544124164,0.0,1309.6846462714045,30223.251673215767,959
16590.53057061016,8892.54884170688,3505.747903147416,0.0,1309.720469592539,30298.547785056995,960
16646.569004197052,8905.32517074106,3512.414438362094,0.0,1309.7569811768028,30374.06559447701,961
16702.796387198,8918.122106410647,3519.0929600674867,0.0,1309.7941733331797,30449.80562700931,962
16759.21335689593,8930.939546271917,3525.783468138688,0.0,1309.8320383531022,30525.768409659635,963
16815.820552551642,8943.777387528971,3532.485962314857,0.0,1309.8705685104521,30601.95447090592,964
16872.61861540384,8956.635527033737,3539.200442199212,0.0,1309.90975606156,30678.36434069835,965
16929.608188669103,8969.513861285968,3545.9269072590355,0.0,1309.949593245206,30754.99855045931,966
16986.789917541908,8982.412286433246,3552.665356825672,0.0,1309.9900722826187,30831.857633083448,967
17044.164449194606,8995.330698270975,3559.4157900945256,0.0,1310.0311853774763,30908.942122937584,968
17101.732432777444,9008.268992242385,3566.178206125066,0.0,1310.0729247159054,30986.252555860803,969
17159.494519418564,9021.227063438533,3572.9526038408217,0.0,1310.1152824664823,31063.789469164403,970
17217.45136222398,9034.204806598302,3579.7389820293847,0.0,1310.1582507802323,31141.553401631892,971
17275.603616277604,9047.202116108398,3586.537339342409,0.0,1310.2018217906289,31219.54489351904,972
17333.951938641232,9060.218886003357,3593.347674295609,0.0,1310.2459876135958,31297.76448655379,973
17392.49698835455,9073.255009965535,3600.1699852687643,0.0,1310.290740347505,31376.21272393635,974
17451.239426435124,9086.31038132512,3607.0042705057135,0.0,1310.336072073178,31454.89015033914,975
17510.179915878427,9099.384893060122,3613.850528114358,0.0,1310.381974853885,31533.797311906794,976
17569.319121657794,9112.478437796377,3620.7087560666623,0.0,1310.4284407353452,31612.934756256178,977
17628.657710724467,9125.590907807546,3627.5789521986517,0.0,1310.4754617457274,31692.30303247639,978
17688.196352007566,9138.722195015118,3634.461114210413,0.0,1310.5230298956492,31771.902691128747,979
17747.935716414097,9151.872190988406,3641.355239666097,0.0,1310.5711371781765,31851.734284246773,980
17807.87647682897,9165.04078694455,3648.261325993915,0.0,1310.6197755688254,31931.798365336257,981
17868.019308114955,9178.227873748514,3655.1793704861398,0.0,1310.6689370255606,32012.09548937517,982
17928.364887112737,9191.433341913089,3662.109370299108,0.0,1310.7186134887957,32092.62621281373,983
17988.913892640874,9204.65708159889,3669.051322453216,0.0,1310.7687968813932,32173.391093574373,984
18049.66700549581,9217.898982614362,3676.0052238329245,0.0,1310.8194791086653,32254.39069105176,985
18110.624908451886,9231.15893441577,3682.971071186754,0.0,1310.8706520583726,32335.625566112783,986
18171.788286261326,9244.436826107205,3689.9488611272895,0.0,1310.9223076007252,32417.096281096547,987
18233.157825654234,9257.73254644059,3696.938590131175,0.0,1310.974437588382,32498.80339981438,988
18294.734215338616,9271.045983815668,3703.9402545391185,0.0,1311.027033856451,32580.747487549852,989
18356.51814600036,9284.37702628001,3710.9538505558894,0.0,1311.0800882224892,32662.929111058747,990
18418.510310303234,9297.725561529012,3717.9793742503193,0.0,1311.133592486503,32745.34883856907,991
18480.711402888905,9311.091476905896,3725.0168215553017,0.0,1311.1875384309474,32828.00723978105,992
18543.122120376916,9324.474659401709,3732.0661882677914,0.0,1311.2419178207265,32910.904885867145,993
18605.743161364713,9337.874995655324,3739.127470048807,0.0,1311.2967224031936,32994.04234947204,994
18668.575226427616,9351.29237195344,3746.2006624234273,0.0,1311.3519439081515,33077.42020471263,995
18731.619018118832,9364.72667423058,3753.285760780793,0.0,1311.4075740478509,33161.039027178056,996
18794.87524096947,9378.177788069097,3760.382760374109,0.0,1311.4636045169927,33244.89939392967,997
18858.344601488512,9391.645598699166,3767.491656320639,0.0,1311.5200269927263,33329.00188350104,998
18922.027808162835,9405.129990998788,3774.6124436017117,0.0,1311.5768331346503,33413.34707589798,999
18985.925571457206,9418.630849493791,3781.7451170627155,0.0,1311.6340145848121,33497.93555259853,1000
19050.038603814268,9432.148058357827,3788.889671413102,0.0,1311.6915629677087,33582.767896552905,1001
19114.36761965456,9445.681501412375,3796.0461012263845,0.0,1311.7494698902854,33667.84469218361,1002
19178.913335376514,9459.23106212674,3803.214400940139,0.0,1311.807726941937,33753.16652538533,1003
19243.676469356436,9472.796623618053,3810.394564856002,0.0,1311.8663256945076,33838.733983525,1004
19308.65774194853,9486.378068651265,3817.5865871396727,0.0,1311.9252577022899,33924.54765544176,1005
19373.857875484886,9499.975279639164,3824.7904618209127,0.0,1311.9845145020256,34010.608131446985,1006
19439.27759427548,9513.588138642353,3832.0061827935456,0.0,1312.0440876129062,34096.91600332429,1007
19504.917624608173,9527.216527369266,3839.233743815456,0.0,1312.103968536571,34183.47186432946,1008
19570.77869474872,9540.860327176164,3846.4731385085915,0.0,1312.1641487571098,34270.27630919059,1009
19636.86153494076,9554.519419067126,3853.7243603589604,0.0,1312.2246197410602,34357.329934107904,1010
19703.166877405813,9568.193683694066,3860.987402716635,0.0,1312.2853729374099,34444.63333675393,1011
19769.695456343303,9581.883001356717,3868.2622587957485,0.0,1312.3463997775943,34532.18711627336,1012
19836.44800793053,9595.587252002642,3875.5489216744963,0.0,1312.4076916754996,34619.991873283165,1013
19903.425270322674,9609.30631522723,3882.847384295134,0.0,1312.4692400274594,34708.0482098725,1014
19970.62798365282,9623.040070273688,3890.1576394639815,0.0,1312.5310362122575,34796.35672960275,1015
20038.056890031934,9636.78839603306,3897.4796798514208,0.0,1312.593071591126,34884.91803750754,1016
20105.712733548866,9650.551171044208,3904.813497991894,0.0,1312.655337507747,34973.73274009272,1017
20173.59626027036,9664.32827349382,3912.1590862839066,0.0,1312.7178252882502,35062.801445336336,1018
20241.708218241038,9678.119581216415,3919.516436990026,0.0,1312.780526241216,35152.12476268869,1019
20310.049357483418,9691.92497169433,3926.8855422368806,0.0,1312.8434316576725,35241.7033030723,1020
20378.6204299979,9705.744322057737,3934.266394015162,0.0,1312.9065328110976,35331.5376788819,1021
20447.42218976278,9719.577509084624,3941.658984179623,0.0,1312.969820957418,35421.628503984444,1022
20516.455392734235,9733.424409200812,3949.0633044490787,0.0,1313.0332873350096,35511.97639371914,1023
20585.720796846326,9747.284898479944,3956.479346406406,0.0,1313.0969231646973,35602.58196489737,1024
20655.21916201101,9761.158852643488,3963.907101498544,0.0,1313.1607196497546,35693.4458358028,1025
20724.951397011086,9775.046231764007,3971.3465744839036,0.0,1313.22467697536,35784.56888023436,1026
20794.919209980555,9788.947468498016,3978.797851228966,0.0,1313.2888481831117,35875.95337789065,1027
20865.123509315003,9802.8625535376,3986.260957296776,0.0,1313.3532436238174,35967.600263773194,1028
20935.565033177852,9816.79137848014,3993.7359031730425,0.0,1313.4178634699997,36059.51017830104,1029
21006.244523469748,9830.733834497038,4001.2226991692933,0.0,1313.4827078750045,36151.68376501108,1030
21077.16272582854,9844.68981233371,4008.7213554228742,0.0,1313.547776973002,36244.121670558125,1031
21148.32038962931,9858.659202309593,4016.2318818969493,0.0,1313.613070878987,36336.82454471484,1032
21219.718267984335,9872.641894318132,4023.7542883805,0.0,1313.6785896887775,36429.79304037174,1033
21291.35711774313,9886.637777826798,4031.288584488326,0.0,1313.7443334790166,36523.02781353727,1034
21363.237699492413,9900.646741877074,4038.8347796610446,0.0,1313.8103023071712,36616.529523337704,1035
21435.360777556118,9914.66867508446,4046.3928831650924,0.0,1313.8764962115324,36710.2988320172,1036
21507.727119995405,9928.703465638473,4053.9629040927225,0.0,1313.9429152112152,36804.336404937814,1037
21580.337498608642,9942.751001302648,4061.5448513620067,0.0,1314.009559306159,36898.64291057945,1038
21653.192688931413,9956.811169414535,4069.1387337168353,0.0,1314.076428477127,36993.21902053991,1039
21726.293470236524,9970.8838568857,4076.7445597269157,0.0,1314.1435226857072,37088.06540953485,1040
21799.640625533993,9984.96895020173,4084.362337787774,0.0,1314.2108418743112,37183.18275539781,1041
21873.234941571056,9999.066335422223,4091.992076120753,0.0,1314.2783859661747,37278.5717390802,1042
21947.077208832165,10013.175898180796,4099.633782773017,0.0,1314.3461548653581,37374.23304465134,1043
22021.16822153899,10027.297523685085,4107.287465617543,0.0,1314.4141484567454,37470.16735929836,1044
22095.508777650404,10041.43109671674,4114.95313235313,0.0,1314.4823666060447,37566.37537332632,1045
22170.09967886252,10055.576501631429,4122.630790504394,0.0,1314.550809159789,37662.85778015813,1046
22244.941730608654,10069.733622358835,4130.320447421769,0.0,1314.6194759453347,37759.615276334596,1047
22320.035742059332,10083.90234240266,4138.022110281508,0.0,1314.688366770862,37856.64856151436,1048
22395.382526122306,10098.08254484062,4145.735786085678,0.0,1314.757481425377,37953.95833847398,1049
22470.982899442548,10112.274112324449,4153.46148166217,0.0,1314.8268196787076,38051.545313107876,1050
22546.83768240223,10126.4769270799,4161.199203664688,0.0,1314.8963812815075,38149.410194428325,1051
22622.947699120756,10140.69087090674,4168.948958572757,0.0,1314.9661659652543,38247.55369456551,1052
22699.31377745474,10154.91582517875,4176.710752691719,0.0,1315.036173442249,38345.97652876745,1053
22775.936748998014,10169.151670843736,4184.484592152733,0.0,1315.1064034056174,38444.679415400096,1054
22852.817449081624,10183.398288423514,4192.270482912778,0.0,1315.1768555293095,38543.663075947225,1055
22929.956716773828,10197.655558013916,4200.068430754649,0.0,1315.247529468099,38642.92823501049,1056
23007.355394880113,10211.923359284796,4207.878441286961,0.0,1315.318424857584,38742.47562030946,1057
23085.014329943173,10226.201571480018,4215.700519944146,0.0,1315.3895413141868,38842.30596268152,1058
23162.93437224292,10240.490073417472,4223.534671986455,0.0,1315.4608784351537,38942.419996082,1059
23241.116375796482,10254.788743489053,4231.380902499953,0.0,1315.5324357985553,39042.818457584035,1060
23319.561198358202,10269.097459660683,4239.239216396529,0.0,1315.604212963286,39143.5020873787,1061
23398.269701419646,10283.416099472295,4247.109618413886,0.0,1315.676209469065,39244.47162877489,1062
23477.242750209585,10297.744540037842,4254.992113115547,0.0,1315.7484248364349,39345.727828199415,1063
23556.481213694016,10312.082658045289,4262.8867048908505,0.0,1315.8208585667628,39447.27143519691,1064
23635.985964576153,10326.430329756622,4270.793397954956,0.0,1315.8935101422403,39549.10320242997,1065
23715.757879296416,10340.78743100784,4278.71219634884,0.0,1315.9663790258824,39651.22388567898,1066
23795.79783803245,10355.153837208967,4286.643103939295,0.0,1316.0394646615287,39753.63424384224,1067
23876.10672469911,10369.52942334403,4294.586124418935,0.0,1316.1127664738428,39856.335038935926,1068
23956.68542694848,10383.914063971088,4302.541261306188,0.0,1316.1862838683128,39959.327036094066,1069
24037.53483616984,10398.307633222203,4310.508517945304,0.0,1316.2600162312506,40062.6110035686,1070
24118.655847489707,10412.71000480346,4318.48789750635,0.0,1316.333962929792,40166.187712729305,1071
24200.0493597718,10427.121051994965,4326.479402985209,0.0,1316.4081233118975,40270.057938063874,1072
24281.716275617062,10441.540647650832,4334.483037203583,0.0,1316.4824967063514,40374.22245717783,1073
24363.657501363647,10455.968664199198,4342.498802808993,0.0,1316.5570824227625,40478.6820507946,1074
24445.87394708693,10470.404973642213,4350.526702274777,0.0,1316.631879751563,40583.437502755485,1075
24528.366526599497,10484.849447556046,4358.566737900091,0.0,1316.70688796401,40688.489600019646,1076
24611.136157451157,10499.301957090882,4366.61891180991,0.0,1316.7821063121846,40793.83913266413,1077
24694.18376092893,10513.762372970921,4374.683225955026,0.0,1316.8575340289917,40899.48689388387,1078
24777.51026205705,10528.230565494383,4382.759682112049,0.0,1316.9331703281607,41005.43367999164,1079
24861.11658959698,10542.706404533503,4390.848281883408,0.0,1317.009014404245,41111.68029041814,1080
24945.00367604738,10557.18975953453,4398.949026697349,0.0,1317.085065432622,41218.22752771188,1081
25029.17245764415,10571.680499517737,4407.061917807937,0.0,1317.1613225694937,41325.07619753932,1082
25113.62387436038,10586.178493077407,4415.186956295053,0.0,1317.2377849518855,41432.227108684725,1083
25198.358869906395,10600.68360838184,4423.3241430644,0.0,1317.3144516976479,41539.68107305028,1084
25283.37839172973,10615.195713173354,4431.473478847494,0.0,1317.3913219054546,41647.43890565603,1085
25368.683391015136,10629.714674768287,4439.634964201672,0.0,1317.4683946548041,41755.5014246399,1086
25454.274822684583,10644.24036005699,4447.808599510089,0.0,1317.545669006019,41863.869451257684,1087
25540.153645397255,10658.77263550383,4455.994384981718,0.0,1317.6231440002455,41972.54380988305,1088
25626.32082154955,10673.311367147195,4464.192320651348,0.0,1317.7008186594544,42081.52532800755,1089
25712.777317275093,10687.856420599483,4472.402406379589,0.0,1317.7786919864407,42190.8148362406,1090
25799.524102444706,10702.407661047115,4480.624641852866,0.0,1317.8567629648235,42300.41316830951,1091
25886.562150666447,10716.964953250526,4488.859026583425,0.0,1317.9350305590456,42410.321161059444,1092
25973.89243928558,10731.528161544167,4497.105559909328,0.0,1318.0134937143746,42520.53965445345,1093
26061.515949384586,10746.097149836509,4505.364240994455,0.0,1318.092151356902,42631.06949157246,1094
26149.43366578316,10760.671781610034,4513.635068828506,0.0,1318.171002393543,42741.91151861525,1095
26237.646577038227,10775.251919921246,4521.918042226996,0.0,1318.2500457120375,42853.06658489851,1096
26326.155675443908,10789.837427400664,4530.21315983126,0.0,1318.3292801809496,42964.535542856785,1097
26414.96195703155,10804.428166252821,4538.520420108452,0.0,1318.408704649667,43076.319248042484,1098
26504.06642156973,10819.023998256273,4546.839821351541,0.0,1318.4883179484023,43188.418559125945,1099
26593.47007256421,10833.624784763586,4555.171361679317,0.0,1318.5681188881913,43300.83433789531,1100
26683.173917258,10848.230386701347,4563.515039036385,0.0,1318.6481062608946,43413.567449256625,1101
26773.1789666313,10862.840664570156,4571.870851193171,0.0,1318.7282788391972,43526.618761233825,1102
26863.486235401553,10877.455478444634,4580.238795745917,0.0,1318.8086353766073,43639.989144968706,1103
26954.096742023394,10892.074687973416,4588.618870116685,0.0,1318.8891746074582,43753.67947472095,1104
27045.011508688687,10906.698152379153,4597.011071553352,0.0,1318.9698952469066,43867.6906278681,1105
27136.23156132651,10921.325730458517,4605.415397129616,0.0,1319.050795990934,43982.02348490558,1106
27227.757929603154,10935.95728058219,4613.831843744992,0.0,1319.1318755163456,44096.67892944668,1107
27319.591646922134,10950.592660694874,4622.260408124811,0.0,1319.2131324807708,44211.65784822259,1108
27411.73375042417,10965.231728315293,4630.701086820225,0.0,1319.294565522663,44326.96113108235,1109
27504.185280987214,10979.874340536178,4639.153876208203,0.0,1319.3761732613007,44442.5896709929,1110
27596.94728322642,10994.520354024284,4647.618772491532,0.0,1319.4579542967851,44558.544364039015,1111
27690.020805494158,11009.169625020379,4656.095771698815,0.0,1319.5399072100427,44674.82610942339,1112
27783.40689988003,11023.822009339248,4664.584869684477,0.0,1319.6220305628233,44791.43580946658,1113
27877.10662221083,11038.477362369696,4673.086062128758,0.0,1319.7043228977016,44908.37436960699,1114
27971.1210320506,11053.13553907454,4681.599344537718,0.0,1319.7867827380758,45025.64269840093,1115
28065.451192700562,11067.796393990615,4690.124712243231,0.0,1319.8694085881687,45143.241707522575,1116
28160.098171199188,11082.459781228776,4698.662160402995,0.0,1319.952198933027,45261.17231176398,1117
28255.063038322143,11097.12555447389,4707.211684000522,0.0,1320.0351522385215,45379.43542903508,1118
28350.346868582317,11111.793566984845,4715.773277845142,0.0,1320.1182669513478,45498.03198036365,1119
28445.95074022982,11126.463671594543,4724.346936572005,0.0,1320.2015414990244,45616.96288989539,1120
28541.875735251964,11141.135720709903,4732.932654642076,0.0,1320.2849742898952,45736.22908489384,1121
28638.1229393733,11155.80956631186,4741.530426342143,0.0,1320.3685637131275,45855.83149574043,1122
28734.69344205557,11170.485059955368,4750.140245784807,0.0,1320.452308138713,45975.77105593446,1123
28831.588336497756,11185.162052769398,4758.762106908489,0.0,1320.5362059174674,46096.0487020931,1124
28928.808719636036,11199.840395456933,4767.39600347743,0.0,1320.6202553810308,46216.66537395142,1125
29026.355692143818,11214.519938294978,4776.041929081684,0.0,1320.704454841867,46337.62201436234,1126
29124.23035843172,11229.20053113455,4784.699877137128,0.0,1320.7888025932646,46458.91956929666,1127
29222.433826647575,11243.882023400685,4793.369840885455,0.0,1320.8732969093355,46580.55898784305,1128
29320.96720867644,11258.56426409244,4802.051813394176,0.0,1320.9579360450168,46702.54122220807,1129
29419.831620140583,11273.247101782881,4810.745787556619,0.0,1321.0427182360686,46824.867227716146,1130
29519.028180399488,11287.930384619096,4819.451756091932,0.0,1321.127641699076,46947.53796280959,1131
29618.558012549853,11302.613960322187,4828.169711545081,0.0,1321.2127046314483,47070.55438904857,1132
29718.4222434256,11317.297676187274,4836.899646286847,0.0,1321.2979052114179,47193.91747111114,1133
29818.622003597855,11331.981379083492,4845.641552513834,0.0,1321.3832415980426,47317.62817679323,1134
29919.158427374976,11346.664915453997,4854.395422248458,0.0,1321.4687119312034,47441.687477008636,1135
30020.032652802525,11361.348131315955,4863.161247338958,0.0,1321.554314331606,47566.09634578905,1136
30121.245821663288,11376.030872260555,4871.939019459389,0.0,1321.6400469007801,47690.85576028401,1137
30222.79907947726,11390.712983452999,4880.728730109624,0.0,1321.7259077210797,47815.96670076095,1138
30324.693575501653,11405.394309632507,4889.5303706153545,0.0,1321.8118948556823,47941.4301506052,1139
30426.930462730907,11420.074695112315,4898.343932128089,0.0,1321.8980063485906,48067.2470963199,1140
30529.51089789666,11434.753983779678,4907.169405625155,0.0,1321.9842402246302,48193.418527526126,1141
30632.436041467787,11449.432019095864,4916.006781909699,0.0,1322.070594489452,48319.9454369628,1142
30735.707057650357,11464.108644096159,4924.856051610684,0.0,1322.1570671295306,48446.82882048673,1143
30839.325114387673,11478.783701389868,4933.717205182889,0.0,1322.2436561121644,48574.06967707259,1144
30943.291383360243,11493.457033160312,4942.590232906916,0.0,1322.3303593854764,48701.66900881295,1145
31047.6070399858,11508.128481164822,4951.475124889181,0.0,1322.4171748784136,48829.62782091822,1146
31152.273263419287,11522.797886734757,4960.371871061919,0.0,1322.5041005007467,48957.94712171671,1147
31257.29123655287,11537.465090775486,4969.280461183184,0.0,1322.5911341430717,49086.6279226546,1148
31362.662146015915,11552.129933766395,4978.200884836848,0.0,1322.6782736768075,49215.67123829597,1149
31468.387182175033,11566.792255760885,4987.1331314326,0.0,1322.7655169541981,49345.07808632272,1150
31574.46753913402,11581.45189638638,4996.077190205946,0.0,1322.8528618083108,49474.84948753465,1151
31680.90441473391,11596.108694844315,5005.033050218212,0.0,1322.9403060530376,49604.98646584948,1152
31787.69901055294,11610.762489910143,5014.000700356543,0.0,1323.0278474830943,49735.490048302716,1153
31894.85253190658,11625.413119933333,5022.980129333899,0.0,1323.1154838740215,49866.36126504783,1154
32002.366187847496,11640.060422837376,5031.97132568906,0.0,1323.2032129821832,49997.60114935612,1155
32110.24119116558,11654.704236119771,5040.974277786623,0.0,1323.2910325447679,50129.21073761673,1156
32218.47875838795,11669.34439685204,5049.988973817004,0.0,1323.3789402797881,50261.19106933678,1157
32327.080109778915,11683.980741679723,5059.015401796436,0.0,1323.4669338860808,50393.54318714116,1158
32436.046469340028,11698.61310682237,5068.053549566971,0.0,1323.5550110433064,50526.26813677267,1159
32545.379064810037,11713.241328073549,5077.103404796478,0.0,1323.6431694119503,50659.36696709202,1160
32655.079127664925,11727.865240800853,5086.164954978644,0.0,1323.7314066333217,50792.84073007774,1161
32765.14789311787,11742.484679945881,5095.238187432977,0.0,1323.8197203295535,50926.69048082629,1162
32875.58660011929,11757.099480024255,5104.323089304798,0.0,1323.9081081036036,51060.91727755195,1163
32986.3964913568,11771.709475125614,5113.419647565249,0.0,1323.9965675392534,51195.522181586915,1164
33097.57881325523,11786.314498913609,5122.5278490112905,0.0,1324.0850962011086,51330.50625738125,1165
33209.13481597666,11800.91438462591,5131.6476802657,0.0,1324.1736916345992,51465.87057250286,1166
33321.065753420335,11815.508965074207,5140.779127777072,0.0,1324.2623513659792,51601.616197637595,1167
33433.37288322275,11830.098072644201,5149.922177819822,0.0,1324.3510729023267,51737.744206589094,1168
33546.057466757615,11844.681539295616,5159.076816494179,0.0,1324.439853731544,51874.25567627895,1169
33659.12076913584,11859.259196562185,5168.243029726195,0.0,1324.5286913223576,52011.15168674658,1170
33772.56405920558,11873.830875551666,5177.420803267738,0.0,1324.6175831243183,52148.43332114931,1171
33886.38860955216,11888.396406945827,5186.610122696491,0.0,1324.7065265678007,52286.10166576228,1172
34000.595696498174,11902.955621000456,5195.810973415961,0.0,1324.7955190640037,52424.15780997859,1173
34115.186600103385,11917.508347545356,5205.023340655467,0.0,1324.8845580049503,52562.602846309164,1174
34230.162604164805,11932.054415984348,5214.24720947015,0.0,1324.973640763488,52701.43787038279,1175
34345.524996216656,11946.59365529527,5223.482564740967,0.0,1325.0627646932878,52840.66398094618,1176
34461.27506753037,11961.125894029978,5232.729391174695,0.0,1325.1519271288453,52980.28227986388,1177
34577.41411311458,11975.650960314339,5241.987673303926,0.0,1325.24112538548,53120.29387211833,1178
34693.943431715175,11990.168681848241,5251.257395487074,0.0,1325.330356759336,53260.69986580983,1179
34810.86432581523,12004.678885905592,5260.538541908368,0.0,1325.4196185273809,53401.50137215658,1180
34928.178101635036,12019.18139933431,5269.831096577855,0.0,1325.508907947407,53542.69950549461,1181
35045.88606913212,12033.67604855633,5279.1350433314,0.0,1325.59822225803,53684.29538327787,1182
35163.9895420012,12048.162659567612,5288.450365830689,0.0,1325.687558678691,53826.290126078195,1183
35282.48983767424,12062.64105793812,5297.777047563224,0.0,1325.776914409654,53968.684857585235,1184
35401.388277320395,12077.11106881185,5307.115071842323,0.0,1325.8662866320078,54111.480704606576,1185
35520.68618584605,12091.5725169068,5316.464421807126,0.0,1325.9556725076654,54254.67879706764,1186
35640.38489189479,12106.02522651499,5325.825080422586,0.0,1326.0450691793633,54398.28026801173,1187
35760.48572784744,12120.469021502464,5335.19703047948,0.0,1326.134473770663,54542.28625360004,1188
35880.99002982202,12134.90372530927,5344.580254594398,0.0,1326.2238833859492,54686.69789311163,1189
36001.899137673776,12149.329160949483,5353.974735209751,0.0,1326.313295110432,54831.51632894344,1190
36123.21439499518,12163.74515101119,5363.3804545937655,0.0,1326.4027060101441,54976.74270661028,1191
36244.93714911591,12178.151517656494,5372.79739484049,0.0,1326.4921131319438,55122.37817474484,1192
36367.068751102845,12192.548082621517,5382.2255378697855,0.0,1326.5815135035127,55268.42388509766,1193
36489.61055576011,12206.934667216396,5391.664865427337,0.0,1326.6709041333565,55414.880992537204,1194
36612.56392162903,12221.311092325288,5401.115359084642,0.0,1326.760282010806,55561.75065504977,1195
36735.93021098813,12235.677178406362,5410.577000239019,0.0,1326.8496441060145,55709.034033739525,1196
36859.7107898532,12250.032745491808,5420.0497701136055,0.0,1326.938987369961,55856.73229282857,1197
36983.90702797719,12264.377613187826,5429.533649757354,0.0,1327.0283087344478,56004.84659965682,1198
37108.52029885031,12278.711600674644,5439.028620045038,0.0,1327.1176051121017,56153.37812468209,1199
37233.55197969996,12293.034526706493,5448.534661677247,0.0,1327.2068733963736,56302.32804148007,1200
37359.003451490746,12307.346209611633,5458.051755180388,0.0,1327.2961104615383,56451.697526744305,1201
37484.87609892455,12321.646467292332,5467.579880906688,0.0,1327.385313162695,56601.48776028627,1202
37611.17131044039,12335.93511722488,5477.119019034191,0.0,1327.474478335767,56751.69992503523,1203
37737.89047821457,12350.211976459583,5486.669149566761,0.0,1327.5636027975013,56902.33520703841,1204
37865.03499816056,12364.476861620758,5496.230252334075,0.0,1327.65268334547,57053.39479546087,1205
37992.60626992908,12378.729588906748,5505.8023069916335,0.0,1327.7417167580686,57204.87988258553,1206
38120.60569690803,12392.969974089905,5515.385293020752,0.0,1327.8306997945167,57356.7916638132,1207
38249.03468622257,12407.1978325166,5524.979189728564,0.0,1327.9196291948588,57509.13133766259,1208
38377.89464873505,12421.412979107223,5534.583976248023,0.0,1328.0085016799624,57661.900105770255,1209
38507.18699904503,12435.615228356179,5544.199631537897,0.0,1328.0973139515202,57815.09917289062,1210
38636.91315548931,12449.804394331886,5553.826134382778,0.0,1328.1860626920484,57968.72974689602,1211
38767.0745401419,12463.980290676787,5563.463463393069,0.0,1328.274744564888,58122.79303877664,1212
38897.67257881399,12478.142730607335,5573.111597004995,0.0,1328.363356214203,58277.29026264052,1213
39028.70870105405,12492.291526914003,5582.770513480599,0.0,1328.4518942649827,58432.22263571363,1214
39160.18434014771,12506.426491961276,5592.4401909077405,0.0,1328.54035532304,58587.59137833977,1215
39292.10093311786,12520.547437687661,5602.1206072001,0.0,1328.6287359750122,58743.39771398063,1216
39424.45992072456,12534.65417560568,5611.81174009717,0.0,1328.7170327883603,58899.64286921577,1217
39557.26274746513,12548.746516801872,5621.513567164268,0.0,1328.80524231137,59056.32807374265,1218
39690.510861574076,12562.82427193679,5631.226065792525,0.0,1328.8933610731508,59213.454560376544,1219
39824.20571502314,12576.887251245009,5640.949213198892,0.0,1328.9813855836362,59371.02356505067,1220
39958.34876352128,12590.935264535114,5650.682986426137,0.0,1329.0693123335845,59529.03632681612,1221
40092.94146651464,12604.968121189713,5660.427362342846,0.0,1329.1571377945772,59687.49408784178,1222
40227.98528718662,12618.985630165425,5670.182317643425,0.0,1329.244858419021,59846.398093414486,1223
40363.481692457804,12632.987599992892,5679.947828848095,0.0,1329.3324706401459,60005.74959193894,1224
40499.43215298603,12646.973838776768,5689.723872302897,0.0,1329.4199708720062,60165.54983493771,1225
40635.838143166315,12660.944154195724,5699.510424179689,0.0,1329.5073555094807,60325.8000770512,1226
40772.70114113091,12674.898353502449,5709.307460476148,0.0,1329.5946209282722,60486.50157603777,1227
40910.02262874928,12688.836243523649,5719.114957015768,0.0,1329.6817634849076,60647.6555927736,1228
41047.80409162809,12702.757630660044,5728.932889447861,0.0,1329.7687795167376,60809.26339125273,1229
41186.04701911127,12716.662320886375,5738.761233247559,0.0,1329.8556653419378,60971.32623858714,1230
41324.7529042799,12730.550119751399,5748.59996371581,0.0,1329.9424172595072,61133.845405006614,1231
41463.923243952326,12744.420832377884,5758.449055979381,0.0,1330.0290315492693,61296.82216385885,1232
41603.55953868409,12758.27426346262,5768.3084849908555,0.0,1330.115504471872,61460.25779160943,1233
41743.66329276796,12772.110217276415,5778.178225528636,0.0,1330.2018322687868,61624.1535678418,1234
41884.2360142339,12785.928497664088,5788.0582521969445,0.0,1330.2880111623097,61788.51077525725,1235
42025.27921484912,12799.728908044479,5797.948539425818,0.0,1330.3740373555606,61953.33069967498,1236
42166.79441011802,12813.511251410446,5807.849061471114,0.0,1330.459907032484,62118.61463003206,1237
42308.78311928224,12827.275330328857,5817.759792414507,0.0,1330.5456163578478,62284.363858383454,1238
42451.246865320616,12841.020946940604,5827.68070616349,0.0,1330.6311614772446,62450.57967990195,1239
42594.1871749492,12854.747902960593,5837.611776451373,0.0,1330.7165385170915,62617.26339287825,1240
42737.605578621275,12868.455999677743,5847.552976837286,0.0,1330.8017435846286,62784.416298720935,1241
42881.50361052733,12882.145037954995,5857.504280706173,0.0,1330.8867727679212,62952.03970195642,1242
43025.88280859507,12895.814818229306,5867.465661268801,0.0,1330.9716221358583,63120.13491022905,1243
43170.74471448944,12909.465140511646,5877.437091561753,0.0,1331.056287738153,63288.70323430099,1244
43316.09087361256,12923.095804387007,5887.418544447428,0.0,1331.140765605343,63457.74598805233,1245
43461.9228351038,12936.706609014393,5897.409992614046,0.0,1331.2250517487892,63627.26448848103,1246
43608.24215183972,12950.297353126825,5907.411408575644,0.0,1331.3091421606778,63797.26005570286,1247
43755.05038043412,12963.867835031346,5917.422764672076,0.0,1331.3930328140182,63967.734012951565,1248
43902.349081238004,12977.417852609007,5927.444033069014,0.0,1331.4767196626447,64138.68768657867,1249
44050.139818339594,12990.947203314885,5937.4751857579495,0.0,1331.560198641215,64310.12240605364,1250
44198.42656188703,13004.45727731401,5947.516187270072,0.0,1331.6435050437985,64482.04353151491,1251
44347.21345830498,13017.949560954505,5957.567006968374,0.0,1331.7266812932232,64654.45670752108,1252
44496.50198741704,13031.423758668983,5967.627625026092,0.0,1331.809728290211,64827.363099402326,1253
44646.29363588569,13044.879575085035,5977.698021323764,0.0,1331.892646901852,65000.76387919634,1254
44796.5898986756,13058.316715998195,5987.778175443969,0.0,1331.9754379849494,65174.660228102715,1255
44947.392279053674,13071.734888371955,5997.868066671327,0.0,1332.05810238602,65349.053336482975,1256
45098.70228858903,13085.13380033776,6007.9676739924935,0.0,1332.1406409412941,65523.94440386058,1257
45250.52144715299,13098.51316119501,6018.0769760961675,0.0,1332.2230544767158,65699.33463892089,1258
45402.851282919095,13111.872681411054,6028.195951373086,0.0,1332.3053438079419,65875.22525951118,1259
45555.69333236312,13125.212072621202,6038.324577916025,0.0,1332.3875097403431,66051.61749264068,1260
45709.04914026302,13138.531047628709,6048.462833519801,0.0,1332.469553069004,66228.51257448053,1261
45862.920259699014,13151.82932040479,6058.61069568127,0.0,1332.5514745787216,66405.9117503638,1262
46017.3082520535,13165.106606088611,6068.768141599327,0.0,1332.6332750440074,66583.81627478545,1263
46172.21468701111,13178.362620987293,6078.935148174906,0.0,1332.714955229086,66762.22741140239,1264
46327.64114255868,13191.597082575907,6089.111692010984,0.0,1332.7965158878953,66941.14643303346,1265
46483.58920498526,13204.80970949748,6099.297749412574,0.0,1332.8779577640867,67120.5746216594,1266
46640.06046888214,13218.000221562994,6109.4932963867295,0.0,1332.9592815910253,67300.51326842289,1267
46797.0565371428,13231.168339751383,6119.698308642544,0.0,1333.0404880917895,67480.96367362852,1268
46954.579020962956,13244.313786209532,6129.912761591151,0.0,1333.1215779791712,67661.9271467428,1269
47112.62953984052,13257.436284252286,6140.136630345722,0.0,1333.2025519556755,67843.4050063942,1270
47271.20972157564,13270.535558362435,6150.36988972147,0.0,1333.2834107135218,68025.39858037306,1271
47430.32120227066,13283.611334190731,6160.612514235646,0.0,1333.3641549346419,68207.90920563167,1272
47589.96562633016,13296.663338555873,6170.864478107542,0.0,1333.4447852906817,68390.93822828427,1273
47750.14464646092,13309.691299444517,6181.125755258488,0.0,1333.5253024430006,68574.48700360692,1274
47910.859923671946,13322.694946011272,6191.396319311857,0.0,1333.6057070426712,68758.55689603776,1275
48072.11312727446,13335.6740085787,6201.676143593056,0.0,1333.6859997304794,68943.14927917671,1276
48233.90593488189,13348.628218637317,6211.965201129536,0.0,1333.7661811369253,69128.26553578567,1277
48396.24003240989,13361.557308845591,6222.263464650786,0.0,1333.8462518822216,69313.90705778848,1278
48559.11711407633,13374.461013029946,6232.570906588335,0.0,1333.9262125762953,69500.0752462709,1279
48722.5388824013,13387.339066184759,6242.887499075752,0.0,1334.0060638187858,69686.77151148059,1280
48886.50704820708,13400.191204472358,6253.213213948644,0.0,1334.0858061990473,69873.99727282712,1281
49051.0233306182,13413.017165223027,6263.548022744659,0.0,1334.1654402961462,70061.75395888202,1282
49216.08945706139,13425.816686935006,6273.891896703485,0.0,1334.2449666788634,70250.04300737874,1283
49381.707163265586,13438.58950927448,6284.244806766847,0.0,1334.3243859056927,70438.8658652126,1284
49547.878193261975,13451.335373075597,6294.606723578514,0.0,1334.4036985248413,70628.22398844092,1285
49714.604299383915,13464.054020340453,6304.97761748429,0.0,1334.48290507423,70818.11884228289,1286
49881.88724226701,13476.7451942391,6315.357458532021,0.0,1334.5620060814933,71008.55190111963,1287
50049.728790849076,13489.40863910954,6325.746216471593,0.0,1334.641002063979,71199.52464849419,1288
50218.13072237013,13502.044100457735,6336.143860754929,0.0,1334.719893528748,71391.03857711154,1289
50387.09482237243,13514.651324957595,6346.550360535995,0.0,1334.7986809725753,71583.09518883859,1290
50556.62288470043,13527.230060450986,6356.965684670794,0.0,1334.8773648819492,71775.69599470416,1291
50726.716711500805,13539.780055947724,6367.389801717371,0.0,1334.955945733071,71968.84251489898,1292
50897.37811322244,13552.301061625583,6377.822679935807,0.0,1335.034423991856,72162.53627877569,1293
51068.608908616465,13564.79282883029,6388.264287288226,0.0,1335.112800113933,72356.77882484891,1294
51240.410924736185,13577.255110075523,6398.71459143879,0.0,1335.1910745446437,72551.57170079513,1295
51412.78599693714,13589.687659042916,6409.173559753701,0.0,1335.2692477190437,72746.9164634528,1296
51585.73596887711,13602.090230582055,6419.641159301201,0.0,1335.347320061902,72942.81467882227,1297
51759.26269251604,13614.462580710477,6430.11735685157,0.0,1335.4252919877013,73139.26792206579,1298
51933.36802811613,13626.80446661368,6440.602118877129,0.0,1335.503163900637,73336.27777750757,1299
52108.05384424179,13639.115646645108,6451.095411552239,0.0,1335.580936194619,73533.84583863374,1300
52283.32201775964,13651.395880326163,6461.597200753299,0.0,1335.6586092532696,73731.97370809237,1301
52459.1744338385,13663.6449283462,6472.107452058749,0.0,1335.7361834499256,73930.66299769338,1302
52635.612985949454,13675.862552562525,6482.626130749068,0.0,1335.8136591476366,74129.91532840868,1303
52812.639575865745,13688.0485160004,6493.153201806774,0.0,1335.891036699166,74329.73233037208,1304
52990.25611366287,13700.202582853037,6503.688629916425,0.0,1335.9683164469902,74530.11564287933,1305
53168.46451771853,13712.324518481608,6514.232379464621,0.0,1336.0454987233,74731.06691438805,1306
53347.26671471265,13724.414089415233,6524.784414539997,0.0,1336.1225838499981,74932.58780251788,1307
53526.66463962734,13736.471063350988,6535.344698933231,0.0,1336.1995721387025,75134.67997405026,1308
53706.660235746975,13748.4952091539,6545.9131961370385,0.0,1336.2764638907433,75337.34510492865,1309
53887.25545465811,13760.486296856952,6556.489869346177,0.0,1336.3532593971647,75540.5848802584,1310
54068.452256249526,13772.444097661084,6567.074681457442,0.0,1336.4299589387244,75744.40099430676,1311
54250.252608712224,13784.36838393518,6577.667595069669,0.0,1336.5065627858933,75948.79515050296,1312
54432.65848853941,13796.258929216085,6588.268572483733,0.0,1336.5830711988556,76153.76906143808,1313
54615.67188052653,13808.115508208595,6598.877575702547,0.0,1336.6594844275094,76359.32444886517,1314
54799.294777771225,13819.93789678546,6609.494566431067,0.0,1336.735802711466,76565.46304369922,1315
54983.529181673344,13831.725871987388,6620.119506076286,0.0,1336.8120262800508,76772.18658601707,1316
55168.37710193498,13843.479212023029,6630.752355747237,0.0,1336.8881553523013,76979.49682505753,1317
55353.840556560426,13855.197696268997,6641.393076254993,0.0,1336.9641901369698,77187.39551922139,1318
55539.92157185618,13866.881105269857,6652.041628112667,0.0,1337.0401308325215,77395.88443607122,1319
55726.62218243099,13878.529220738124,6662.69797153541,0.0,1337.1159776271352,77604.96535233167,1320
55913.944431195785,13890.141825554274,6673.362066440415,0.0,1337.1917306987027,77814.64005388918,1321
56101.890369363726,13901.718703766726,6684.033872446913,0.0,1337.2673902148304,78024.9103357922,1322
56290.46205645019,13913.259640591863,6694.713348876174,0.0,1337.3429563328366,78235.77800225107,1323
56479.66156027276,13924.764422414013,6705.400454751509,0.0,1337.4184291997544,78447.24486663804,1324
56669.49095695126,13936.232836785464,6716.095148798268,0.0,1337.4938089523298,78659.31275148732,1325
56859.9523309077,13947.664672426454,6726.797389443841,0.0,1337.5690957170223,78871.98348849501,1326
57051.04777486632,13959.059719225177,6737.507134817656,0.0,1337.644289610005,79085.25891851916,1327
57242.779389853575,13970.417768237776,6748.224342751183,0.0,1337.719390737164,79299.14089157971,1328
57435.149285198146,13981.738611688354,6758.948970777929,0.0,1337.7943991940997,79513.63126685853,1329
57628.15957853092,13993.02204296896,6769.680976133444,0.0,1337.8693150661254,79728.73191269946,1330
57821.81239578498,14004.267856639603,6780.420315755315,0.0,1337.9441384282677,79944.44470660816,1331
58016.10987119567,14015.475848428243,6791.166946283168,0.0,1338.0188693452671,80160.77153525235,1332
58211.05414730052,14026.645815230795,6801.92082405867,0.0,1338.0935078715777,80377.71429446158,1333
58406.647374939275,14037.777555111123,6812.681905125529,0.0,1338.1680540513662,80595.2748892273,1334
58602.891713253906,14048.87086730105,6823.450145229488,0.0,1338.2425079185139,80813.45523370297,1335
58799.789329688596,14059.92555220035,6834.225499818335,0.0,1338.3168694966146,81032.25725120389,1336
58997.34239998975,14070.941411376749,6845.0079240418945,0.0,1338.391138798976,81251.68287420738,1337
59195.55310820598,14081.91824756593,6855.797372752031,0.0,1338.4653158286196,81471.73404435256,1338
59394.42364668813,14092.85586467153,6866.593800502649,0.0,1338.5394005782796,81692.41271244058,1339
59593.956216089224,14103.754067765134,6877.397161549693,0.0,1338.6133930304045,81913.72083843447,1340
59794.153025364554,14114.612663086284,6888.207409851145,0.0,1338.6872931571554,82135.66039145914,1341
59995.01629177158,14125.431458042476,6899.024499067028,0.0,1338.7611009204077,82358.23334980149,1342
60196.54824087001,14136.21026120916,6909.848382559407,0.0,1338.8348162717496,82581.44170091032,1343
60398.751106521755,14146.94888232974,6920.679013392381,0.0,1338.9084391524832,82805.28744139636,1344
60601.62713089094,14157.647132315567,6931.516344332094,0.0,1338.9819694936236,83029.77257703223,1345
60805.178564443915,14168.304823245955,6942.360327846728,0.0,1339.0554072159002,83254.8991227525,1346
61009.40766594924,14178.921768368164,6953.210916106502,0.0,1339.1287522297553,83480.66910265366,1347
61214.31670247769,14189.497782097415,6964.068060983678,0.0,1339.2020044353442,83707.08454999414,1348
61419.90794940226,14200.032680016873,6974.931714052556,0.0,1339.2751637225365,83934.14750719421,1349
61626.18369039816,14210.526278877665,6985.801826589475,0.0,1339.348229970915,84161.86002583621,1350
61833.1462174428,14220.978396598866,6996.678349572815,0.0,1339.421203049776,84390.22416666425,1351
62040.79783081585,14231.388852267512,7007.561233682995,0.0,1339.4940828181288,84619.24199958448,1352
62249.14083909916,14241.75746613858,7018.450429302474,0.0,1339.5668691246972,84848.91560366491,1353
62458.17755917678,14252.084059635014,7029.34588651575,0.0,1339.639561807917,85079.24706713545,1354
62667.91031623502,14262.368455347701,7040.247555109359,0.0,1339.712160695939,85310.23848738802,1355
62878.34144376239,14272.610477035489,7051.155384571881,0.0,1339.7846656066265,85541.89197097637,1356
63089.47328354961,14282.809949625174,7062.069324093931,0.0,1339.8570763475564,85774.20963361628,1357
63301.3081856896,14292.96669921151,7072.989322568166,0.0,1339.9293927160193,86007.19360018529,1358
63513.84850857753,14303.080553057203,7083.9153285892835,0.0,1340.001614499019,86240.84600472303,1359
63727.09661891077,14313.15133959291,7094.847290454018,0.0,1340.0737414732735,86475.16899043096,1360
63941.05489168891,14323.178888417244,7105.785156161143,0.0,1340.1457734052128,86710.1647096725,1361
64155.72571021374,14333.163030296771,7116.728873411476,0.0,1340.217710050982,86945.83532397296,1362
64371.11146608929,14343.103597166013,7127.678389607871,0.0,1340.2895511564386,87182.18300401962,1363
64587.214559221786,14353.000422127441,7138.633651855222,0.0,1340.361296457154,87419.2099296616,1364
64804.03739781968,14362.853339451482,7149.5946069604615,0.0,1340.4329456784128,87656.91828991004,1365
65021.58239839365,14372.662184576517,7160.561201432564,0.0,1340.5044985352133,87895.31028293793,1366
65239.851985756555,14382.426794108878,7171.533381482543,0.0,1340.5759547322673,88134.38811608024,1367
65458.84859302352,14392.147005822853,7182.511093023448,0.0,1340.647313964,88374.15400583383,1368
65678.57466161184,14401.822658660685,7193.494281670374,0.0,1340.7185759145498,88614.61017785745,1369
65899.03264124106,14411.453592732567,7204.4828927404515,0.0,1340.7897402577692,88855.75886697184,1370
66120.22498993293,14421.039649316646,7215.476871252851,0.0,1340.860806657223,89097.60231715965,1371
66342.15417401139,14430.580670859026,7226.476161928786,0.0,1340.9317747661912,89340.14278156539,1372
66564.82266810264,14440.076500973759,7237.480709191503,0.0,1341.0026442276658,89583.38252249558,1373
66788.23295513508,14449.526984442855,7248.490457166294,0.0,1341.0734146743525,89827.32381141858,1374
67012.3875263393,14458.931967216276,7259.5053496804885,0.0,1341.1440857286714,90071.96892896474,1375
67237.28888124815,14468.291296411939,7270.5253302634555,0.0,1341.2146570027546,90317.3201649263,1376
67462.93952769667,14477.60482031571,7281.550342146604,0.0,1341.2851280984494,90563.37981825742,1377
67689.34198182209,14486.872388381413,7292.5803282633815,0.0,1341.3554986073148,90810.1501970742,1378
67916.49876806392,14496.093851230826,7303.615231249277,0.0,1341.4257681106246,91057.63361865464,1379
68144.41241916384,14505.269060653676,7314.654993441817,0.0,1341.4959361793653,91305.83240943869,1380
68373.08547616577,14514.397869607648,7325.6995568805705,0.0,1341.5660023742375,91554.74890502823,1381
68602.5204884158,14523.480132218381,7336.748863307142,0.0,1341.6359662456546,91804.38545018698,1382
68832.72001356231,14532.51570377946,7347.802854165178,0.0,1341.7058273337436,92054.74439884069,1383
69063.68661755585,14541.504440752433,7358.861470600366,0.0,1341.7755851683457,92305.82811407701,1384
69295.42287464917,14550.446200766795,7369.92465346043,0.0,1341.8452392690147,92557.6389681454,1385
69527.93136739726,14559.340842619999,7380.9923432951355,0.0,1341.914789145018,92810.17934245741,1386
69761.21468665736,14568.188226277449,7392.064480356288,0.0,1341.9842342953368,93063.45162758643,1387
69995.27543158885,14576.9882128725,7403.14100459773,0.0,1342.0535742086659,93317.45822326773,1388
70230.11620965338,14585.740664706469,7414.221855675346,0.0,1342.1228083634128,93572.20153839861,1389
70465.73963661482,14594.445445248617,7425.30697294706,0.0,1342.1919362276992,93827.68399103818,1390
70702.14833653922,14603.102419136165,7436.396295472835,0.0,1342.2609572593599,94083.90800840758,1391
70939.34494179487,14611.711452174282,7447.489762014673,0.0,1342.3298709059434,94340.87602688976,1392
71177.33209305228,14620.272411336096,7458.5873110366165,0.0,1342.3986766047115,94598.59049202972,1393
71416.11243928413,14628.785164762689,7469.688880704747,0.0,1342.4673737826395,94857.05385853421,1394
71655.68863776542,14637.249581763086,7480.794408887186,0.0,1342.5359618564164,95116.2685902721,1395
71896.06335407322,14645.66553281428,7491.903833154096,0.0,1342.604440232444,95376.23716027405,1396
72137.23926208697,14654.032889561211,7503.017090777675,0.0,1342.6728083068383,95636.9620507327,1397
72379.2190439882,14662.351524816768,7514.134118732164,0.0,1342.7410654654286,95898.44575300255,1398
72622.00539026073,14670.6213125618,7525.254853693843,0.0,1342.8092110837572,96160.69076760013,1399
72865.60099969056,14678.842127945109,7536.379232041032,0.0,1342.8772445270806,96423.69960420378,1400
73110.00857936595,14687.013847283446,7547.507189854089,0.0,1342.9451651503682,96687.47478165386,1401
73355.23084467731,14695.13634806152,7558.638662915413,0.0,1343.012972298303,96952.01882795255,1402
73601.27051931733,14703.209508931992,7569.773586709442,0.0,1343.0806653052816,97217.33428026405,1403
73848.13033528088,14711.233209715478,7580.911896422653,0.0,1343.148243495414,97483.4236849144,1404
74095.81303286503,14719.207331400543,7592.053526943563,0.0,1343.2157061825235,97750.28959739166,1405
74344.32136066911,14727.13175614371,7603.19841286273,0.0,1343.2830526701473,98017.9345823457,1406
74593.65807559466,14735.006367269456,7614.346488472751,0.0,1343.3502822515356,98286.3612135884,1407
74843.8259428454,14742.831049270208,7625.497687768261,0.0,1343.4173942096525,98555.57207409352,1408
75094.8277359273,14750.605687806346,7636.651944445935,0.0,1343.4843878171748,98825.56975599678,1409
75346.66623664854,14758.33016970621,7647.809191904491,0.0,1343.551262336494,99096.35686059574,1410
75599.3442351195,14766.004382966088,7658.969363244681,0.0,1343.6180170197135,99367.93599834999,1411
75852.86452975278,14773.628216750221,7670.1323912693,0.0,1343.684651108652,99640.30978888096,1412
76107.22992726322,14781.201561390808,7681.298208483182,0.0,1343.7511638348399,99913.48086097203,1413
76362.44324266784,14788.724308387998,7692.466747093202,0.0,1343.8175544195221,100187.45185256857,1414
76618.50729928592,14796.196350409893,7703.637939008271,0.0,1343.883822073657,100462.22541077774,1415
76875.42492873891,14803.61758129255,7714.811715839343,0.0,1343.949965997916,100737.80419186872,1416
77133.19897095051,14810.987896039982,7725.9880088994105,0.0,1344.0159853826842,101014.19086127258,1417
77391.83227414661,14818.30719082415,7737.166749203506,0.0,1344.0818794080599,101291.38809358233,1418
77651.32769485534,14825.575362984975,7748.347867468699,0.0,1344.1476472438555,101569.39857255288,1419
77911.68809790706,14832.792311030327,7759.531294114102,0.0,1344.213288049596,101848.22499110107,1420
78172.91635643425,14839.957934636028,7770.716959260866,0.0,1344.278800974521,102127.87005130567,1421
78435.01535187174,14847.072134645858,7781.904792732181,0.0,1344.3441851575822,102408.33646440736,1422
78697.9879739565,14854.134813071549,7793.094724053277,0.0,1344.4094397274457,102689.62695080876,1423
78961.83712072772,14861.145873092788,7804.286682451423,0.0,1344.474563802491,102971.74424007442,1424
79226.56569852683,14868.105219057208,7815.4805968559285,0.0,1344.539556490811,103254.69107093077,1425
79492.17662199745,14875.012756480408,7826.676395898142,0.0,1344.6044168902115,103538.47019126623,1426
79758.67281408542,14881.86839204593,7837.874007911452,0.0,1344.6691440882128,103823.08435813102,1427
80026.05720603884,14888.672033605275,7849.0733609312865,0.0,1344.7337371620476,104108.53633773745,1428
80294.33273740794,14895.423590177896,7860.274382695112,0.0,1344.7981951786628,104394.82890545962,1429
80563.50235604527,14902.122971951196,7871.477000642437,0.0,1344.8625171947185,104681.96484583362,1430
80833.5690181055,14908.770090280539,7882.681141914807,0.0,1344.9267022565884,104969.94695255744,1431
81104.53568804558,14915.36485768924,7893.886733355809,0.0,1344.9907494003596,105258.778028491,1432
81376.40533862464,14921.907187868559,7905.0937015110685,0.0,1345.0546576518325,105548.46088565611,1433
81649.18095090405,14928.396995677722,7916.301972628251,0.0,1345.118426026521,105838.99834523653,1434
81922.86551424739,14934.834197143904,7927.51147265706,0.0,1345.182053529653,106130.39323757801,1435
82197.46202632046,14941.21870946223,7938.7221272492425,0.0,1345.2455391561691,106422.6484021881,1436
82472.97349309122,14947.550450995781,7949.933861758582,0.0,1345.3088818907238,106715.76668773632,1437
82749.40292882995,14953.829341275592,7961.146601240901,0.0,1345.372080707685,107009.75095205414,1438
83026.75335610908,14960.055301000652,7972.3602704540635,0.0,1345.435134571134,107304.60406213494,1439
83305.02780580327,14966.228252037903,7983.574793857973,0.0,1345.4980424348657,107600.32889413401,1440
83584.22931708938,14972.348117422242,7994.790095614573,0.0,1345.5608032423881,107896.92833336859,1441
83864.3609374465,14978.414821356511,8006.006099587843,0.0,1345.6234159269236,108194.40527431777,1442
84145.42572265594,14984.428289211522,8017.222729343806,0.0,1345.6858794114066,108492.76262062267,1443
84427.42673680122,14990.388447526024,8028.439908150524,0.0,1345.7481926084863,108792.00328508626,1444
84710.36705226809,14996.295224006728,8039.657558978097,0.0,1345.8103544205246,109092.13018967344,1445
84994.24974974446,15002.148547528299,8050.875604498666,0.0,1345.8723637395974,109393.14626551102,1446
85279.07791822057,15007.948348133352,8062.093967086411,0.0,1345.9342194474937,109695.05445288784,1447
85564.85465498875,15013.694557032457,8073.312568817551,0.0,1345.9959204157158,109997.85770125448,1448
85851.58306564362,15019.387106604137,8084.531331470347,0.0,1346.05746550548,110301.55896922358,1449
86139.26626408199,15025.02593039487,8095.750176525096,0.0,1346.1188535677156,110606.16122456967,1450
86427.90737250292,15030.610963119087,8106.969025164137,0.0,1346.1800834430658,110911.66744422921,1451
86717.50952140763,15036.142140659173,8118.187798271848,0.0,1346.2411539618865,111218.08061430053,1452
87008.0758495996,15041.619400065461,8129.406416434647,0.0,1346.3020639442482,111525.40373004397,1453
87299.60950418451,15047.042679556249,8140.624799940992,0.0,1346.362812199934,111833.6397958817,1454
87592.11364057026,15052.411918517777,8151.842868781378,0.0,1346.4233975284408,112142.79182539786,1455
87885.59142246698,15057.727057504246,8163.060542648342,0.0,1346.4838187189787,112452.86284133854,1456
88180.04602188698,15062.988038237807,8174.27774093646,0.0,1346.5440745504716,112763.85587561173,1457
88475.4806191448,15068.194803608565,8185.4943827423485,0.0,1346.6041637915569,113075.77396928727,1458
88771.89840285722,15073.347297674578,8196.710386864663,0.0,1346.6640852005849,113388.62017259705,1459
89069.30256994322,15078.44546566186,8207.925671804094,0.0,1346.72383752562,113702.39754493479,1460
89367.69632562398,15083.489253964377,8219.140155763382,0.0,1346.7834195044397,114017.10915485618,1461
89667.08288342295,15088.478610144048,8230.353756647297,0.0,1346.8428298645354,114332.75808007881,1462
89967.46546516567,15093.413482930746,8241.566392062654,0.0,1346.9020673231112,114649.34740748219,1463
90268.8473009801,15098.293822222298,8252.777979318305,0.0,1346.9611305870856,114966.88023310777,1464
90571.2316292962,15103.119579084485,8263.988435425144,0.0,1347.0200183530897,115285.35966215891,1465
90874.62169684633,15107.890705751039,8275.197677096103,0.0,1347.0787293074686,115604.78880900094,1466
91179.02075866489,15112.607155623646,8286.405620746154,0.0,1347.137262126281,115925.17079716097,1467
91484.43207808865,15117.26888327195,8297.612182492307,0.0,1347.1956154752984,116246.5087593282,1468
91790.85892675653,15121.875844433545,8308.817278153616,0.0,1347.2537880100065,116568.80583735369,1469
92098.30458460964,15126.427996013977,8320.020823251167,0.0,1347.3117783756038,116892.06518225039,1470
92406.77233989138,15130.925296086749,8331.222733008095,0.0,1347.369585207003,117216.28995419323,1471
92716.26548914726,15135.367703893313,8342.422922349568,0.0,1347.4272071288294,117541.48332251896,1472
93026.78733722513,15139.755179843081,8353.621305902796,0.0,1347.4846427554226,117867.64846572644,1473
93338.34119727497,15144.087685513412,8364.817797997026,0.0,1347.5418906908353,118194.78857147624,1474
93650.930390749,15148.365183649625,8376.012312663548,0.0,1347.5989495288334,118522.906836591,1475
93964.55824740164,15152.587638164983,8387.204763635693,0.0,1347.6558178528967,118852.00646705521,1476
94279.22810528957,15156.755014140716,8398.395064348824,0.0,1347.7124942362184,119182.09067801532,1477
94594.94331077165,15160.867277825995,8409.58312794035,0.0,1347.768977241705,119513.1626937797,1478
94911.70721850896,15164.92439663795,8420.76886724972,0.0,1347.8252654219764,119845.22574781861,1479
95229.52319146479,15168.926339161666,8431.95219481842,0.0,1347.8813573193663,120178.28308276425,1480
95548.39460090469,15172.873075150179,8443.133022889971,0.0,1347.9372514659215,120512.33795041077,1481
95868.32482639635,15176.764575524481,8454.311263409947,0.0,1347.9929463834026,120847.39361171417,1482
96189.31725580974,15180.600812373512,8465.486828025947,0.0,1348.0484405832835,121183.45333679247,1483
96511.37528531704,15184.38175895417,8476.65962808762,0.0,1348.1037325667514,121520.5204049256,1484
96834.5023193926,15188.10738969131,8487.829574646648,0.0,1348.1588208247074,121858.59810455528,1485
97158.70177081306,15191.777680177733,8498.996578456758,0.0,1348.2137038377657,122197.68973328533,1486
97483.9770606572,15195.392607174195,8510.160549973709,0.0,1348.268380076254,122537.79859788137,1487
97810.33161830605,15198.95214860941,8521.321399355307,0.0,1348.3228480002138,122878.92801427099,1488
98137.76888144285,15202.456283580044,8532.479036461396,0.0,1348.3771060593992,123221.0813075437,1489
98466.29229605309,15205.904992350714,8543.633370853857,0.0,1348.4311526932793,123564.26181195093,1490
98795.90531642441,15209.298256353992,8554.784311796613,0.0,1348.484986331035,123908.47287090606,1491
99126.61140514676,15212.636058190403,8565.931768255625,0.0,1348.5386053915618,124253.71783698435,1492
99458.41403311219,15215.918381628428,8577.075648898892,0.0,1348.592008283468,124600.00007192297,1493
99791.31667951506,15219.145211604497,8588.21586209646,0.0,1348.6451934050758,124947.32294662109,1494
100125.32283185191,15222.316534222999,8599.352315920405,0.0,1348.698159144421,125295.68984113973,1495
100460.43598592147,15225.432336756272,8610.48491814485,0.0,1348.750903879252,125645.10414470185,1496
100796.65964582475,15228.492607644608,8621.613576245953,0.0,1348.8034259770318,125995.56925569236,1497
101133.99732396493,15231.497336496257,8632.738197401914,0.0,1348.855723794936,126347.08858165803,1498
101472.45254104742,15234.446514087418,8643.858688492968,0.0,1348.907795679854,126699.66553930767,1499
101812.0288260798,15237.340132362244,8654.9749561014,0.0,1348.9596399683887,127053.30355451183,1500
102152.72971637198,15240.178184432842,8666.086906511524,0.0,1349.0112549868566,127408.00606230319,1501
102494.55875753595,15242.960664579274,8677.194445709698,0.0,1349.0626390512873,127763.77650687622,1502
102837.51950348602,15245.687568249556,8688.29747938432,0.0,1349.1137904674242,128120.61834158732,1503
103181.61551643867,15248.358892059652,8699.395912925826,0.0,1349.1647075307237,128478.53502895488,1504
103526.85036691261,15250.974633793487,8710.489651426691,0.0,1349.2153885263565,128837.53004065914,1505
103873.2276337287,15253.534792402934,8721.578599681434,0.0,1349.2658317292057,129197.60685754228,1506
104220.75090401017,15256.039368007821,8732.662662186609,0.0,1349.316035403869,129558.76896960847,1507
104569.42377318231,15258.488361895934,8743.74174314081,0.0,1349.3659978046564,129921.01987602371,1508
104919.24984497268,15260.881776523003,8754.815746444674,0.0,1349.4157171755924,130284.36308511595,1509
105270.23273141112,15263.219615512724,8765.884575700871,0.0,1349.4651917504143,130648.80211437512,1510
105622.37605282958,15265.501883656732,8776.94813421412,0.0,1349.5144197525733,131014.340490453,1511
105975.68343786229,15267.728586914629,8788.006324991173,0.0,1349.5633993952335,131380.98174916333,1512
106330.15852344566,15269.899732413964,8799.059050740823,0.0,1349.6121288812733,131748.7294354817,1513
106685.80495481839,15272.015328450238,8810.106213873902,0.0,1349.660606403284,132117.58710354584,1514
107042.62638552126,15274.075384486909,8821.147716503281,0.0,1349.7088301435701,132487.558316655,1515
107400.62647739747,15276.079911155388,8832.183460443874,0.0,1349.7567982741502,132858.64664727089,1516
107759.8089005922,15278.028920255038,8843.213347212632,0.0,1349.8045089567563,133230.85567701663,1517
108120.17733355303,15279.922424753177,8854.237278028546,0.0,1349.851960342833,133604.1889966776,1518
108481.73546302965,15281.760438785075,8865.255153812644,0.0,1349.8991505735398,133978.6502062009,1519
108844.48698407404,15283.542977653959,8876.266875188001,0.0,1349.9460777797487,134354.24291469576,1520
109208.43560004033,15285.270057831003,8887.272342479724,0.0,1349.992740082045,134730.97074043308,1521
109573.58502258491,15286.941696955344,8898.271455714963,0.0,1350.0391355907282,135108.83731084593,1522
109939.93897166639,15288.557913834062,8909.264114622903,0.0,1350.0852624058107,135487.84626252914,1523
110307.50117554556,15290.118728442198,8920.250218634781,0.0,1350.1311186170187,135868.00124123957,1524
110676.27537078541,15291.624161922744,8931.229666883859,0.0,1350.1767023037917,136249.3059018958,1525
111046.26530225124,15293.074236586646,8942.202358205446,0.0,1350.2220115352827,136631.7639085786,1526
111417.47472311048,15294.468975912803,8953.168191136887,0.0,1350.2670443703582,137015.37893453054,1527
111789.9073948328,15295.808404548068,8964.127063917575,0.0,1350.3117988575982,137400.15466215604,1528
112163.5670871901,15297.092548307246,8975.07887448893,0.0,1350.356273035296,137786.09478302157,1529
112538.45757825648,15298.321434173098,8986.023520494424,0.0,1350.4004649314584,138173.20299785543,1530
112914.58265440825,15299.495090296337,8996.960899279558,0.0,1350.444372563806,138561.48301654795,1531
113291.94611032394,15300.613545995631,9007.890907891879,0.0,1350.4879939397722,138950.93855815122,1532
113670.55174898436,15301.6768317576,9018.813443080973,0.0,1350.5313270565048,139341.57335087945,1533
114050.40338167243,15302.684979236818,9029.728401298462,0.0,1350.5743699008642,139733.39113210858,1534
114431.50482797335,15303.63802125581,9040.635678698012,0.0,1350.6171204494246,140126.3956483766,1535
114813.8599157745,15304.535991805062,9051.535171135327,0.0,1350.6595766684738,140520.59065538336,1536
115197.47248126552,15305.378926043004,9062.426774168149,0.0,1350.701736514013,140915.97991799068,1537
115582.34636893823,15306.166860296025,9073.31038305626,0.0,1350.7435979317568,141312.56721022227,1538
115968.48543158671,15306.899832058469,9084.185892761485,0.0,1350.7851588571332,141710.35631526378,1539
116355.8935303072,15307.57787999263,9095.053197947684,0.0,1350.8264172152835,142109.3510254628,1540
116744.57453449818,15308.201043928757,9105.912192980759,0.0,1350.8673709210634,142509.55514232878,1541
117134.53232186034,15308.76936486505,9116.76277192865,0.0,1350.9080178790407,142910.9724765331,1542
117525.77077839665,15309.282884967668,9127.604828561343,0.0,1350.9483559834975,143313.60684790916,1543
117918.29379841217,15309.741647570718,9138.438256350852,0.0,1350.9883831184297,143717.46208545216,1544
118312.10528451425,15310.145697176265,9149.26294847124,0.0,1351.0280971575455,144122.5420273193,1545
118707.20914761252,15310.495079454324,9160.078797798606,0.0,1351.067495964268,144528.8505208297,1546
119103.6093069187,15310.789841242866,9170.88569691109,0.0,1351.1065773917321,144936.3914224644,1547
119501.30968994682,15311.030030547812,9181.683538088868,0.0,1351.1453392827877,145345.1685978663,1548
119900.31423251303,15311.21569654304,9192.472213314162,0.0,1351.1837794699977,145755.18592184022,1549
120300.62687873583,15311.346889570385,9203.251614271228,0.0,1351.221895775638,146166.44727835307,1550
120702.25158103583,15311.423661139623,9214.021632346365,0.0,1351.2596860116982,146578.95656053352,1551
121105.19445283948,15311.446090256486,9224.78219819094,0.0,1351.2971748876046,146992.71991617454,1552
121509.4658320897,15311.414335803183,9235.533317284051,0.0,1351.3344392711394,147407.74792444805,1553
121915.07031876364,15311.328515977842,9246.274886807863,0.0,1351.3714835890592,147824.0452051384,1554
122322.0121319035,15311.188746231635,9257.006796550997,0.0,1351.4083072972046,148241.61598198334,1555
122730.29550587983,15310.99514326247,9267.728936266341,0.0,1351.444909849708,148660.46449525832,1556
123139.92469039149,15310.74782501499,9278.441195671056,0.0,1351.4812906989903,149080.59500177653,1557
123550.9039504657,15310.446910680575,9289.143464446572,0.0,1351.5174492957635,149502.01177488858,1558
123963.23756645794,15310.09252069734,9299.83563223859,0.0,1351.5533850890295,149924.7191044829,1559
124376.9298340521,15309.684776750139,9310.517588657083,0.0,1351.58909752608,150348.7212969854,1560
124791.98506426037,15309.223801770557,9321.189223276293,0.0,1351.6245860524964,150774.02267535974,1561
125208.40758342322,15308.709719936916,9331.850425634735,0.0,1351.6598501121512,151200.62757910704,1562
125626.20173320953,15308.142656674278,9342.501085235193,0.0,1351.694889147206,151628.5403642662,1563
126045.37187061645,15307.522738654434,9353.141091544721,0.0,1351.7297025981127,152057.76540341374,1564
126465.92236796948,15306.850093795918,9363.770333994647,0.0,1351.7642899036136,152488.30708566363,1565
126887.85761292247,15306.124851263996,9374.388701980568,0.0,1351.798650500741,152920.16981666777,1566
127311.18200845753,15305.34714147067,9384.996084862347,0.0,1351.8327838248165,153353.35801861537,1567
127735.89997288519,15304.517096074678,9395.592371964127,0.0,1351.8666893094528,153787.87613023346,1568
128162.01593984425,15303.634847981495,9406.177452574315,0.0,1351.9003663865522,154223.7286067866,1569
128589.53435830184,15302.700531343331,9416.751215945591,0.0,1351.9338144863068,154660.91992007705,1570
129018.45969255344,15301.71428155913,9427.313551294905,0.0,1351.967033037199,155099.45455844468,1571
129448.79642222286,15300.676235274579,9437.864347803477,0.0,1352.0000214660013,155539.3370267669,1572
129880.54904226224,15299.58653038209,9448.403494616801,0.0,1352.032779197776,155980.5718464589,1573
130313.72206295202,15298.44530602082,9458.930880844639,0.0,1352.0653056558763,156423.16355547338,1574
130748.32000990097,15297.252702576658,9469.446395561023,0.0,1352.0976002619443,156867.11670830057,1575
131184.34742404625,15296.008861682229,9479.949927804259,0.0,1352.1296624359127,157312.43587596866,1576
131621.80886165326,15294.713926216893,9490.441366576919,0.0,1352.1614915960042,157759.12564604304,1577
132060.70889431585,15293.36804030675,9500.920600845851,0.0,1352.193087158732,158207.19062262718,1578
132501.05210895604,15291.97134932463,9511.387519542172,0.0,1352.2244485388983,158656.63542636175,1579
132942.8431078243,15290.523999890105,9521.842011561264,0.0,1352.2555751495966,159107.4646944253,1580
133386.08650849937,15289.026139869477,9532.283965762792,0.0,1352.2864664022093,159559.68308053384,1581
133830.78694388838,15287.477918375787,9542.713270970678,0.0,1352.3171217064098,160013.29525494124,1582
134276.94906222675,15285.879485768815,9553.129815973127,0.0,1352.347540470161,160468.30590443886,1583
134724.57752707816,15284.230993655068,9563.533489522602,0.0,1352.377722099716,160924.71973235556,1584
135173.6770173348,15282.5325948878,9573.92418033585,0.0,1352.407665999618,161382.54145855806,1585
135624.25222721696,15280.78444356699,9584.30177709388,0.0,1352.4373715727004,161841.77581945053,1586
136076.30786627342,15278.98669503936,9594.666168441974,0.0,1352.4668382200862,162302.4275679748,1587
136529.84865938127,15277.139505898367,9605.017242989685,0.0,1352.4960653411888,162764.50147361052,1588
136984.8793467459,15275.243033984203,9615.354889310836,0.0,1352.5250523337118,163228.00232237467,1589
137441.404683901,15273.297438383794,9625.678995943523,0.0,1352.5537985936485,163692.93491682195,1590
137899.42944170866,15271.302879430803,9635.98945139011,0.0,1352.5823035152823,164159.30407604485,1591
138358.95840635922,15269.259518705632,9646.286144117234,0.0,1352.610566491187,164627.11463567326,1592
138819.9963793714,15267.167519035414,9656.568962555799,0.0,1352.6385869122262,165096.37144787484,1593
139282.54817759228,15265.027044494022,9666.837795100986,0.0,1352.6663641675532,165567.07938135485,1594
139746.61863319715,15262.83826040206,9677.09253011224,0.0,1352.6938976446122,166039.24332135607,1595
140212.2125936898,15260.601333326875,9687.333055913281,0.0,1352.7211867291367,166512.86816965908,1596
140679.33492190216,15258.316431082543,9697.559260792099,0.0,1352.7482308051506,166987.95884458197,1597
141147.99049599466,15255.983722729881,9707.771033000952,0.0,1352.7750292549679,167464.52028098045,1598
141618.18420945594,15253.603378576438,9717.968260756375,0.0,1352.8015814591922,167942.55743024792,1599
142089.920971103,15251.1755701765,9728.150832239166,0.0,1352.827886796718,168422.0752603154,1600
142563.20570508123,15248.700470331089,9738.3186355944,0.0,1352.8539446447292,168903.07875565146,1601
143038.0433508643,15246.178253087965,9748.471558931418,0.0,1352.8797543786995,169385.57291726238,1602
143514.43886325412,15243.609093741621,9758.609490323837,0.0,1352.9053153723937,169869.562762692,1603
143992.39721238113,15240.993168833287,9768.73231780954,0.0,1352.9306269978656,170355.05332602182,1604
144471.92338370392,15238.330656150929,9778.839929390682,0.0,1352.9556886254597,170842.049657871,1605
144953.02237800948,15235.62173472925,9788.93221303369,0.0,1352.9804996238104,171330.55682539623,1606
145435.69921141316,15232.866584849684,9799.00905666926,0.0,1353.0050593598417,171820.57991229193,1607
145919.95891535855,15230.065388040408,9809.07034819236,0.0,1353.0293671987686,172312.12401879008,1608
146405.8065366177,15227.218327076329,9819.115975462228,0.0,1353.0534225040951,172805.19426166033,1609
146893.2471372908,15224.325585979095,9829.145826302376,0.0,1353.077224637616,173299.7957742099,1610
147382.28579480658,15221.387350017083,9839.15978850058,0.0,1353.100772959416,173795.93370628366,1611
147872.92760192195,15218.403805705415,9849.157749808894,0.0,1353.1240668278695,174293.61322426415,1612
148365.17766672221,15215.37514080594,9859.139597943635,0.0,1353.1471055996415,174792.83951107142,1613
148859.041112621,15212.301544327247,9869.1052205854,0.0,1353.1698886296865,175293.61776616334,1614
149354.52307836025,15209.183206524662,9879.054505379048,0.0,1353.1924152712497,175795.95320553522,1615
149851.62871801018,15206.020318900246,9888.987339933716,0.0,1353.214684875866,176299.85106172,1616
150350.36320096947,15202.813074202793,9898.903611822807,0.0,1353.23669679336,176805.31658378843,1617
150850.73171196503,15199.561666427837,9908.803208583993,0.0,1353.2584503718467,177312.35503734872,1618
151352.73945105213,15196.266290817646,9918.686017719225,0.0,1353.2799449577315,177820.9717045467,1619
151856.39163361432,15192.927143861223,9928.551926694716,0.0,1353.3011798957093,178331.17188406596,1620
152361.69349036357,15189.544423294308,9938.400822940954,0.0,1353.3221545287652,178842.9608911276,1621
152868.6502673401,15186.11832809938,9948.232593852696,0.0,1353.3428681981748,179356.34405749035,1622
153377.26722591248,15182.649058505645,9958.047126788973,0.0,1353.3633202435028,179871.32673145062,1623
153887.54964277765,15179.136815989054,9967.844309073083,0.0,1353.3835100026051,180387.91427784238,1624
154399.5028099608,15175.58180327229,9977.624027992599,0.0,1353.403436811627,180906.11207803735,1625
154913.13203481556,15171.984224324771,9987.386170799356,0.0,1353.4231000050036,181425.92552994468,1626
155428.44264002377,15168.344284362654,9997.130624709473,0.0,1353.4424989154606,181947.36004801135,1627
155945.43996359565,15164.662189848828,10006.857276903325,0.0,1353.4616328740137,182470.42106322182,1628
156464.12935886977,15160.938148492924,10016.566014525572,0.0,1353.4805012099685,182995.11402309823,1629
156984.516194513,15157.172369251299,10026.256724685132,0.0,1353.4991032509204,183521.44439170035,1630
157506.60585452057,15153.365062327055,10035.929294455205,0.0,1353.5174383227554,184049.4176496256,1631
158030.40373821603,15149.516439170025,10045.583610873253,0.0,1353.535505749649,184579.03929400898,1632
158555.9152602512,15145.626712476782,10055.219560941012,0.0,1353.5533048540674,185110.31483852305,1633
159083.1458506063,15141.696096190628,10064.837031624491,0.0,1353.5708349567665,185643.24981337818,1634
159612.10095458984,15137.72480550161,10074.435909853966,0.0,1353.5880953767917,186177.8497653222,1635
160142.7860328387,15133.713056846502,10084.016082523987,0.0,1353.6050854314797,186714.12025764066,1636
160675.20656131802,15129.66106790882,10093.57743649337,0.0,1353.621804436456,187252.06687015668,1637
161209.36803132138,15125.569057618815,10103.119858585207,0.0,1353.638251705637,187791.69519923106,1638
161745.27594947055,15121.43724615347,10112.64323558686,0.0,1353.6544265512289,188333.0108577621,1639
162282.93583771578,15117.265854936506,10122.147454249956,0.0,1353.670328283728,188876.01947518598,1640
162822.35323333548,15113.055106638383,10131.632401290402,0.0,1353.6859562119203,189420.72669747617,1641
163363.53368893653,15108.805225176293,10141.097963388367,0.0,1353.7013096428823,189967.13818714407,1642
163906.48277245407,15104.516435714166,10150.544027188296,0.0,1353.7163878819804,190515.25962323853,1643
164451.2060671516,15100.188964662666,10159.970479298903,0.0,1353.7311902328709,191065.09670134605,1644
164997.70917162093,15095.823039679193,10169.377206293173,0.0,1353.7457159975006,191616.6551335908,1645
165545.99769978217,15091.418889667886,10178.764094708362,0.0,1353.7599644761058,192169.94064863454,1646
166096.07728088385,15086.976744779617,10188.131031045998,0.0,1353.7739349672133,192724.95899167669,1647
166647.95355950273,15082.496836411994,10197.477901771874,0.0,1353.7876267676397,193281.71592445424,1648
167201.63219554393,15077.979397209361,10206.804593316061,0.0,1353.8010391724918,193840.21722524185,1649
167757.11886424097,15073.4246610628,10216.110992072898,0.0,1353.8141714751662,194400.46868885183,1650
168314.41925615558,15068.832863110127,10225.396984400992,0.0,1353.8270229673499,194962.47612663402,1651
168873.53907717788,15064.204239735891,10234.662456623226,0.0,1353.8395929390197,195526.245366476,1652
169434.48404852636,15059.539028571382,10243.90729502675,0.0,1353.8518806784425,196091.78225280295,1653
169997.25990674776,15054.837468494627,10253.131385862984,0.0,1353.8638854721755,196659.09264657754,1654
170561.8724037172,15050.09979963038,10262.334615347621,0.0,1353.8756066050657,197228.18242530024,1655
171128.32730663806,15045.32626335014,10271.516869660625,0.0,1353.8870433602501,197799.05748300906,1656
171696.6303980422,15040.517102272137,10280.678034946231,0.0,1353.898195019156,198371.72373027974,1657
172266.7874757896,15035.672560261339,10289.81799731294,0.0,1353.9090608615006,198946.18709422537,1658
172838.8043530688,15030.792882429449,10298.93664283353,0.0,1353.9196401652912,199522.45351849703,1659
173412.68685839645,15025.878315134907,10308.033857545048,0.0,1353.929932206825,200100.52896328323,1660
173988.44083561766,15020.929105982887,10317.109527448809,0.0,1353.9399362606896,200680.41940531004,1661
174566.07214390585,15015.945503825298,10326.1635385104,0.0,1353.9496515997623,201262.1308378413,1662
175145.58665776273,15010.92775876079,10335.19577665968,0.0,1353.9590774952107,201845.6692706784,1663
175726.99026701838,15005.876122134745,10344.206127790778,0.0,1353.9682132164924,202431.0407301604,1664
176310.28887683118,15000.79084653928,10353.194477762094,0.0,1353.977058031355,203018.25125916392,1665
176895.4884076879,14995.67218581325,10362.160712396299,0.0,1353.985611205836,203607.30691710327,1666
177482.59479540354,14990.520395042244,10371.104717480333,0.0,1353.9938720042633,204198.2137799304,1667
178071.6139911215,14985.33573055859,10380.026378765408,0.0,1354.0018396892544,204790.97794013473,1668
178662.55196131347,14980.11844994135,10388.925581967007,0.0,1354.0095135217177,205385.6055067435,1669
179255.4146877795,14974.86881201632,10397.802212764886,0.0,1354.0168927608506,205982.10260532156,1670
179850.208167648,14969.587076856036,10406.656156803065,0.0,1354.0239766641412,206580.47537797125,1671
180446.93841337558,14964.273505779765,10415.48729968984,0.0,1354.0307644873676,207180.72998333257,1672
181045.6114527473,14958.928361353515,10424.29552699778,0.0,1354.0372554845978,207782.8725965832,1673
181646.23332887658,14953.551907390027,10433.080724263715,0.0,1354.04344890819,208386.90940943852,1674
182248.810100205,14948.144408948776,10441.842776988758,0.0,1354.049344008792,208992.84663015133,1675
