subclone_1,subclone_2,subclone_3,subclone_4,total_tumor,days
29536.0,28367.0,25896.0,16201.0,100000.0,1
30354.616571608778,29070.447217656652,26032.87925214636,16630.889304714543,102088.83234612634,2
31195.57768725835,29772.92162453424,25492.71278089683,17070.476723434,103531.68881612341,3
32059.567201800757,30470.003768338654,23618.48018657634,17519.890495390693,103667.94165210644,4
32947.3574806575,31156.17200466256,19744.709885282944,17979.282827257222,101827.52219786022,5
33859.79179316204,31824.53765442241,14075.476037560722,18448.817603100924,98208.62308824608,6
34797.64897134663,32466.36675462184,8347.028970567539,18928.593311760247,94539.63800829626,7
35761.54750364949,33070.656137345126,4258.686313533265,19418.588301752246,92509.47825628013,8
36752.0260082724,33623.76464620419,1988.1775646757728,19918.701362950727,92282.66958210309,9
37769.654047460695,34109.10527481451,888.7503089258275,20428.80848766808,93196.31811886911,10
38815.075418287735,34506.740779910506,392.6734736713546,20948.78164967933,94663.27132154893,11
39888.99517949826,34793.03657839123,172.32410370298214,21478.476658705033,96332.8325202975,12
40992.162732323945,34940.497591923,75.97394284306475,22017.71828568546,98026.35255277547,13
42125.361186865855,34917.98609280539,33.78042317089216,22566.28819445199,99643.41589729412,14
43289.403394799774,34691.54155053356,14.747246022695997,23123.915789705814,101119.60798106185,15
44485.13104194152,34226.08012564748,6.747548868164629,23690.26987082052,102408.2285872777,16
45713.4140884679,33488.22058810134,3.2551466828086433,24264.949586235016,103469.83940948707,17
46975.151381865704,32450.325994011248,1.5926009213447312,24847.47503142659,104274.54500822487,18
48271.27048738946,31095.704261091418,0.7320417286921816,25437.276161168782,104804.98295137836,19
49602.72679244203,29424.150221499953,0.33909303558912096,26033.680265748713,105060.89637272629,20
50970.50165413773,27456.751589337953,0.15928834184603954,26635.897504809298,105063.31003662683,21
52375.59968581571,25238.33581636493,0.07201049323542558,27243.00458180166,104857.01209447553,22
53819.04537740528,22836.02818609264,0.033764398501851124,27853.92647116009,104509.03379905652,23
55301.87967429231,20333.3940884384,0.015606846909274183,28467.416646941896,104102.70601651951,24
56825.15724094449,17820.944895386867,0.008490310445914634,29082.035893295346,103728.14651993715,25
58389.94495842404,15385.12120380587,0.0,29696.13001931772,103471.19618154762,26
59997.322984651015,13104.619024322215,0.0,30307.76632751093,103409.70833648415,27
61648.38137913789,11029.123659219113,0.0,30914.80357763995,103592.30861599695,28
63344.22704553718,9176.01088714014,0.0,31514.878299328208,104035.11623200553,29
65085.99191071195,7554.044389044309,0.0,32105.24409671354,104745.28039646981,30
66874.83299456007,6163.642007356824,0.0,32682.76988096031,105721.24488287722,31
68711.9324100143,4996.875745969104,0.0,33243.93987025939,106952.74802624279,32
70598.49736304219,4037.471770238775,0.0,33784.85358982819,108420.82272310916,33
72535.76015264617,3260.810406989667,0.0,34301.22587191063,110097.79643154646,34
74524.9781708635,2633.926144511821,0.0,34788.386855777164,111947.29117115248,35
76567.4379468823,2120.0151722560468,0.0,35241.245953486905,113928.69907262526,36
78664.47503486395,1703.7568932387157,0.0,35654.08701985996,116022.31894796263,37
80817.45129602295,1369.451766338306,0.0,36020.771224075266,118207.67428643652,38
83027.75742347338,1101.7878166101798,0.0,36334.75610330539,120464.30134338894,39
85296.81432590967,887.2204644642652,0.0,36589.08637917258,122773.1211695465,40
87626.07530611884,714.723261644894,0.0,36776.47396278528,125117.27253054902,41
90017.0267443347,576.5490634241726,0.0,36889.29695674264,127482.87276450152,42
92471.18534191756,466.1043371491473,0.0,36919.91462639558,129857.20430546229,43
94990.09835350861,377.61174307757335,0.0,36860.78932972598,132228.49942631216,44
97575.34389444663,306.4350156849639,0.0,36704.58040783467,134586.35931796627,45
100228.53072869484,249.3860703408381,0.0,36444.420995415974,136922.33779445165,46
102951.29492347612,202.89445247053268,0.0,36074.13908680898,139228.32846275563,47
105745.30082764548,164.56654937219076,0.0,35589.00091677474,141498.86829379242,48
108612.24120600404,133.33156006722547,0.0,34985.75768094643,143731.33044701768,49
111553.83575601241,108.96050819463372,0.0,34262.71463474097,145925.510898948,50
114571.82289597945,89.35190763996553,0.0,33420.40905718538,148081.5838608048,51
117667.96293911505,73.44733581478724,0.0,32461.82127426983,150203.23154919967,52
120844.03087808691,60.54089568270791,0.0,31392.500515506377,152297.072289276,53
124101.8153645214,50.0155679148352,0.0,30220.593571147263,154372.4245035835,54
127443.11613577623,41.36498603009301,0.0,28956.739228347902,156441.22035015424,55
130869.7361110838,34.268164011373045,0.0,27614.087092786172,158518.09136788134,56
134383.47694029324,28.455913914695298,0.0,26207.821558617245,160619.75441282516,57
137986.12769878213,23.688958427956077,0.0,24754.14868577377,162763.96534298387,58
141679.464367705,19.759896992952296,0.0,23270.25990803118,164969.4841727291,59
145465.24122511697,16.507681065354433,0.0,21773.85616862378,167255.6050748061,60
149345.18553801463,13.818646644306984,0.0,20282.123187794805,169641.12737245375,61
153320.9862096584,11.584418136583475,0.0,18811.243777305914,172143.81440510091,62
157394.26902368278,9.719491770108123,0.0,17375.5444633844,174779.5329788373,63
161566.5963438578,8.161621384890344,0.0,15987.483398081837,177562.24136332452,64
165839.46699128224,6.8717661531726835,0.0,14657.650433841529,180503.98919127695,65
170214.279481122,5.808018396448477,0.0,13394.484311871158,183614.57181138964,66
174692.3517128142,4.918859052920217,0.0,12203.532526853218,186900.80309872032,67
179274.87062719822,4.1695909283045545,0.0,11088.41984725068,190367.4600653772,68
183962.84800557996,3.534239569603008,0.0,10051.129112469178,194017.51135761873,69
188757.1204697318,2.995553265101967,0.0,9092.00123285701,197852.1172558539,70
193658.34948189263,2.5450030443726925,0.0,8209.73518970513,201870.6296746421,71
198666.96170265367,2.1724839977743367,0.0,7401.729987456199,206070.86417410764,72
203783.13215837633,1.8573857006592138,0.0,6664.738495649341,210449.72803972632,73
209006.75821416228,1.5910613364889699,0.0,5994.8347094672445,215003.18398496602,74
214337.30130300287,1.3658989308378378,0.0,5387.894081588602,219726.56128352231,75
219773.78489802146,1.175076310892862,0.0,4839.601549394023,224614.56152372638,76
225314.79451247372,1.0125611054538992,0.0,4345.4515349660205,229661.25860854518,77
230958.37577333066,0.8732682523445462,0.0,3900.7978842182965,234860.04692580132,78
236701.9088450549,0.7539463775010922,0.0,3501.2696039545835,240203.93239538695,79
242542.2954377486,0.6520305573536017,0.0,3142.7967701635453,245685.74423846952,80
248475.36959802895,0.5651073258944477,0.0,2821.545368799927,251297.4800741548,81
254495.85988434305,0.4909246080644862,0.0,2533.920799889949,257030.27160884108,82
260597.38936696798,0.42739171975305645,0.0,2276.567877531307,262874.384636219,83
266772.4756280107,0.3725793677979806,0.0,2046.3708298931729,268819.2190372716,84
273012.1980173391,0.324902410903508,0.0,1840.4368905072024,274852.9598102572,85
279305.8184692321,0.28363980289375057,0.0,1656.1874939179902,280962.289602953,86
285641.38386588066,0.2479973343861785,0.0,1491.406798481169,287133.03866169625,87
292004.1690136871,0.21721951673899373,0.0,1344.0553325659805,293348.44156576984,88
298376.5891090234,0.19061743030002107,0.0,1212.261843697997,299589.0415701517,89
304738.1997382307,0.16756872440670817,0.0,1094.3232985591194,305832.6906055142,90
311065.6968776196,0.14751761738612545,0.0,988.7048829875787,312054.5492782246,91
317332.6963892251,0.12997245888476297,0.0,894.0358650289611,318226.8622267129,92
323507.7362043176,0.11455747457102106,0.0,809.1044695915954,324316.95523138373,93
329556.0868772275,0.1010834913198772,0.0,732.9095698825555,330289.09753060143,94
335437.23355751194,0.08937078101621482,0.0,664.5432777846171,336101.86620607757,95
341104.21240569075,0.07922550457770838,0.0,603.1710802008758,341707.4627113962,96
346503.61059324635,0.07043971195482321,0.0,548.0318390547479,347051.7128720131,97
351575.56630262407,0.06279134213081565,0.0,498.4377912899695,352074.0668852562,98
356253.76872723177,0.056044223121732975,0.0,453.7745488705965,356707.5993203255,99
360465.43052240333,0.04996401051785895,0.0,413.50221993972133,360878.9827063536,100
364128.777263338,0.044554229583461946,0.0,377.17051023807875,364505.99232780567,101
367151.82835662586,0.03978203551416043,0.0,344.37968201234787,367496.24782067374,102
369437.2137041793,0.03556842441901986,0.0,314.7623009464784,369752.0115735502,103
370882.6805273713,0.031842838608746774,0.0,287.9859564412604,371170.6983266512,104
371381.09336703614,0.028543166595688747,0.0,263.75326161432497,371644.875171817,105
370822.1584979994,0.025615794896948818,0.0,241.80124336992836,371063.98535716423,106
369096.203195638,0.023016245944496406,0.0,221.89881527455526,369318.1250271585,107
366091.5625084283,0.020706384517711264,0.0,203.84254623438804,366295.42576104717,108
361714.40279187943,0.018651838804442412,0.0,187.44742443525058,361901.8688681535,109
355890.62595031766,0.016821910443528775,0.0,172.54613781125465,356063.1889100394,110
348565.86943688657,0.015189574524799168,0.0,158.98907404479968,348724.8737005059,111
339695.825176538,0.013692781229001657,0.0,146.64008805825316,339842.4789573775,112
329278.98353825416,0.01227513182557374,0.0,135.3779286370357,329414.373742023,113
317397.95452403673,0.01101484982427985,0.0,125.10533901289035,317523.0708778994,114
304165.95447803475,0.009971034229790461,0.0,115.73203713265627,304281.69648620166,115
289724.8947589812,0.009177613817508723,0.0,107.1740747614364,289832.07801135647,116
274245.381740193,0.008643347133570446,0.0,99.35383748259747,274344.7442210227,117
257926.71680957105,0.008351822494844107,0.0,92.20004469777007,258018.9252060913,118
240996.8963696002,0.008261457988930857,0.0,85.64774962684855,241082.55238068503,119
223712.6118373492,0.008305501474164517,0.0,79.63833930799117,223792.25848215868,120
206359.2496444709,0.008392030579611565,0.0,74.11953459761993,206433.3775710991,121
189245.19826812815,0.0,0.0,69.04543689860735,189314.24370502675,122
172600.06325117734,0.0,0.0,64.37726193926892,172664.4405131166,123
156589.96988827203,0.0,0.0,60.0809466774903,156650.0508349495,124
141357.59200350314,0.0,0.0,56.12471809542012,141413.71672159855,125
127016.3117780334,0.0,0.0,52.47901445303459,127068.79079248644,126
113650.21975009725,0.0,0.0,49.11648528813747,113699.33623538539,127
101314.11481500081,0.0,0.0,46.011991416360104,101360.12680641717,128
90033.50422512212,0.0,0.0,43.14260493116139,90076.64683005327,129
79804.60358991056,0.0,0.0,40.487609203827766,79845.0911991144,130
70594.3368758877,0.0,0.0,38.02849888347327,70632.36537477118,131
62340.75259548011,0.0,0.0,35.74896554640318,62376.50156102651,132
54971.53750135764,0.0,0.0,33.634391304893796,55005.17189266253,133
48415.50140078778,0.0,0.0,31.671573378470356,48447.17297416626,134
42601.8057315467,0.0,0.0,29.848354193126834,42631.65408573983,135
37462.58942082939,0.0,0.0,28.153469738601395,37490.74289056799,136
32932.9688852497,0.0,0.0,26.57654956837637,32959.54543481807,137
28951.038030840296,0.0,0.0,25.108116799678267,28976.146147639975,138
25457.868253052664,0.0,0.0,23.739588113477765,25481.60784116614,139
22396.776587782584,0.0,0.0,22.463247875667765,22419.239835658253,140
19710.368653141766,0.0,0.0,21.271989951063926,19731.64064309283,141
17354.78994006558,0.0,0.0,20.159450838695143,17374.949390904276,142
15291.662483905076,0.0,0.0,19.119750252481534,15310.782234157557,143
13485.775286007438,0.0,0.0,18.147424060071266,13503.922710067509,144
11905.084313715975,0.0,0.0,17.237424282840557,11922.321737998816,145
10520.712500370128,0.0,0.0,16.385119095893685,10537.097619466022,146
9306.949745305465,0.0,0.0,15.586292828062977,9322.536038133527,147
8242.662628828433,0.0,0.0,14.837115145796034,8257.49974397423,148
7312.91289216441,0.0,0.0,14.134012251779577,7327.046904416189,149
6496.456572213268,0.0,0.0,13.473789416039706,6509.930361629308,150
5774.685339755696,0.0,0.0,12.853469404270044,5787.538809159966,151
5132.838131566585,0.0,0.0,12.270270508831487,5145.108402075416,152
4560.001150415041,0.0,0.0,11.721606548752206,4571.722756963793,153
4049.1078650643785,0.0,0.0,11.20508686972764,4060.312951934106,154
3596.9390102721227,0.0,0.0,10.718516344120502,3607.657526616243,155
3204.1225867900093,0.0,0.0,10.259895370960775,3214.38248216097,156
2867.0647508139423,0.0,0.0,9.827381386816954,2876.892132200759,157
2568.602498085843,0.0,0.0,9.41923792216388,2578.021736008007,158
2304.040976957902,0.0,0.0,9.033903489482926,2313.0748804473847,159
2069.5620600087695,0.0,0.0,8.669910930433149,2078.2319709392027,160
1861.6475556389335,0.0,0.0,8.325884398474134,1869.9734400374075,161
1677.0792080707183,0.0,0.0,8.000539358866005,1685.0797474295844,162
1512.938697348286,0.0,0.0,7.6926825886694115,1520.6313799369555,163
1366.6076393376368,0.0,0.0,7.40121217674554,1374.0088515143823,164
1235.7675857266079,0.0,0.0,7.125117523756107,1242.892703250364,165
1118.4833077330745,0.0,0.0,6.863465112768081,1125.3467728458427,166
1013.4215460993272,0.0,0.0,6.615365602760478,1020.0369117020877,167
919.3310404818574,0.0,0.0,6.3800135406295775,925.7110540224869,168
835.042292249922,0.0,0.0,6.156650622263721,841.1989428721856,169
759.478713009652,0.0,0.0,5.944562957503367,765.4232759671554,170
691.6566246040526,0.0,0.0,5.7430810701410895,697.3997056741937,171
630.6852591130029,0.0,0.0,5.551579897921582,636.2368390109244,172
575.766758853256,0.0,0.0,5.369478792541654,581.1362376457976,173
526.196176378439,0.0,0.0,5.196241519650234,531.3924178980892,174
481.36068051789505,0.0,0.0,5.031369376743856,486.3920498946389,175
440.7699975208623,0.0,0.0,4.8743817142368036,445.6443792350991,176
404.0323986094746,0.0,0.0,4.724848469765469,408.7572470792401,177
370.7835253985988,0.0,0.0,4.58236355911765,375.36588895771644,178
340.6830536615007,0.0,0.0,4.446541724549393,345.1295953860501,179
313.4146933298455,0.0,0.0,4.317018534784994,317.7317118646305,180
288.6861884936975,0.0,0.0,4.193450385017,292.8796388787145,181
266.22931740152,0.0,0.0,4.075514496906205,270.3048318984262,182
245.79989246017573,0.0,0.0,3.9629089185816566,249.7628013787574,183
227.1777602349266,0.0,0.0,3.8553525246406486,231.03311275956725,184
210.1668014494332,0.0,0.0,3.7525850161487266,213.9193864655819,185
194.59535944008266,0.0,0.0,3.6543662355614686,198.24972567564413,186
180.33240943721677,0.0,0.0,3.5604576692271865,183.89286710644396,187
167.27219178181844,0.0,0.0,3.4706419712131282,170.74283375303156,188
155.31318450582705,0.0,0.0,3.384718701374339,158.6979032072014,189
144.35989658031178,0.0,0.0,3.3024965163868045,147.6623930966986,190
134.322867915472,0.0,0.0,3.223793169747453,137.54666108521945,191
125.11866936063687,0.0,0.0,3.1484355117741534,128.26710487241104,192
116.66990270426568,0.0,0.0,3.0762594896057154,119.7461621938714,193
108.90520067394772,0.0,0.0,3.0071101472018906,111.9123108211496,194
101.75922693640216,0.0,0.0,2.9408416253433725,104.70006856174552,195
95.17267609747825,0.0,0.0,2.877317161631794,98.04999325911004,196
89.09227370215517,0.0,0.0,2.8164090904897314,91.9086827926449,197
83.47077623454209,0.0,0.0,2.757998843160702,86.22877507770279,198
78.26697465197174,0.0,0.0,2.7019759924671516,80.96895064443889,199
73.44664883214773,0.0,0.0,2.6482270457621055,76.09487587790983,200
68.98139725136676,0.0,0.0,2.5966510472219744,71.57804829858873,201
64.84461502454334,0.0,0.0,2.547154313322022,67.39176933786537,202
61.0111182108528,0.0,0.0,2.4996469482084973,63.5107651590613,203
57.45714381373125,0.0,0.0,2.4540428436986357,59.91118665742989,204
54.16034978087566,0.0,0.0,2.4102596792806557,56.57060946015632,205
51.099815004243794,0.0,0.0,2.368218922113763,53.468033926357556,206
48.25603932005422,0.0,0.0,2.327845827028148,50.58388514708237,207
45.610943508786356,0.0,0.0,2.2890694365249864,47.900012945311346,208
43.147869295180406,0.0,0.0,2.25182258077644,45.39969187595685,209
40.85157934823741,0.0,0.0,2.2160418776256545,43.067621225863064,210
38.7082572812192,0.0,0.0,2.1816677325867624,40.88992501380596,211
36.70550765164844,0.0,0.0,2.14864433884488,38.85415199049332,212
34.83235596130862,0.0,0.0,2.116919677256111,36.949275638564735,213
33.07923537094252,0.0,0.0,2.0864454295721098,35.16568080051463,214
31.43705763792052,0.0,0.0,2.05717042045804,33.49422805837856,215
29.898172641983123,0.0,0.0,2.029047728508173,31.9272203704913,216
28.455923245030416,0.0,0.0,2.0020357900099253,30.45795903504034,217
27.103956696637688,0.0,0.0,1.9760945068653848,29.08005120350307,218
25.836224634055405,0.0,0.0,1.9511852465913124,27.787409880646717,219
24.64698308220924,0.0,0.0,1.9272708423191416,26.57425392452838,220
23.530792453700037,0.0,0.0,1.904315592794978,25.435108046495017,221
22.48251754880385,0.0,0.0,1.8822852623795994,24.36480281118345,222
21.497327555471912,0.0,0.0,1.8611470810484565,23.35847463652037,223
20.570696049330643,0.0,0.0,1.8408697443916722,22.411565793722314,224
19.698400993681666,0.0,0.0,1.8214234136140421,21.519824407295708,225
18.876524739501782,0.0,0.0,1.8027797155350336,20.679304455036817,226
18.10145402544299,0.0,0.0,1.7849117425887873,19.886365768031776,227
17.369879977832483,0.0,0.0,1.7677940528241156,19.137674030656598,228
16.678798110672634,0.0,0.0,1.7514026699045038,18.430200780577138,229
16.02550832564101,0.0,0.0,1.7357150831081092,17.761223408749117,230
15.40761491209038,0.0,0.0,1.7207102473277618,17.128325159418143,231
14.82302654704868,0.0,0.0,1.7063685830709638,16.529395130119646,232
14.269850815767212,0.0,0.0,1.6926712874432999,15.962522103210512,233
13.745721186334972,0.0,0.0,1.6795961818003153,15.425317368135287,234
13.248957060678505,0.0,0.0,1.667125806863857,14.916082867542361,235
12.778096092401604,0.0,0.0,1.6552443048043766,14.433340397205981,236
12.331730687499919,0.0,0.0,1.643936332283778,13.975667019783696,237
11.908508004360948,0.0,0.0,1.6331870604554173,13.541695064816366,238
11.507129953764052,0.0,0.0,1.622982174964102,13.130112128728154,239
11.12635319888044,0.0,0.0,1.6133078759460922,12.73966107482653,240
10.764989155273172,0.0,0.0,1.6041508780290992,12.369140033302271,241
10.421903990897173,0.0,0.0,1.595498410332287,12.01740240122946,242
10.096018626099209,0.0,0.0,1.5873382164662704,11.683356842565479,243
9.786308733617911,0.0,0.0,1.5796585545331174,11.36596728815103,244
9.49180473858376,0.0,0.0,1.572448197126347,11.064252935710106,245
9.211591818519086,0.0,0.0,1.5656964313309307,10.777288249850017,246
8.944809903338083,0.0,0.0,1.5593930587232914,10.504202962061374,247
8.690653675346788,0.0,0.0,1.5535283953713042,10.244182070718091,248
8.448372569243102,0.0,0.0,1.5480932718342963,9.996465841077399,249
8.217270772116777,0.0,0.0,1.5430790331630464,9.760349805279823,250
7.996707223449414,0.0,0.0,1.5384775388997853,9.5351847623492,251
7.786095615114474,0.0,0.0,1.534281163078196,9.320376778192669,252
7.584904391377269,0.0,0.0,1.5304827942234132,9.115387185600682,253
7.392656748894972,0.0,0.0,1.527075835352023,8.919732584246995,254
7.208930636716596,0.0,0.0,1.5240542039720646,8.732984840688662,255
7.033358756283022,0.0,0.0,1.521412332083028,8.55477108836605,256
6.865628561426979,0.0,0.0,1.5191451661758555,8.384773727602834,257
6.70531301048487,0.0,0.0,1.5172465274011853,8.222559537886056,258
6.551672816242703,0.0,0.0,1.5157075188968676,8.067380335139571,259
6.4044432409999335,0.0,0.0,1.5145242551313616,7.918967496131295,260
6.263398876077098,0.0,0.0,1.5136933632274665,7.777092239304565,261
6.128319229722297,0.0,0.0,1.5132116396043271,7.6415308693266235,262
5.998988727111186,0.0,0.0,1.5130760499774332,7.51206477708862,263
5.875196710346987,0.0,0.0,1.5132837293586188,7.3884804397056065,264
5.7567374384604815,0.0,0.0,1.5138319820560635,7.270569420516545,265
5.643410087410013,0.0,0.0,1.5147182816742917,7.158128369084304,266
5.535018750081484,0.0,0.0,1.515940271114172,7.050959021195656,267
5.4313724362883615,0.0,0.0,1.5174957625729193,6.94886819886128,268
5.332285072771671,0.0,0.0,1.519382737544092,6.851667810315763,269
5.237575503200003,0.0,0.0,1.5215993468175943,6.759174850017597,270
5.147067488169505,0.0,0.0,1.524143910479675,6.67121139864918,271
5.060589705203887,0.0,0.0,1.527014917912928,6.587604623116815,272
4.977975748754422,0.0,0.0,1.5302110277962917,6.508186776550714,273
4.899064130199944,0.0,0.0,1.53373106810505,6.432795198304994,274
4.823698277846847,0.0,0.0,1.5375740361108312,6.361272313957678,275
4.751726536929087,0.0,0.0,1.5417390983816086,6.293465635310695,276
4.68300216960818,0.0,0.0,1.546225590781701,6.229227760389881,277
4.617383354973207,0.0,0.0,1.5510330184717713,6.168416373444978,278
4.554733189040805,0.0,0.0,1.556161055908828,6.110894244949633,279
4.494919684755177,0.0,0.0,1.5616095468462239,6.056529231601401,280
4.4378157719880855,0.0,0.0,1.567378504333657,6.005194276321743,281
4.383299297538853,0.0,0.0,1.5734681107171704,5.956767408256024,282
4.331253025134366,0.0,0.0,1.579878717639152,5.911131742773518,283
4.281564635429069,0.0,0.0,1.5866108460383346,5.868175481467404,284
4.234126726004971,0.0,0.0,1.5936651861497955,5.827791912154766,285
4.18883681137164,0.0,0.0,1.6010425975049578,5.789879408876598,286
4.145597322966207,0.0,0.0,1.6087441089315886,5.754341431897796,287
4.104315609153364,0.0,0.0,1.6167709185538006,5.721086527707165,288
4.064903935225361,0.0,0.0,1.625124393792051,5.690028329017412,289
4.027279483402015,0.0,0.0,1.6338060713631422,5.661085554765157,290
3.991364352830701,0.0,0.0,1.642817657280221,5.634182010110922,291
3.9570855595863557,0.0,0.0,1.6521610268527802,5.609246586439136,292
3.924375036671476,0.0,0.0,1.6618382246866563,5.586213261358132,293
3.8931696340161226,0.0,0.0,1.6718514646840315,5.565021098700154,294
3.8634111184779143,0.0,0.0,1.6822031300434324,5.545614248521346,295
3.8350461738420343,0.0,0.0,1.6928957732597307,5.527941947101765,296
3.8080264008212255,0.0,0.0,1.7039321161241434,5.511958516945369,297
3.7823083170557927,0.0,0.0,1.7153150497242322,5.497623366780025,298
3.757853357113602,0.0,0.0,1.727047634443903,5.484900991557505,299
3.7346439763335684,0.0,0.0,1.7391337352456768,5.473777711579245,300
3.712738954853406,0.0,0.0,1.7515800316929926,5.464318986546399,301
3.692128429802681,0.0,0.0,1.764390330379418,5.456518760182099,302
3.672790638462563,0.0,0.0,1.7775681337916338,5.450358772254196,303
3.6547044273932747,0.0,0.0,1.7911171539139281,5.445821581307203,304
3.637849252434094,0.0,0.0,1.8050413122281952,5.44289056466229,305
3.6222051787033513,0.0,0.0,1.8193447397139353,5.441549918417286,306
3.60775288059843,0.0,0.0,1.8340317768482552,5.441784657446685,307
3.594473641795768,0.0,0.0,1.849106973605868,5.443580615401636,308
3.582349355250857,0.0,0.0,1.864575089459093,5.44692444470995,309
3.5713625231982418,0.0,0.0,1.8804410933778557,5.451803616576098,310
3.561496257151521,0.0,0.0,1.8967101638296886,5.45820642098121,311
3.5527342779033466,0.0,0.0,1.9133876887797294,5.466121966683076,312
3.5450609155254242,0.0,0.0,1.9304792656907235,5.4755401812161475,313
3.538461109368514,0.0,0.0,1.9479907015230213,5.486451810891536,314
3.532920408062428,0.0,0.0,1.9659280127345802,5.4988484207970085,315
3.528424969516034,0.0,0.0,1.984297425280964,5.512722394796998,316
3.524961560917251,0.0,0.0,2.0031053746153424,5.5280669355325935,317
3.522517558733054,0.0,0.0,2.0223585056884916,5.544876064421546,318
3.52108094870947,0.0,0.0,2.0420636729487947,5.563144621658265,319
3.52064032587158,0.0,0.0,2.06222794034224,5.58286826621382,320
3.521184894523519,0.0,0.0,2.082858581312423,5.604043475835942,321
3.522704468248475,0.0,0.0,2.103963078800545,5.626667547049021,322
3.5251894699086903,0.0,0.0,2.125549125245414,5.650738595154104,323
3.5286309316454605,0.0,0.0,2.1476246225834443,5.676255554228905,324
3.533020494879134,0.0,0.0,2.1701976822486557,5.7032181771277894,325
3.538350410309115,0.0,0.0,2.193276625172676,5.731627035481791,326
3.544613537913859,0.0,0.0,2.2168699817847375,5.761483519698596,327
3.5518033469508756,0.0,0.0,2.2409864920116798,5.792789838962555,328
3.5599139159567295,0.0,0.0,2.265635105277949,5.8255490212346785,329
3.5689399327470372,0.0,0.0,2.290824980505597,5.859764913252635,330
3.5788766944164703,0.0,0.0,2.316565486114282,5.895442180530752,331
3.589720107338753,0.0,0.0,2.3428662000212688,5.932586307360022,332
3.6014666871666625,0.0,0.0,2.3697369096414285,5.971203596808091,333
3.614113558832032,0.0,0.0,2.3971876118872384,6.01130117071927,334
3.6276584565457464,0.0,0.0,2.4252285131687823,6.052886969714528,335
3.642099723797744,0.0,0.0,2.45387002939375,6.095969753191493,336
3.657436313357018,0.0,0.0,2.483122785967438,6.140559099324456,337
3.673667787271614,0.0,0.0,2.5129976177927484,6.186665405064362,338
3.6907943168686326,0.0,0.0,2.5435055692701907,6.234299886138823,339
3.708816682754227,0.0,0.0,2.57465789429788,6.283474577052107,340
3.727736274813604,0.0,0.0,2.606466056271538,6.334202331085142,341
3.747555092211024,0.0,0.0,2.638941728084492,6.386496820295516,342
3.768275743389802,0.0,0.0,2.672096792127677,6.440372535517479,343
3.7899014460723057,0.0,0.0,2.705943340289633,6.495844786361939,344
3.8124360272599565,0.0,0.0,2.740493673956507,6.552929701216463,345
3.835883923233229,0.0,0.0,2.775760304012052,6.6116442272452804,346
3.860250179551653,0.0,0.0,2.811755950837628,6.672006130389281,347
3.8855404510538096,0.0,0.0,2.8484935443122006,6.73403399536601,348
3.911763403549009,0.0,0.0,2.885993034761662,6.797756438310671,349
3.938946833280237,0.0,0.0,2.9243258452309076,6.863272678511144,350
3.9671017168160345,0.0,0.0,2.963511637357877,6.930613354173912,351
3.996234775014215,0.0,0.0,3.003555848924095,6.99979062393831,352
4.026353722006988,0.0,0.0,3.044464791593804,7.070818513600791,353
4.057467265200962,0.0,0.0,3.0862456509139697,7.143712916114931,354
4.089585105277144,0.0,0.0,3.1289064863142793,7.218491591591423,355
4.122717936190939,0.0,0.0,3.1724562311071405,7.295174167298079,356
4.156877445172151,0.0,0.0,3.216904692487682,7.373782137659833,357
4.192076312724982,0.0,0.0,3.2622625515337544,7.4543388642587365,358
4.228328212628031,0.0,0.0,3.3085413632059297,7.536869575833961,359
4.265647811934297,0.0,0.0,3.3557535563475,7.621401368281797,360
4.304050770971179,0.0,0.0,3.40391243368448,7.707963204655659,361
4.343553743340468,0.0,0.0,3.4530321718256047,7.796585915166073,362
4.38417437591836,0.0,0.0,3.503127821262331,7.887302197180691,363
4.425931308855447,0.0,0.0,3.5542153063688366,7.9801466152242835,364
4.468844175576718,0.0,0.0,3.606311425402021,8.07515560097874,365
4.512933602781563,0.0,0.0,3.659433850501504,8.172367453283066,366
4.558221210443767,0.0,0.0,3.713601127689627,8.271822338133394,367
4.604729611811516,0.0,0.0,3.7688326768714533,8.373562288682969,368
4.652482413407393,0.0,0.0,3.825148791834767,8.47763120524216,369
4.70150421502838,0.0,0.0,3.8825706402500737,8.584074855278454,370
4.751820609745856,0.0,0.0,3.9411202636705998,8.692940873416456,371
4.803458183905601,0.0,0.0,4.000820577532293,8.804278761437894,372
4.856444517127791,0.0,0.0,4.061695371153823,8.918139888281614,373
4.910808182307,0.0,0.0,4.123769307736578,9.034577490043578,374
4.966578745612203,0.0,0.0,4.187067924364673,9.153646669976876,375
5.02378676648677,0.0,0.0,4.251617632004938,9.275404398491709,376
5.082463797648472,0.0,0.0,4.317445715506928,9.3999095131554,377
5.142642385089479,0.0,0.0,4.384580333602918,9.527222718692396,378
5.204356068076354,0.0,0.0,4.453050518907906,9.65740658698426,379
5.267639379150063,0.0,0.0,4.522886177919609,9.790525557069671,380
5.332527844125971,0.0,0.0,4.594118091018466,9.926645935144435,381
5.399057982093837,0.0,0.0,4.666777912467636,10.065835894561474,382
5.467267305417824,0.0,0.0,4.740898170413004,10.208165475830828,383
5.5371943197364875,0.0,0.0,4.816512266883169,10.353706586619657,384
5.608878523962785,0.0,0.0,4.8936544777894575,10.502533001752242,385
5.682360410284072,0.0,0.0,4.972359952925915,10.654720363209986,386
5.757681464162101,0.0,0.0,5.052664715969305,10.810346180131406,387
5.8348841643330225,0.0,0.0,5.134605664479119,10.969489828812142,388
5.914011982807388,0.0,0.0,5.218220569897566,11.132232552704954,389
5.995109384870144,0.0,0.0,5.303548077549573,11.298657462419717,390
6.07822182908064,0.0,0.0,5.390627706642794,11.468849535723434,391
6.1633957672726165,0.0,0.0,5.479499850267601,11.642895617540217,392
6.25067864455422,0.0,0.0,5.57020577539709,11.82088441995131,393
6.34011889930799,0.0,0.0,5.662787622887073,12.002906522195063,394
6.431765963190869,0.0,0.0,5.757288407476089,12.189054370666959,395
6.5256702611341915,0.0,0.0,5.8537520177853954,12.379422278919588,396
6.621883211343696,0.0,0.0,5.952223216318972,12.574106427662667,397
6.720457225299516,0.0,0.0,6.052747639463516,12.77320486476303,398
6.821445707756185,0.0,0.0,6.155371797488452,12.976817505244636,399
6.924903056742635,0.0,0.0,6.260143074545923,13.185046131288559,400
7.030884663562196,0.0,0.0,6.3671097286707905,13.397994392232986,401
7.139446912792594,0.0,0.0,6.476320891780642,13.615767804573235,402
7.250647182285957,0.0,0.0,6.587826569675783,13.83847375196174,403
7.364543843168809,0.0,0.0,6.701677642039241,14.06622148520805,404
7.481196259842074,0.0,0.0,6.817925862436768,14.299122122278842,405
7.600664789981071,0.0,0.0,6.93662385831683,14.537288648297901,406
7.723010784535521,0.0,0.0,7.05782513101062,14.780835915546142,407
7.8482965877295445,0.0,0.0,7.1815840557320545,15.029880643461599,408
7.976585537061652,0.0,0.0,7.307955881577762,15.284541418639414,409
8.107941963304764,0.0,0.0,7.436996731527101,15.544938694831865,410
8.242431190506188,0.0,0.0,7.5687636024421465,15.811194792948335,411
8.380119535987639,0.0,0.0,7.703314365067698,16.083433901055336,412
8.521074310345227,0.0,0.0,7.840707764031274,16.3617820743765,413
8.665363817449457,0.0,0.0,7.981003417843114,16.646367235292573,414
8.813057354445235,0.0,0.0,8.12426181889618,16.937319173341415,415
8.964225211751868,0.0,0.0,8.270544333466155,17.234769545218022,416
9.118938673063058,0.0,0.0,8.419913201711443,17.5388518747745,417
9.277270015346907,0.0,0.0,8.572431537673168,17.849701553020076,418
9.439292508845911,0.0,0.0,8.728163329275178,18.16745583812109,419
9.605080417076971,0.0,0.0,8.88717343832404,18.49225385540101,420
9.774708996831382,0.0,0.0,9.049527600509046,18.82423659734043,421
9.94825449817484,0.0,0.0,9.215292425402202,19.163546923577044,422
10.125794164447434,0.0,0.0,9.384535396458242,19.510329560905674,423
10.307406232263661,0.0,0.0,9.557324871014618,19.86473110327828,424
10.493169931512405,0.0,0.0,9.733730080291503,20.226900011803906,425
10.683165485356955,0.0,0.0,9.913821129391797,20.59698661474875,426
10.877474110235,0.0,0.0,10.09766899730111,20.97514310753611,427
11.076178015858616,0.0,0.0,10.28534553688778,21.361523552746398,428
11.279360405214298,0.0,0.0,10.476923474902874,21.756283880117174,429
11.487105474562917,0.0,0.0,10.672476411980163,22.15958188654308,430
11.699498413439757,0.0,0.0,10.872078822636157,22.571577236075914,431
11.916625404654498,0.0,0.0,11.075806055270071,22.992431459924568,432
12.138573624291208,0.0,0.0,11.283734332163853,23.42230795645506,433
12.36543124170837,0.0,0.0,11.49594074948217,23.861371991190538,434
12.597287419538848,0.0,0.0,11.712503277272404,24.309790696811252,435
12.83423231368992,0.0,0.0,11.933500759464664,24.767733073154584,436
13.076396867677321,0.0,0.0,12.159030665571498,25.235427533248817,437
13.32496584800452,0.0,0.0,12.389659964640428,25.714625812644947,438
13.580433491927941,0.0,0.0,12.62564557549071,26.20607906741865,439
13.842778943881132,0.0,0.0,12.867015247783058,26.70979419166419,440
14.111993340596486,0.0,0.0,13.11380314330463,27.225796483901114,441
14.388079811105232,0.0,0.0,13.36604983596903,27.75412964707426,442
14.671053476737445,0.0,0.0,13.623802311816304,28.294855788553747,443
14.960941451122036,0.0,0.0,13.887113969012951,28.848055420134987,444
15.257782840186763,0.0,0.0,14.156044617851908,29.41382745803867,445
15.561628742158224,0.0,0.0,14.430660480752557,29.99228922291078,446
15.872542247561858,0.0,0.0,14.711034192260733,30.583576439822593,447
16.190598439221944,0.0,0.0,14.997244799048708,31.187843238270652,448
16.515884392261604,0.0,0.0,15.289377759915201,31.805262152176805,449
16.848499174102802,0.0,0.0,15.587524945785379,32.43602411988818,450
17.188553844466345,0.0,0.0,15.89178463971085,33.0803384841772,451
17.53617145537187,0.0,0.0,16.202261536869674,33.73843299224154,452
17.89148705113788,0.0,0.0,16.519066744566352,34.41055379570423,453
18.254647668381693,0.0,0.0,16.842317782231824,35.09696545061352,454
18.625812336019482,0.0,0.0,17.17213858142349,35.797950917442975,455
19.00515207526626,0.0,0.0,17.508659485825177,36.51381156109144,456
19.392849899635877,0.0,0.0,17.852017251247172,37.24486715088305,457
19.789100814941037,0.0,0.0,18.202355045626206,37.99145586056724,458
20.19411181929327,0.0,0.0,18.559822449025447,38.753934268318716,459
20.608101903102956,0.0,0.0,18.924575453634507,39.532677356737466,460
21.031302049079308,0.0,0.0,19.296776463769458,40.32807851284876,461
21.4639552322304,0.0,0.0,19.676594295872803,41.14054952810321,462
21.906316419863124,0.0,0.0,20.064204178513496,41.97052059837662,463
22.358652571583228,0.0,0.0,20.459787752386934,42.818440323970165,464
22.8212426392953,0.0,0.0,20.863533070314965,43.684775709610264,465
23.294377567202762,0.0,0.0,21.275634597245872,44.570012164448634,466
23.778360291807882,0.0,0.0,21.69629321025439,45.47465350206227,467
24.273505741911777,0.0,0.0,22.125716198541703,46.39922194045348,468
24.780140838614393,0.0,0.0,22.56411726343543,47.34425810204982,469
25.29860449531452,0.0,0.0,23.011716518389644,48.31032101370417,470
25.829247617709797,0.0,0.0,23.468740488984857,49.29798810669465,471
26.372433103796702,0.0,0.0,23.93542211292803,50.30785521672473,472
26.92853584387055,0.0,0.0,24.412000740052562,51.34053658392311,473
27.497942720525497,0.0,0.0,24.89872213231832,52.39666485284381,474
28.081052608654545,0.0,0.0,25.395838463811586,53.47689107246613,475
28.67827637544954,0.0,0.0,25.903608320745096,54.581884696194635,476
29.29003688040116,0.0,0.0,26.422296701458052,55.71233358185921,477
29.91676897529893,0.0,0.0,26.952175016416078,56.86894399171501,478
30.55891950423122,0.0,0.0,27.493521088211242,58.052440592442466,479
31.21694730358523,0.0,0.0,28.046619151562076,59.263566455147306,480
31.89132320204702,0.0,0.0,28.611759853313544,60.50308305536056,481
32.582530020601475,0.0,0.0,29.18924025243706,61.771770273038534,482
33.291062572532326,0.0,0.0,29.77936382003048,63.07042639256281,483
34.01742766342214,0.0,0.0,30.3824404393181,64.39986810274024,484
34.76214409115236,0.0,0.0,30.99878640565068,65.76093049680304,485
35.5257426459032,0.0,0.0,31.6287244265054,67.15446707240861,486
36.30876611015379,0.0,0.0,32.27258362148591,68.5813497316397,487
37.11176925868207,0.0,0.0,32.930699522322286,70.04246878100435,488
37.9353188585648,0.0,0.0,33.603414072871054,71.53873293143585,489
38.77999366917761,0.0,0.0,34.291075629115184,73.0710692982928,490
39.64638444219498,0.0,0.0,34.994038959164115,74.6404234013591,491
40.53509392159019,0.0,0.0,35.712665243253696,76.24775916484388,492
41.446736843635406,0.0,0.0,36.44732207374624,77.89405891738164,493
42.38193993690162,0.0,0.0,37.198383455130504,79.58032339203211,494
43.341341922258636,0.0,0.0,37.96622980402167,81.30757172628032,495
44.325593512875145,0.0,0.0,38.75124794916141,83.07684146203655,496
45.33535741421867,0.0,0.0,39.55383113141781,84.88918854563647,497
46.37130832405554,0.0,0.0,40.37437900378538,86.74568732784093,498
47.434132932450964,0.0,0.0,41.21329763138512,88.64743056383608,499
48.52452992176899,0.0,0.0,42.070999491464455,90.59552941323344,500
49.643209966672465,0.0,0.0,42.947903473397254,92.59111344006972,501
50.79089573412315,0.0,0.0,43.84443487868384,94.635330612807,502
51.96832188338157,0.0,0.0,44.76102542095096,96.72934730433252,503
53.17623506600714,0.0,0.0,45.69811322595183,98.87434829195897,504
54.415393925858126,0.0,0.0,46.6561428315661,101.07153675742423,505
55.68656909909158,0.0,0.0,47.63556518779986,103.32213428689144,506
56.99054321416345,0.0,0.0,48.63683765678567,105.62738087094912,507
58.328110891828516,0.0,0.0,49.660424012782514,107.98853490461103,508
59.700078745140345,0.0,0.0,50.706794442175806,110.40687318731615,509
61.10726537945144,0.0,0.0,51.77642554347743,112.88369092292888,510
62.55050139241308,0.0,0.0,52.86980032732573,115.4203017197388,511
64.03062937397537,0.0,0.0,53.98740821648545,118.01803759046082,512
65.54850390638732,0.0,0.0,55.129745045847805,120.67824895223512,513
67.10499156419675,0.0,0.0,56.29731306243048,123.40230462662723,514
68.70097091425029,0.0,0.0,57.49062092537755,126.19159183962785,515
70.33733251569346,0.0,0.0,58.710183705959565,129.04751622165304,516
72.01497891997062,0.0,0.0,59.95652288757355,131.97150180754417,517
73.7348246708249,0.0,0.0,61.2301663657429,134.96499103656782,518
75.49779630429838,0.0,0.0,62.53164844811754,138.0294447524159,519
77.30483234873192,0.0,0.0,63.86150985447379,141.16634220320572,520
79.15688332476519,0.0,0.0,65.2202977167144,144.3771810414796,521
81.05491174533677,0.0,0.0,66.60856557886862,147.6634773242054,522
82.99989211568405,0.0,0.0,68.02687339709209,151.02676551277614,523
84.99281093334326,0.0,0.0,69.47578753966694,154.46859847301022,524
87.03466668814947,0.0,0.0,70.95588078700172,157.99054747515117,525
89.12646986223662,0.0,0.0,72.46773233163145,161.59420219386806,526
91.26924293003741,0.0,0.0,74.01192777821754,165.28117070825493,527
93.46402035828349,0.0,0.0,75.5890591435479,169.0530795018314,528
95.71855107753791,0.0,0.0,77.20160922734513,172.92016030488304,529
98.04364302412489,0.0,0.0,78.85296537637758,176.8966084005025,530
100.43890208347317,0.0,0.0,80.54340114186685,180.98230322534002,531
102.90392809026196,0.0,0.0,82.27319639813872,185.1771244884007,532
105.43846131225735,0.0,0.0,84.04267834177953,189.4811396540369,533
108.04238245031239,0.0,0.0,85.85222149163627,193.89460394194867,534
110.71571263836701,0.0,0.0,87.70224768881646,198.41796032718347,535
113.45861344344802,0.0,0.0,89.59322609668826,203.05183954013626,536
116.27138686566917,0.0,0.0,91.52567320088042,207.7970600665496,537
119.1544753382311,0.0,0.0,93.50015280928227,212.65462814751336,538
122.10846172742136,0.0,0.0,95.51727605204377,217.6257377794651,539
125.1340693326144,0.0,0.0,97.57770138157544,222.71177071418984,540
128.23216188627157,0.0,0.0,99.68213457254842,227.91429645882,541
131.40374355394118,0.0,0.0,101.83132872189444,233.23507227583562,542
134.6499589342584,0.0,0.0,104.02608424880583,238.67604318306422,543
137.97209305894523,0.0,0.0,106.26724889473552,244.23934195368076,544
141.37157139281072,0.0,0.0,108.55571772339701,249.92728911620773,545
144.84995983375075,0.0,0.0,110.89243312076445,255.7423929545152,546
148.40896471274812,0.0,0.0,113.27838479507253,261.6873495078206,547
152.0504327938725,0.0,0.0,115.71460977681656,267.76504257068905,548
155.7763512742805,0.0,0.0,118.20219241875246,273.978543693033,549
159.58884778421566,0.0,0.0,120.74226439589674,280.3311121801124,550
163.4901903870084,0.0,0.0,123.3360047055265,286.82619509253493,551
167.48278757907605,0.0,0.0,125.98463966717945,293.4674272462555,552
171.56918828992278,0.0,0.0,128.68944292265388,300.2586312125767,553
175.75208188213975,0.0,0.0,131.45173543600862,307.20381731814837,554
180.03429815140504,0.0,0.0,134.27288549356328,314.3071836449683,555
184.4188073264836,0.0,0.0,137.15430870389787,321.57311603038147,556
188.9087200692272,0.0,0.0,140.09746799785307,329.0061880670803,557
193.50728747457467,0.0,0.0,143.1038736285302,336.6111611031049,558
198.21790107055165,0.0,0.0,146.17508317129113,344.3929842418428,559
203.0440928182707,0.0,0.0,149.31270152375834,352.35679434202905,560
207.98953511193133,0.0,0.0,152.5183809058148,360.50791601774614,561
213.0580407788199,0.0,0.0,155.79382085960435,368.8518616384242,562
218.25356307930969,0.0,0.0,159.14076824953116,377.39433132884085,563
223.58019570686088,0.0,0.0,162.56101726226007,386.14121296912094,564
229.04217278802065,0.0,0.0,166.05640940671663,395.0985821947373,565
234.64386888242285,0.0,0.0,169.6288335140868,404.27270239650966,566
240.38979898278853,0.0,0.0,173.28022573781726,413.6700247206058,567
246.28461851492546,0.0,0.0,177.01256955361526,423.2971880685407,568
252.33312333772835,0.0,0.0,180.82789575944872,433.1610190971771,569
258.54024974317883,0.0,0.0,184.728282475546,443.26853221872483,570
264.9110744563454,0.0,0.0,188.71585514439613,453.6269296007415,571
271.4508146353835,0.0,0.0,192.7927865307488,464.2436011661323,572
278.1648278715356,0.0,0.0,196.96129672161425,475.1261245931498,573
285.05861218913077,0.0,0.0,201.2236531262633,486.28226531539406,574
292.13780604558525,0.0,0.0,205.5821704762273,497.71997652181255,575
299.4081883314022,0.0,0.0,210.0392108252984,509.4473991567006,576
306.8756783701714,0.0,0.0,214.59718354952912,521.4728619197006,577
314.5463359185698,0.0,0.0,219.2585453472328,533.8048812658026,578
322.42636116636123,0.0,0.0,224.02580023898312,546.4521614053443,579
330.5220947363963,0.0,0.0,228.90149956761454,559.4235943040109,580
338.84001768461275,0.0,0.0,233.88824199822216,572.728259682835,581
347.38675150003473,0.0,0.0,238.98867351816145,586.3754250181962,582
356.16905810477397,0.0,0.0,244.20548743704867,600.3745455418226,583
365.19383985402874,0.0,0.0,249.54142438676067,614.7352642407894,584
374.4681395360841,0.0,0.0,254.99927232143474,629.4674118575189,585
383.9991403723123,0.0,0.0,260.58186651746905,644.5810068897813,586
393.7941660171723,0.0,0.0,266.29208957352193,660.0862555906942,587
403.86068055821,0.0,0.0,272.13287141051273,675.9935519687227,588
414.20628851605835,0.0,0.0,278.10718927162134,692.3134777876796,589
424.83873484443694,0.0,0.0,284.2180677222879,709.0568025667249,590
435.76590493015254,0.0,0.0,290.4685786502136,726.2344835803661,591
446.99582459309875,0.0,0.0,296.8618412653599,743.8576658584586,592
458.5366600862558,0.0,0.0,303.40102209994905,761.9376821862048,593
470.39671809569114,0.0,0.0,310.08933500846365,780.4860531041547,594
482.5844457405594,0.0,0.0,316.93004116764735,799.5144869082067,595
495.1084305731011,0.0,0.0,323.9264490765038,819.0348796496048,596
507.9774005786448,0.0,0.0,331.08191455629776,839.0593151349426,597
521.2002241756053,0.0,0.0,338.3998407505544,859.6000649261597,598
534.7859102154846,0.0,0.0,345.8836781250593,880.6695883405439,599
548.7436079828716,0.0,0.0,353.5369244678591,902.2805324507307,600
563.0826071954417,0.0,0.0,361.36312488926035,924.4457320847021,601
577.8123380039576,0.0,0.0,369.365871821831,947.1782098257886,602
592.9423709922689,0.0,0.0,377.54880502039885,970.4911760126678,603
608.4824171773121,0.0,0.0,385.91561156205285,994.3980287393649,604
624.4423280091103,0.0,0.0,394.47002584614233,1018.9123538552526,605
640.8320953707739,0.0,0.0,403.21582959427724,1044.0479249650512,606
657.6618515785001,0.0,0.0,412.15685185032794,1069.818703428828,607
674.9418693815726,0.0,0.0,421.29696898042573,1096.2388383619982,608
692.6825619623629,0.0,0.0,430.64010467296214,1123.322666635325,609
710.8944829363282,0.0,0.0,440.1902299385897,1151.0847128749178,610
729.5883263520136,0.0,0.0,449.9513631102211,1179.5396894622347,611
748.7749266910511,0.0,0.0,459.92756984303026,1208.7024965340813,612
768.4652588681587,0.0,0.0,470.12296311445084,1238.5882219826094,613
788.6704382311423,0.0,0.0,480.5417032241779,1269.2121414553203,614
809.4017205608939,0.0,0.0,491.18799779416645,1300.5897183550603,615
830.6705020713929,0.0,0.0,502.0661017686324,1332.7366038400253,616
852.4883194097059,0.0,0.0,513.1803174140525,1365.6686368237583,617
874.8668496559856,0.0,0.0,524.5349943191637,1399.4018439751494,618
897.8179103234719,0.0,0.0,536.1345293949637,1433.9524397184355,619
921.3534593584922,0.0,0.0,547.9833668747109,1469.336826233203,620
945.4855951404597,0.0,0.0,560.0859983139239,1505.5715934543837,621
970.2265564818756,0.0,0.0,572.4469625903824,1542.673519072258,622
995.6454637079208,0.0,0.0,585.0672883892863,1580.7127520972072,623
1021.8559319378094,0.0,0.0,597.9460100180447,1619.801941955854,624
1048.8586720581325,0.0,0.0,611.0900100549953,1659.9486821131277,625
1076.6530974383766,0.0,0.0,624.5064951407284,1701.1595925791048,626
1105.240197191217,0.0,0.0,638.2028089780235,1743.4430061692406,627
1134.6225361725164,0.0,0.0,652.1864323318501,1786.8089685043665,628
1164.8042549813263,0.0,0.0,666.4649830293672,1831.2692380106935,629
1195.7910699598856,0.0,0.0,681.0462159599228,1876.8372859198084,630
1227.5902731936217,0.0,0.0,695.9380230750553,1923.528296268677,631
1260.21073251115,0.0,0.0,711.148433388492,1971.359165899642,632
1293.662891484274,0.0,0.0,726.6856129761499,2020.348504460424,633
1327.9587694279858,0.0,0.0,742.5578649761355,2070.5166344041213,634
1363.1119614004647,0.0,0.0,758.7736295887452,2121.88559098921,635
1399.1376382030785,0.0,0.0,775.3414840764644,2174.479122279543,636
1436.0525463803835,0.0,0.0,792.2701427639686,2228.322689144352,637
1473.8750082201238,0.0,0.0,809.5684570381222,2283.443465258246,638
1512.6249217532313,0.0,0.0,827.24541534798,2339.8703371012116,639
1552.3237607538267,0.0,0.0,845.3101432047856,2397.6339039586123,640
1592.994574739218,0.0,0.0,863.7719031819724,2456.7664779211905,641
1634.6619889699023,0.0,0.0,882.6400949151634,2517.3020838850657,642
1677.3522044495635,0.0,0.0,901.9242551021711,2579.2764595517347,643
1721.092997925075,0.0,0.0,921.6340575029976,2642.7270554280726,644
1765.9137218864973,0.0,0.0,941.7793129398343,2707.6930348263318,645
1811.8453045670794,0.0,0.0,962.3699692970627,2774.215273864142,646
1858.920249943258,0.0,0.0,983.416111521253,2842.3363614645114,647
1907.1726377346592,0.0,0.0,1004.9279616211659,2912.100599355825,648
1956.638123404096,0.0,0.0,1026.915878667751,2983.554002071847,649
2007.3539381575692,0.0,0.0,1049.3903587941477,3056.744296951717,650
2059.3588889442685,0.0,0.0,1072.3620351956847,3131.7209241399532,651
2112.6933584565722,0.0,0.0,1095.8416781298806,3208.535036586453,652
2167.399305130045,0.0,0.0,1119.8401949164431,3287.239500046488,653
2223.5202631434413,0.0,0.0,1144.3686299372703,3367.8888930807116,654
2281.1013424187036,0.0,0.0,1169.4381646364486,3450.539507055152,655
2340.189228620961,0.0,0.0,1195.0601175202548,3535.249346141216,656
2400.8321831585313,0.0,0.0,1221.245944157155,3622.0781273156863,657
2463.080043182922,0.0,0.0,1248.0072371778056,3711.0872803607276,658
2526.9842215888275,0.0,0.0,1275.355726275051,3802.3399478638785,659
2592.597707014129,0.0,0.0,1303.3032782039263,3895.900985218055,660
2659.9750638398978,0.0,0.0,1331.8618967816556,3991.8369606215533,661
2729.172432190392,0.0,0.0,1361.043722887653,4090.216155078045,662
2800.24752793306,0.0,0.0,1390.8610344635222,4191.108562396583,663
2873.2596426785362,0.0,0.0,1421.3262465130558,4294.585889191592,664
2948.269643780642,0.0,0.0,1452.4519111022364,4400.721554882879,665
3025.3399743363907,0.0,0.0,1484.2507173592362,4509.590691695626,666
3104.5346531859796,0.0,0.0,1516.7354914744164,4621.270144660396,667
3185.919274912797,0.0,0.0,1549.919196700329,4735.838471613126,668
3269.5610098434186,0.0,0.0,1583.8149333517138,4853.375943195132,669
3355.5286040476076,0.0,0.0,1618.4359388055013,4973.964542853109,670
3443.892379338316,0.0,0.0,1653.795587500812,5097.687966839128,671
3534.7242332716833,0.0,0.0,1689.9073909389544,5224.631624210638,672
3628.097639147038,0.0,0.0,1726.7849976834277,5354.882636830465,673
3724.087646006895,0.0,0.0,1764.44219335992,5488.5298393668145,674
3822.7708786369576,0.0,0.0,1802.8929006563098,5625.663779293267,675
3924.2255375661216,0.0,0.0,1842.1511793226646,5766.376716888786,676
4028.5313990664636,0.0,0.0,1882.2312261712414,5910.762625237705,677
4135.769815153254,0.0,0.0,1923.1473750764867,6058.91719022974,678
4246.023713584949,0.0,0.0,1964.914096975037,6210.937810559986,679
4359.377597863194,0.0,0.0,2007.545999865717,6366.923597728911,680
4475.91754723282,0.0,0.0,2051.057828809543,6526.975376042363,681
4595.731216681849,0.0,0.0,2095.46446592972,6691.195682611569,682
4718.90783694149,0.0,0.0,2140.7809304116413,6859.688767353131,683
4845.53821448614,0.0,0.0,2187.0223785028916,7032.560592989032,684
4975.714731533381,0.0,0.0,2234.2041035132443,7209.918835046626,685
5109.531346043993,0.0,0.0,2282.341535814662,7391.872881858655,686
5247.083591721933,0.0,0.0,2331.4502428412975,7578.53383456323,687
5388.468578014351,0.0,0.0,2381.545929089493,7770.014507103844,688
5533.784990111585,0.0,0.0,2432.64443611778,7966.429426229365,689
5683.133088947161,0.0,0.0,2484.7617425468798,8167.894831494041,690
5836.614711197792,0.0,0.0,2537.9139640597023,8374.528675257494,691
5994.33326928338,0.0,0.0,2592.117353401349,8586.45062268473,692
6156.393751367017,0.0,0.0,2647.3883003791093,8803.782051746126,693
6322.902721354978,0.0,0.0,2703.7433318624626,9026.64605321744,694
6493.968318896733,0.0,0.0,2761.1991117830776,9255.16743067981,695
6669.700259384931,0.0,0.0,2819.7724411348117,9489.472700519742,696
6850.209833955421,0.0,0.0,2879.4802579737157,9729.690091929137,697
7035.609909487229,0.0,0.0,2940.3396374180247,9975.949546905253,698
7226.014928602576,0.0,0.0,3002.367791648167,10228.382720250744,699
7421.540909666867,0.0,0.0,3065.582069906758,10487.122979573625,700
7622.3054467887005,0.0,0.0,3129.999958498606,10752.305405287307,701
7828.427709819855,0.0,0.0,3195.6390807907046,11024.06679061056,702
8040.028444355303,0.0,0.0,3262.51719721224,11302.545641567543,703
8257.229971733206,0.0,0.0,3330.6522052545874,11587.882176987794,704
8480.15618903491,0.0,0.0,3400.0621394713107,11880.21832850622,705
8708.932569084947,0.0,0.0,3470.765171478163,12179.697740563111,706
8943.686160451047,0.0,0.0,3542.7796099530897,12486.465770404136,707
9184.545587444118,0.0,0.0,3616.123900636222,12800.66948808034,708
9431.64105011826,0.0,0.0,3690.816626329884,13122.457676448144,709
9685.104324270762,0.0,0.0,3766.8765068985863,13451.980831169349,710
9945.068761442099,0.0,0.0,3844.322399269032,13789.39116071113,711
10211.764178633388,0.0,0.0,3923.0872981044545,14134.851476737842,712
10485.689571397295,0.0,0.0,4002.8885083265104,14488.578079723806,713
10767.02233871623,0.0,0.0,4083.7706771595113,14850.79301587574,714
11055.913856351799,0.0,0.0,4165.807568753384,15221.721425105183,715
11352.525177485855,0.0,0.0,4249.068271535327,15601.593449021182,716
11657.027032720487,0.0,0.0,4333.617198209817,15990.644230930304,717
11969.59983007803,0.0,0.0,4419.5140857585975,16389.113915836628,718
12290.433655001056,0.0,0.0,4506.813995440691,16797.247650441746,719
12619.728270352385,0.0,0.0,4595.567312792388,17215.295583144773,720
12957.693116415074,0.0,0.0,4685.819747627258,17643.51286404233,721
13304.547310892418,0.0,0.0,4777.612334036138,18082.159644928557,722
13660.519648907964,0.0,0.0,4870.981430387143,18531.501079295107,723
14025.84860300549,0.0,0.0,4965.958719325656,18991.807322331144,724
14400.782323149022,0.0,0.0,5062.571207774338,19463.35353092336,725
14785.578636722825,0.0,0.0,5160.841226933122,19946.419863655945,726
15180.505048531406,0.0,0.0,5260.786432279213,20441.291480810618,727
15585.838740799514,0.0,0.0,5362.41980356709,20948.258544366603,728
16001.866573172141,0.0,0.0,5465.749644828505,21467.616218000647,729
16428.885082714514,0.0,0.0,5570.779584372483,21999.664667086996,730
16867.200483912107,0.0,0.0,5677.508574785323,22544.70905869743,731
17317.12866867064,0.0,0.0,5785.930892930595,23103.059561601236,732
17778.995206316067,0.0,0.0,5896.036139949148,23675.031346265216,733
18253.135343594586,0.0,0.0,6007.809241259096,24260.94458485368,734
18739.894004672635,0.0,0.0,6121.230446555834,24861.12445122847,735
19239.625791136896,0.0,0.0,6236.275329812022,25475.901120948918,736
19752.69498199429,0.0,0.0,6352.914789277602,26105.60977127189,737
20279.475533671983,0.0,0.0,6471.115047479783,26750.590581151766,738
20820.35108001739,0.0,0.0,6590.83765122305,27411.18873124044,739
21375.71493229814,0.0,0.0,6712.039471589162,28087.754403887302,740
21945.970079202132,0.0,0.0,6834.672703937145,28780.64278313928,741
22531.52918683749,0.0,0.0,6958.684867903307,29490.214054740798,742
23132.8145987326,0.0,0.0,7084.018807401224,30216.833406133825,743
23750.258335836064,0.0,0.0,7210.612690621748,30960.87102645781,744
24384.302096516738,0.0,0.0,7338.4000100329995,31722.70210654974,745
25035.397256563716,0.0,0.0,7467.309582380377,32502.706838944094,746
25704.004869186356,0.0,0.0,7597.2655486865515,33301.2704178729,747
26390.59566501421,0.0,0.0,7728.187374251464,34118.783039265676,748
27095.650052097117,0.0,0.0,7859.989848652331,34955.63990074945,749
27819.658115905135,0.0,0.0,7992.583085743645,35812.24120164878,750
28563.119619328565,0.0,0.0,8125.8725236571645,36688.99214298573,751
29326.544002677954,0.0,0.0,8259.75892480193,37586.30292747988,752
30110.450383684096,0.0,0.0,8394.138375864248,38504.588759548344,753
30915.367557498015,0.0,0.0,8528.902287807703,39444.26984530572,754
31741.83399669097,0.0,0.0,8663.937395873148,40405.771392564115,755
32590.3978512545,0.0,0.0,8799.125759578716,41389.52361083322,756
33461.61694860035,0.0,0.0,8934.344762719806,42395.96171132015,757
34356.0587935605,0.0,0.0,9069.467113369094,43425.52590692959,758
35274.300568387196,0.0,0.0,9204.360843876528,44478.661412263726,759
36216.92913275291,0.0,0.0,9338.889310869332,45555.818443622244,760
37184.54102375038,0.0,0.0,9472.911195252,46657.452219002385,761
38177.74245589255,0.0,0.0,9606.280502206297,47784.022958098845,762
39197.14932111263,0.0,0.0,9738.84656119127,48935.9958823039,763
40243.38718876406,0.0,0.0,9870.454025943232,50113.841214707296,764
41317.09130562054,0.0,0.0,10000.942874475768,51318.03418009631,765
42418.90659587599,0.0,0.0,10130.148409079744,52549.055004955735,766
43549.48766114457,0.0,0.0,10257.90125632329,53807.38891746786,767
44709.49878046069,0.0,0.0,10384.027367051815,55093.52614751251,768
45899.613910279026,0.0,0.0,10508.348016388,56407.96192666703,769
47120.51668447445,0.0,0.0,10630.679803731799,57751.19648820625,770
48372.9004143421,0.0,0.0,10750.834652760439,59123.735067102534,771
49657.46808859735,0.0,0.0,10868.619811428422,60526.08790002577,772
50974.93237337584,0.0,0.0,10983.837851967519,61958.77022534336,773
52326.01561223341,0.0,0.0,11096.28667088678,63422.30228312019,774
53711.44982614616,0.0,0.0,11205.759488972522,64917.209315118685,775
55131.976713510456,0.0,0.0,11312.04485128834,66444.0215647988,776
56588.34765014286,0.0,0.0,11414.9266271751,68003.27427731796,777
58081.32368928021,0.0,0.0,11514.184010250943,69595.50769953115,778
59611.675561579556,0.0,0.0,11609.59151841128,71221.26707999084,779
61180.183675118235,0.0,0.0,11700.918993828798,72881.10266894703,780
62787.49132948208,0.0,0.0,11788.006702728148,74575.49803221022,781
64434.28864319551,0.0,0.0,11870.662883942738,76304.95152713826,782
66121.80181958784,0.0,0.0,11948.42058482263,78070.22240441047,783
67851.24416295446,0.0,0.0,12020.82976420009,79872.07392715456,784
69623.79655806036,0.0,0.0,12087.467486280491,81711.26404434086,785
71440.60747014006,0.0,0.0,12147.937920642313,83588.54539078238,786
73302.79294489759,0.0,0.0,12201.872342237144,85504.66528713473,787
75211.43660850654,0.0,0.0,12248.92913138968,87460.36573989622,788
77167.58966761005,0.0,0.0,12288.793773797723,89456.38344140777,789
79172.2709093208,0.0,0.0,12321.178860532184,91493.44976985297,790
81226.46670122098,0.0,0.0,12345.82408803708,93572.29078925806,791
83331.13099136236,0.0,0.0,12362.496258129535,95693.6272494919,792
85487.18530826624,0.0,0.0,12370.989277999783,97858.17458626602,793
87695.51876092344,0.0,0.0,12371.124160211162,100066.6429211346,794
89956.98803879437,0.0,0.0,12362.749022700122,102319.7370614945,795
92272.41741180891,0.0,0.0,12345.739088776214,104618.15650058513,796
94642.59873036656,0.0,0.0,12319.9966871221,106962.59541748866,797
97068.29142533631,0.0,0.0,12285.451251793551,109353.74267712986,798
99550.22250805669,0.0,0.0,12242.059322219442,111792.28183027613,799
102089.08657033578,0.0,0.0,12189.804543201757,114278.89111353754,800
104685.54578445123,0.0,0.0,12128.697664915588,116814.24344936681,801
107340.2299031502,0.0,0.0,12058.77654290913,119399.00644605933,802
110053.73625964938,0.0,0.0,11980.106138103696,122033.84239775308,803
112826.62976763507,0.0,0.0,11892.778516793693,124719.40828442876,804
115659.44292126299,0.0,0.0,11796.912850646644,127456.35577190964,805
118552.67579515852,0.0,0.0,11692.655416703177,130245.33121186169,806
121506.79604441652,0.0,0.0,11580.179597377028,133086.97564179354,807
124522.2389046014,0.0,0.0,11459.68588045504,135981.92478505644,808
127599.40719174713,0.0,0.0,11331.40185909716,138930.80905084428,809
130738.6713023572,0.0,0.0,11195.582231836448,141934.25353419365,810
133940.36921340463,0.0,0.0,11052.508802579068,144992.8780159837,811
137204.80648233206,0.0,0.0,10902.490480604294,148107.29696293635,812
140532.2562470515,0.0,0.0,10745.863280564507,151278.119527616,813
143921.3669378969,0.0,0.0,10582.991324532693,154504.3582624296,814
147359.82033583403,0.0,0.0,10414.290993544566,157774.1113293786,815
150848.97797849996,0.0,0.0,10240.214743038994,161089.19272153894,816
154392.8313020517,0.0,0.0,10061.210865384328,164454.042167436,817
157994.24015959803,0.0,0.0,9877.72159995322,167871.96175955125,818
161654.9328211994,0.0,0.0,9690.183133122631,171345.11595432204,819
165375.50597386804,0.0,0.0,9499.025598273824,174874.53157214186,820
169155.42472156786,0.0,0.0,9304.673075792365,178460.0977973602,821
172993.02258521452,0.0,0.0,9107.543593068127,182100.56617828266,822
176885.50150267544,0.0,0.0,8908.049124495288,185793.55062717074,823
180828.93182876977,0.0,0.0,8706.59559147233,189535.52742024208,824
184818.2523352683,0.0,0.0,8503.582862402038,193321.83519767036,825
188847.27021089365,0.0,0.0,8299.404752691502,197146.67496358516,826
192908.6610613202,0.0,0.0,8094.449024752117,201003.1100860723,827
196993.96890917388,0.0,0.0,7889.0973879995845,204883.06629717347,828
201093.60619403256,0.0,0.0,7683.725498853908,208777.33169288648,829
205196.85377242573,0.0,0.0,7478.702960739394,212675.55673316514,830
209291.86091783462,0.0,0.0,7274.39332408466,216566.2542419193,831
213365.64532069216,0.0,0.0,7071.154086322619,220436.79940701477,832
217404.09308838315,0.0,0.0,6869.336691890498,224273.42978027364,833
221391.95874524393,0.0,0.0,6669.28653222982,228061.24527747376,834
225312.8652325627,0.0,0.0,6471.342945786418,231784.20817834913,835
229149.30390857934,0.0,0.0,6275.839218010428,235425.14312658977,836
232882.63454848545,0.0,0.0,6083.102581356292,238965.73712984176,837
236493.08534442447,0.0,0.0,5893.4542152827535,242386.53955970722,838
239959.7529054914,0.0,0.0,5707.209246252862,245666.96215174426,839
243260.60225773306,0.0,0.0,5524.676747733972,248785.27900546702,840
246372.46684414803,0.0,0.0,5346.159740197741,251718.62658434577,841
249271.0485246866,0.0,0.0,5171.955191120135,254443.00371580673,842
251930.91757625065,0.0,0.0,5002.35401498142,256933.27159123207,843
254325.51269269403,0.0,0.0,4837.641073266168,259163.1537659602,844
256427.1409848222,0.0,0.0,4678.095174463257,261105.23615928547,845
258206.97798039234,0.0,0.0,4523.989074065868,262730.9670544582,846
259635.13387748145,0.0,0.0,4375.587132551738,264010.7210100332,847
260697.7271648507,0.0,0.0,4232.184588271446,264929.9117531221,848
261347.67722491475,0.0,0.0,4093.050078970544,265440.7273038853,849
261518.6125145572,0.0,0.0,3958.1477092922887,265476.7602238495,850
261153.65453940968,0.0,0.0,3827.436400372855,264981.09093978256,851
260205.41785385186,0.0,0.0,3700.869889841336,263906.2877436932,852
258636.01006101156,0.0,0.0,3578.3967318197415,262214.4067928313,853
256417.03181276465,0.0,0.0,3459.9602969229995,259876.99210968765,854
253529.57680973512,0.0,0.0,3345.498772258954,256875.07558199408,855
249964.23180129504,0.0,0.0,3234.94516142837,253199.1769627234,856
245721.07658556453,0.0,0.0,3128.2272845249245,248849.30387008947,857
240809.6840094118,0.0,0.0,3025.2677781352177,243834.95178754703,858
235249.1199684532,0.0,0.0,2925.9840953387647,238175.10406379195,859
229067.9434070531,0.0,0.0,2830.2885057079984,231898.2319127611,860
222304.20631832402,0.0,0.0,2738.0880953082687,225042.2944136323,861
215005.45374412648,0.0,0.0,2649.284766697843,217654.73851082433,862
207228.72377506917,0.0,0.0,2563.7752389279094,209792.4990139971,863
199040.395294072,0.0,0.0,2481.4512278672814,201521.84652193927,864
190500.0081375783,0.0,0.0,2402.221908088137,192902.23004566642,865
181681.04476458693,0.0,0.0,2325.993592403095,184007.03835699003,866
172666.35591094467,0.0,0.0,2252.661532305979,174919.01744325063,867
163534.28097826272,0.0,0.0,2182.123560203623,165716.40453846633,868
154358.64803391654,0.0,0.0,2114.2800894158718,156472.9281233324,869
145208.77381104603,0.0,0.0,2049.0341141755807,147257.80792522163,870
136149.46370855544,0.0,0.0,1986.2912096286152,138135.75491818404,871
127241.01179111334,0.0,0.0,1925.9595318338525,129166.9713229472,872
118539.20078915266,0.0,0.0,1867.9498177631804,120407.15060691583,873
110095.3020988707,0.0,0.0,1812.1753853014966,111907.4774841722,874
101956.07578222919,0.0,0.0,1758.5521332467104,103714.6279154759,875
94163.7705669541,0.0,0.0,1706.9985413097415,95870.76910826385,876
86756.12384653582,0.0,0.0,1657.4356701145202,88413.55951665033,877
79766.36168022905,0.0,0.0,1609.7871611979876,81376.14884142704,878
73223.19879305293,0.0,0.0,1563.979237010096,74787.17803006302,879
67150.83857579093,0.0,0.0,1519.9407009138076,68670.77927670474,880
61567.92272965658,0.0,0.0,1477.602787564583,63045.52551722116,881
56422.42460102575,0.0,0.0,1436.8907552498658,57859.31535627561,882
51662.50357920085,0.0,0.0,1397.7352747436673,53060.23885394452,883
47267.064063967904,0.0,0.0,1360.0740290234078,48627.138092991314,884
43215.59648444236,0.0,0.0,1323.846872030419,44539.44335647278,885
39488.17729906914,0.0,0.0,1288.9958286699434,40777.17312773908,886
36065.46899562261,0.0,0.0,1255.4650948111353,37320.934090433744,887
32928.72009120655,0.0,0.0,1223.201037287059,34151.92112849361,888
30059.76513225427,0.0,0.0,1192.1521938946912,31251.91732614896,889
27441.024694528474,0.0,0.0,1162.2692733949184,28603.293967923393,890
25055.50538312133,0.0,0.0,1133.5051555125392,26189.01053863387,891
22886.79983245446,0.0,0.0,1105.8148909362626,23992.614723390725,892
20919.08670627894,0.0,0.0,1079.155701318709,21998.24240759765,893
19139.427438490544,0.0,0.0,1053.4864941006151,20192.91393259116,894
17532.68230645404,0.0,0.0,1028.7671822510174,18561.449488705057,895
16075.01050797902,0.0,0.0,1004.9600494212999,17079.97055740032,896
14745.487464708687,0.0,0.0,982.0288301697399,15727.516294878427,897
13526.490476737506,0.0,0.0,959.9386626789258,14486.429139416432,898
12403.698722611212,0.0,0.0,938.6560887557586,13342.354811366971,899
11366.09325932679,0.0,0.0,918.1490538314508,12284.24231315824,900
10405.957022332492,0.0,0.0,898.3869069615275,11304.34392929402,901
9518.874825527826,0.0,0.0,879.3404008258253,10398.215226353652,902
8703.733361263567,0.0,0.0,860.981691728493,9564.71505299206,903
7962.721200341744,0.0,0.0,843.2843395979916,8806.005539939735,904
7301.328792015653,0.0,0.0,826.2233079870933,8127.552100002746,905
6725.34976685825,0.0,0.0,809.7747906161228,7535.124557474373,906
6206.70121887277,0.0,0.0,793.9142786025595,7000.61549747533,907
5732.604019830033,0.0,0.0,778.6192407357182,6511.223260565752,908
5299.23566311226,0.0,0.0,763.8684467938673,6063.104109906128,909
4903.016878126902,0.0,0.0,749.6414377290739,5652.658315855976,910
4540.611630306643,0.0,0.0,735.9185256672044,5276.530155973847,911
4208.927121109399,0.0,0.0,722.6807939079242,4931.607915017324,912
3905.1137880183164,0.0,0.0,709.9100969246975,4615.023884943014,913
3626.5653045417735,0.0,0.0,697.5890603647879,4324.154364906562,914
3370.9185802133798,0.0,0.0,685.7010810492575,4056.6196612626372,915
3136.053760591978,0.0,0.0,674.2303269729678,3810.284087564946,916
2920.094227261642,0.0,0.0,663.1617373045791,3583.2559645662213,917
2721.4065978316758,0.0,0.0,652.481022386551,3373.887620218227,918
2538.534420871711,0.0,0.0,642.1745349609466,3180.708955832658,919
2369.866600563173,0.0,0.0,632.2285831501624,3002.0951837133352,920
2214.244116804665,0.0,0.0,622.6305865749647,2836.8747033796294,921
2070.64463322437,0.0,0.0,613.3685321253911,2684.013165349761,922
1938.1039214278082,0.0,0.0,604.4308268839053,2542.5347483117134,923
1815.715860997836,0.0,0.0,595.8062981253967,2411.5221591232325,924
1702.6324394946455,0.0,0.0,587.4841933171808,2290.116632811826,925
1598.0637524557653,0.0,0.0,579.454180118999,2177.5179325747645,926
1501.2780033960598,0.0,0.0,571.7063463830186,2072.9843497790785,927
1411.6015038077296,0.0,0.0,564.2312001538329,1975.8327039615624,928
1328.4186731603115,0.0,0.0,557.0196696684611,1885.4383428287726,929
1251.172038900679,0.0,0.0,550.0631033563484,1801.2351422570273,930
1179.3622364530397,0.0,0.0,543.3532698393656,1722.7155062924053,931
1112.5480092189398,0.0,0.0,536.88235793181,1649.4303671507498,932
1050.3461188429242,0.0,0.0,530.6429758410842,1580.9890946840083,933
992.3789634020497,0.0,0.0,524.62766564476,1517.0066290468098,934
938.3179434189423,0.0,0.0,518.8293060489427,1457.147249467885,935
887.894806538986,0.0,0.0,513.2413779997885,1401.1361845387746,936
840.8544654170855,0.0,0.0,507.85757502945347,1348.712040446539,937
796.9549977176661,0.0,0.0,502.67180325609354,1299.6268009737596,938
755.9676461146732,0.0,0.0,497.6781813838645,1253.6458274985378,939
717.6768182915733,0.0,0.0,492.87104070292213,1210.5478589944955,940
681.880086941353,0.0,0.0,488.24492508942194,1170.125012030775,941
648.3881897665198,0.0,0.0,483.79459100551935,1132.1827807720392,942
617.025029479101,0.0,0.0,479.51500749936963,1096.5400369784707,943
587.6276738006452,0.0,0.0,475.40135620512797,1063.0290300057732,944
560.0463554622211,0.0,0.0,471.44903134294947,1031.4953868051705,945
534.1444722044178,0.0,0.0,467.65363971898887,1001.7981119234066,946
509.79858677734546,0.0,0.0,464.0110007254011,973.8095875027466,947
486.89842694063407,0.0,0.0,460.5171463403408,947.4155732809749,948
465.3468854634343,0.0,0.0,457.1683211279624,922.5152065913967,949
445.0600201244181,0.0,0.0,453.96098223842023,899.0210023628383,950
425.9473097935415,0.0,0.0,450.89144773236734,876.8387575259088,951
407.9230662541885,0.0,0.0,447.9561552780081,855.8792215321967,952
390.9237478937309,0.0,0.0,445.1519989855755,836.0757468793064,953
374.8884337639851,0.0,0.0,442.47597190283017,817.3644056668153,954
359.7588210307758,0.0,0.0,439.92516596859167,799.6839869993674,955
345.4792249739359,0.0,0.0,437.49677201273886,782.9759969866748,956
331.9965789873067,0.0,0.0,435.1880797562096,767.1846587435164,957
319.2604345787378,0.0,0.0,432.99647781100094,752.2569123897388,958
307.22296137008686,0.0,0.0,430.91945368016917,738.142415050256,959
295.83894709722017,0.0,0.0,428.9545937578295,724.7935408550497,960
285.06579761001194,0.0,0.0,427.0995833291564,712.1653809391684,961
274.8635368723451,0.0,0.0,425.35220657038354,700.2157434427286,962
265.1948069621103,0.0,0.0,423.7103465488035,688.9051535109138,963
256.02486807120715,0.0,0.0,422.1719852227682,678.1968532939754,964
247.32159850554285,0.0,0.0,420.73520344168867,668.0568019472315,965
239.05549468503344,0.0,0.0,419.39818094603487,658.4536756310683,966
231.19967114360293,0.0,0.0,418.1591963673361,649.358867510939,967
223.7298605291837,0.0,0.0,417.01662722818077,640.7464877573644,968
216.62441360371656,0.0,0.0,415.96894994221634,632.5933635459329,969
209.8642992431503,0.0,0.0,415.01473981414944,624.8790390572997,970
203.43310443744235,0.0,0.0,414.1526710397458,617.5857754771882,971
197.31533815369752,0.0,0.0,413.3814582466822,610.6967964003798,972
191.48509547093266,0.0,0.0,412.6994959626133,604.184591433546,973
185.92666799989362,0.0,0.0,412.10560308290815,598.0322710828018,974
180.62757821151234,0.0,0.0,411.5987446515834,592.2263228630957,975
175.5757388176216,0.0,0.0,411.177929777919,586.7536685955406,976
170.7594527709552,0.0,0.0,410.8422116364588,581.601664407414,977
166.16741326514776,0.0,0.0,410.5906874670099,576.7581007321577,978
161.7887037347349,0.0,0.0,410.4224985746432,572.2112023093781,979
157.61279785515313,0.0,0.0,410.3368303296931,567.9496281848462,980
153.6295595427399,0.0,0.0,410.33291216775757,563.9624717104975,981
149.82924295473367,0.0,0.0,410.4100175896982,560.2392605444319,982
146.20249248927374,0.0,0.0,410.5674641616401,556.7699566509139,983
142.74034278540032,0.0,0.0,410.8046135149719,553.5449563003722,984
139.4342187230546,0.0,0.0,411.120871346346,550.5550900694006,985
136.27593542307872,0.0,0.0,411.5156874176783,547.791622840757,986
133.25769824721567,0.0,0.0,411.98855555614807,545.2462538033637,987
130.3721027981095,0.0,0.0,412.53901365419847,542.911116452308,988
127.61213491930499,0.0,0.0,413.16664366953603,540.7787785888411,989
124.97117069524806,0.0,0.0,413.871071625131,538.842242320379,990
122.44297645128545,0.0,0.0,414.651967609217,537.0949440605025,991
120.02170875366484,0.0,0.0,415.5090457752915,535.5307545289563,992
117.7019144095348,0.0,0.0,416.4420643421153,534.1439787516501,993
115.47853046694496,0.0,0.0,417.4508255937129,532.9293560606579,994
113.34688421484576,0.0,0.0,418.5351758793724,531.8820600942181,995
111.30269318308855,0.0,0.0,419.6950056136454,530.997698796734,996
109.3420651424258,0.0,0.0,420.93024927634707,530.2723144187729,997
107.46149810451062,0.0,0.0,422.2408854125562,529.7023835170669,998
105.65788032189727,0.0,0.0,423.6269366326153,529.2848169545125,999
103.92849028804092,0.0,0.0,425.0884696121301,529.0169599001711,1000
102.27099673729757,0.0,0.0,426.62559509197024,528.8965918292678,1001
100.68345864492417,0.0,0.0,428.2384678782688,528.921926523193,1002
99.16327899645225,0.0,0.0,429.9272402538914,529.0905192503436,1003
97.70358518524256,0.0,0.0,431.69189991949696,529.3954851047395,1004
96.30202129089727,0.0,0.0,433.53266248919135,529.8346837800887,1005
94.95703258459447,0.0,0.0,435.4498083820147,530.4068409666091,1006
93.66709373118664,0.0,0.0,437.44364858047464,531.1107423116613,1007
92.43070878920064,0.0,0.0,439.51452463054636,531.945233419747,1008
91.24641121083775,0.0,0.0,441.6628086416724,532.9092198525102,1009
90.1127638419736,0.0,0.0,443.88890328676297,534.0016671287366,1010
89.02835892215828,0.0,0.0,446.19324180219553,535.2216007243538,1011
87.99181808461618,0.0,0.0,448.57628798781514,536.5681060724313,1012
87.0017923562462,0.0,0.0,451.03853620693434,538.0403285631805,1013
86.0569621576215,0.0,0.0,453.58051138633317,539.6374735439547,1014
85.15603730298972,0.0,0.0,456.202769016259,541.3588063192487,1015
84.29775700027288,0.0,0.0,458.905895150427,543.2036521506999,1016
83.48088985106736,0.0,0.0,461.6905064060195,545.1713962570868,1017
82.70423385064399,0.0,0.0,464.55724996368633,547.2614838143303,1018
81.96661638794791,0.0,0.0,467.5068035675451,549.473419955493,1019
81.26689424559873,0.0,0.0,470.53987552518055,551.8067697707793,1020
80.60395359989042,0.0,0.0,473.65720470764506,554.2611583075354,1021
79.97671002079133,0.0,0.0,476.85956054945854,556.8362705702499,1022
79.38410847194422,0.0,0.0,480.1477430486082,559.5318515205524,1023
78.82512331066623,0.0,0.0,483.522582766549,562.3477060772152,1024
78.29875828794891,0.0,0.0,486.98494082820315,565.2836991161521,1025
77.80404654845819,0.0,0.0,490.53570892196035,568.3397554704186,1026
77.34005063053439,0.0,0.0,494.17580929967795,571.5158599302124,1027
76.90586246619223,0.0,0.0,497.9061947766806,574.8120572428728,1028
76.50060338112081,0.0,0.0,501.72784873176056,578.2284521128813,1029
76.12342409468366,0.0,0.0,505.6417851071774,581.765209201861,1030
75.77350471991862,0.0,0.0,509.6490484086584,585.4225531285771,1031
75.45005476353802,0.0,0.0,513.7507137053982,589.2007684689362,1032
75.15231312592853,0.0,0.0,517.9478866300589,593.1001997559874,1033
74.8795481011512,0.0,0.0,522.24170337877,597.1212514799212,1034
74.63105737694151,0.0,0.0,526.6333307111288,601.2643880880703,1035
74.40616803470931,0.0,0.0,531.1239659501996,605.5301339849088,1036
74.20423654953882,0.0,0.0,535.7148369825146,609.9190735320534,1037
74.02464879018873,0.0,0.0,540.4072022580733,614.431851048262,1038
73.86682001909205,0.0,0.0,545.2023507903427,619.0691708094348,1039
73.73019489235617,0.0,0.0,550.1016021562573,623.8317970486135,1040
73.61424745976294,0.0,0.0,555.106306496219,628.7205539559819,1041
73.51848116476856,0.0,0.0,560.2178445140972,633.7363256788658,1042
73.44242884450364,0.0,0.0,565.437627477229,638.8800563217326,1043
73.38565272977314,0.0,0.0,570.7670972164186,644.1527499461918,1044
73.34774444505646,0.0,0.0,576.2077261259379,649.5554705709944,1045
73.32832500850739,0.0,0.0,581.7610171635265,655.0893421720339,1046
73.32704483195408,0.0,0.0,587.4285038503909,660.7555486823451,1047
73.34358372089912,0.0,0.0,593.2117502712057,666.5553339921048,1048
73.37765087451945,0.0,0.0,599.1123510741126,672.490001948632,1049
73.42898488566638,0.0,0.0,605.1319314707207,678.5609163563871,1050
73.49735374086568,0.0,0.0,611.272147236107,684.7695009769727,1051
73.58340351647567,0.0,0.0,617.5353577873301,691.1187613038057,1052
73.68793396054552,0.0,0.0,623.923934933521,697.6118688940664,1053
73.81092440386617,0.0,0.0,630.4395735839475,704.2504979878137,1054
73.95236397919486,0.0,0.0,637.0840193392091,711.036383318404,1055
74.11225170077803,0.0,0.0,643.8590685573713,717.9713202581494,1056
74.29059646435132,0.0,0.0,650.7665683539666,725.0571648183179,1057
74.4874170471395,0.0,0.0,657.808416601994,732.2958336491336,1058
74.7027421078565,0.0,0.0,664.9865619319196,739.6893040397761,1059
74.93661018670545,0.0,0.0,672.3030037316755,747.239613918381,1060
75.18906970537863,0.0,0.0,679.7597921466609,754.9488618520395,1061
75.46017896705749,0.0,0.0,687.3590280797416,762.8192070467991,1062
75.75000615641265,0.0,0.0,695.10286319125,770.8528693476626,1063
76.0586293396039,0.0,0.0,702.9934998989852,779.052129238589,1064
76.38613646428021,0.0,0.0,711.0331913782129,787.4193278424931,1065
76.73262535957969,0.0,0.0,719.2242415616654,795.9568669212451,1066
77.09820373612963,0.0,0.0,727.569005139542,804.6672088756717,1067
77.48298918604651,0.0,0.0,736.0698875595083,813.5528767455548,1068
77.88710918293594,0.0,0.0,744.7293450266968,822.6164542096328,1069
78.31070108189274,0.0,0.0,753.5498845037064,831.8605855855991,1070
78.75391211950087,0.0,0.0,762.5340637106029,841.2879758301038,1071
79.21689941383345,0.0,0.0,771.6844911249187,850.9013905387521,1072
79.6998299644528,0.0,0.0,781.0038259816529,860.7036559461056,1073
80.20288065241039,0.0,0.0,790.494778273271,870.6976589256814,1074
80.72623824024686,0.0,0.0,800.1601087497056,880.8863469899525,1075
81.270099371992,0.0,0.0,810.0026289183555,891.2727282903476,1076
81.83467057316481,0.0,0.0,820.0252010440867,901.8598716172514,1077
82.42016825077343,0.0,0.0,830.2307381492312,912.6509064000047,1078
83.02681869331518,0.0,0.0,840.6222040135883,923.6490227069035,1079
83.65485807077653,0.0,0.0,851.2026131744236,934.8574712452001,1080
84.30453243463313,0.0,0.0,861.9750309264693,946.2795633611024,1081
84.9760977178498,0.0,0.0,872.9425733219248,957.9186710397746,1082
85.66981973488052,0.0,0.0,884.1084071704554,969.7782269053359,1083
86.38597418166847,0.0,0.0,895.4757500391934,981.8617242208618,1084
87.12484663564595,0.0,0.0,907.047870252738,994.172716888384,1085
87.88673255573445,0.0,0.0,918.8280868931549,1006.7148194488893,1086
88.67193728234464,0.0,0.0,930.819769799976,1019.4917070823207,1087
89.48077603737636,0.0,0.0,943.0263395702009,1032.5071156075774,1088
90.31357392421859,0.0,0.0,955.4512675582948,1045.7648414825135,1089
91.1706659277495,0.0,0.0,968.0980758761903,1059.2687418039397,1090
92.0523969143364,0.0,0.0,980.9703373932861,1073.0227343076224,1091
92.95912163183583,0.0,0.0,994.0716757364479,1087.0307973682836,1092
93.89120470959344,0.0,0.0,1007.405765290008,1101.2969699996015,1093
94.84902065844408,0.0,0.0,1020.9763311957656,1115.8253518542097,1094
95.83295387071172,0.0,0.0,1034.7871493529858,1130.6201032236975,1095
96.84339862020957,0.0,0.0,1048.8420464184014,1145.685445038611,1096
97.88075906223999,0.0,0.0,1063.1448998062112,1161.0256588684513,1097
98.94544923359445,0.0,0.0,1077.6996376880807,1176.645086921675,1098
100.03789305255363,0.0,0.0,1092.5102389931421,1192.5481320456959,1099
101.1585243188874,0.0,0.0,1107.5807334079946,1208.739257726882,1100
102.3077867138548,0.0,0.0,1122.9152013767036,1225.2229880905584,1101
103.48613380020394,0.0,0.0,1138.5177741008013,1242.0039079010053,1102
104.69402902217224,0.0,0.0,1154.3926335392869,1259.0866625614592,1103
105.9319457054862,0.0,0.0,1170.5440124086258,1276.475958114112,1104
107.20036705736152,0.0,0.0,1186.97619418275,1294.1765612401116,1105
108.49978616650301,0.0,0.0,1203.6935130930588,1312.1932992595619,1106
109.83070600310475,0.0,0.0,1220.7003541284175,1330.5310601315223,1107
111.19363941884993,0.0,0.0,1238.001153035159,1349.1947924540088,1108
112.58910914691089,0.0,0.0,1255.600396317081,1368.189505463992,1109
114.01764780194915,0.0,0.0,1273.5026212354499,1387.520269037399,1110
115.47979788011546,0.0,0.0,1291.7124158089978,1407.1922136891133,1111
116.97686246006236,0.0,0.0,1310.2270385902411,1427.2039010503036,1112
118.51432965129551,0.0,0.0,1329.0030791202475,1447.5174087715432,1113
120.0931777174253,0.0,0.0,1348.0422749308375,1468.1354526482628,1114
121.71343903814528,0.0,0.0,1367.356089859212,1489.0695288973573,1115
123.37520671609916,0.0,0.0,1386.9557806558346,1510.3309873719338,1116
125.07863457688077,0.0,0.0,1406.8523969844302,1531.931031561311,1117
126.82393716903418,0.0,0.0,1427.0567814219867,1553.880718591021,1118
128.6113897640535,0.0,0.0,1447.579569458753,1576.1909592228064,1119
130.4413283563831,0.0,0.0,1468.431189498241,1598.8725178546242,1120
132.31414966341742,0.0,0.0,1489.6218628572244,1621.9360125206417,1121
134.23031112550115,0.0,0.0,1511.1616037657384,1645.3919148912396,1122
136.19033090592902,0.0,0.0,1533.0602193670807,1669.2505502730096,1123
138.19478789094597,0.0,0.0,1555.327309717811,1693.522097608757,1124
140.24432168974712,0.0,0.0,1577.972267787751,1718.216589477498,1125
142.33963263447774,0.0,0.0,1601.0042794599844,1743.3439120944622,1126
144.4814817802332,0.0,0.0,1624.4323235308573,1768.9138053110905,1127
146.67069090505908,0.0,0.0,1648.2651717099775,1794.9358626150365,1128
148.90814250995103,0.0,0.0,1672.5113886202146,1821.4195311301655,1129
151.194779818855,0.0,0.0,1697.1793317977008,1848.3741116165559,1130
153.53160677866697,0.0,0.0,1722.27715169183,1875.8087584704972,1131
155.91968805923312,0.0,0.0,1747.8127916652584,1903.7324797244914,1132
158.3601490533498,0.0,0.0,1773.793987993904,1932.1541370472537,1133
160.85417587676346,0.0,0.0,1800.228269866947,1961.0824457437104,1134
163.40301536817077,0.0,0.0,1827.1229593868295,1990.5259747550003,1135
166.00797508921846,0.0,0.0,1854.485171569256,2020.4931466584744,1136
168.6704233245036,0.0,0.0,1882.3218143431923,2050.992237667696,1137
171.39178908157317,0.0,0.0,1910.6395885508668,2082.03137763244,1138
174.17356209092446,0.0,0.0,1939.4449879477706,2113.618550038695,1139
177.01729280600492,0.0,0.0,1968.7442992026554,2145.7615920086605,1140
179.92459240321207,0.0,0.0,1998.5436018975358,2178.468194300748,1141
182.89713278189367,0.0,0.0,2028.8487685276884,2211.745901309582,1142
185.93664656434754,0.0,0.0,2059.665464501652,2245.6021110659995,1143
189.04492709582172,0.0,0.0,2090.9991481412267,2280.044075237048,1144
192.22382844451448,0.0,0.0,2122.855070681476,2315.07889912599,1145
195.47526540157403,0.0,0.0,2155.2382762707234,2350.7135416722977,1146
198.80121348109893,0.0,0.0,2188.153601970557,2386.9548154516556,1147
202.20370892013779,0.0,0.0,2221.605677755824,2423.809386675962,1148
205.68484867868943,0.0,0.0,2255.5989265146372,2461.2837751933266,1149
209.2467904397028,0.0,0.0,2290.137564048368,2499.3843544880706,1150
212.89175260907706,0.0,0.0,2325.2255990716517,2538.117351680729,1151
216.62201431566137,0.0,0.0,2360.8668332123852,2577.488847528047,1152
220.43991541125524,0.0,0.0,2397.064861011728,2617.5047764229835,1153
224.34785647060815,0.0,0.0,2433.823069924101,2658.1709263947096,1154
228.3482987914199,0.0,0.0,2471.1446403171876,2699.4929391086075,1155
232.44376439434035,0.0,0.0,2509.0325454719323,2741.4763098662725,1156
236.63683602296948,0.0,0.0,2547.4895515825424,2784.126387605512,1157
240.9301571438576,0.0,0.0,2586.518217756488,2827.4483749003457,1158
245.32643194650493,0.0,0.0,2626.1208960144995,2871.4473279610042,1159
249.828425343362,0.0,0.0,2666.299731290571,2916.128156633933,1160
254.43896296982953,0.0,0.0,2707.0566614319573,2961.4956244017867,1161
259.16093118425823,0.0,0.0,2748.393417199176,3007.554348383434,1162
263.9972770679491,0.0,0.0,2790.3115222660062,3054.3087993339554,1163
268.95100842515325,0.0,0.0,2832.812293219491,3101.7633016446443,1164
274.02519378307204,0.0,0.0,2875.8968395599322,3149.9220333430044,1165
279.22296239185664,0.0,0.0,2919.5660637008964,3198.789026092753,1166
284.54750422460893,0.0,0.0,2963.8206609692115,3248.3681651938205,1167
290.0020699773804,0.0,0.0,3008.6611196049666,3298.663189582347,1168
295.58997106917315,0.0,0.0,3054.0877207615135,3349.677691830687,1169
301.3145796419391,0.0,0.0,3100.100538505467,3401.415118147406,1170
307.17932856058036,0.0,0.0,3146.6994398167017,3453.878768377282,1171
313.1877114129494,0.0,0.0,3193.8840845883565,3507.0717960013058,1172
319.34328250984873,0.0,0.0,3241.6539256268306,3560.9972081366795,1173
325.649656885031,0.0,0.0,3290.008208651787,3615.657865536818,1174
332.11051029519894,0.0,0.0,3338.9459722961483,3671.056482591347,1175
338.7295792200056,0.0,0.0,3388.466048106102,3727.1956273261076,1176
345.510660862054,0.0,0.0,3438.567060541095,3784.077721403149,1177
352.4576131468976,0.0,0.0,3489.2474269738395,3841.705040120737,1178
359.5743547230397,0.0,0.0,3540.5053576903056,3900.079712413345,1179
366.8648649619338,0.0,0.0,3592.3388558897286,3959.203720851662,1180
374.3331839579838,0.0,0.0,3644.745717684605,4019.078901642589,1181
381.98341252854345,0.0,0.0,3697.723532100693,4079.706944629236,1182
389.81971221391706,0.0,0.0,3751.2696810770135,4141.08939329093,1183
397.84630527735845,0.0,0.0,3805.3813394658478,4203.227644743206,1184
406.06747470507224,0.0,0.0,3860.0554750327424,4266.122949737814,1185
414.4875642062129,0.0,0.0,3915.288848456501,4329.7764126627135,1186
423.1109782128851,0.0,0.0,3971.0780133291955,4394.188991542081,1187
431.94218188014355,0.0,0.0,4027.4193161561543,4459.361498036298,1188
440.98570108599324,0.0,0.0,4084.3088963559703,4525.294597441964,1189
450.24612243138944,0.0,0.0,4141.742686260499,4591.988808691888,1190
459.72809324023734,0.0,0.0,4199.716411114858,4659.444504355095,1191
469.4363215593923,0.0,0.0,4258.225589077424,4727.661910636816,1192
479.37557615866,0.0,0.0,4317.265531219839,4796.641107378499,1193
489.5506865307962,0.0,0.0,4376.831341527007,4866.382028057803,1194
499.96654289150666,0.0,0.0,4436.917916897091,4936.884459788598,1195
510.6280961794478,0.0,0.0,4497.519947141521,5008.148043320969,1196
521.5403580562254,0.0,0.0,4558.631914984982,5080.1722730412075,1197
532.7084009063959,0.0,0.0,4620.248096065428,5152.956496971824,1198
544.137357837466,0.0,0.0,4682.362558934073,5226.499916771539,1199
555.8324226798925,0.0,0.0,4744.96916505539,5300.801587735282,1200
567.7988499870817,0.0,0.0,4808.061568807117,5375.860418794198,1201
580.0419550353909,0.0,0.0,4871.633217480254,5451.675172515645,1202
592.5671138241273,0.0,0.0,4935.6773512790605,5528.244465103187,1203
605.4074708084501,0.0,0.0,5000.346096381115,5605.753567189565,1204
618.6025458048557,0.0,0.0,5065.803784982806,5684.406330787662,1205
632.1533293143348,0.0,0.0,5131.976587437574,5764.129916751909,1206
646.0612130617229,0.0,0.0,5198.790197005826,5844.851410067548,1207
660.3281902578003,0.0,0.0,5266.171017249143,5926.499207506943,1208
674.9568555992925,0.0,0.0,5334.046162030285,6009.003017629578,1209
689.9504052688695,0.0,0.0,5402.343455513186,6092.293860782056,1210
705.3126369351465,0.0,0.0,5470.991432162958,6176.304069098104,1211
721.0479497526837,0.0,0.0,5539.919336745885,6260.967286498569,1212
737.1613443619862,0.0,0.0,5609.057124329429,6346.218468691415,1213
753.6584228895036,0.0,0.0,5678.33546028223,6431.993883171734,1214
770.5453889476312,0.0,0.0,5747.685720274101,6518.231109221732,1215
787.8290476347086,0.0,0.0,5817.039990276031,6604.869037910739,1216
805.5168055350204,0.0,0.0,5886.331066560186,6691.847872095206,1217
823.6166707187964,0.0,0.0,5955.492455699907,6779.109126418703,1218
842.1372527422111,0.0,0.0,6024.458374569712,6866.595627311923,1219
861.0877626473841,0.0,0.0,6093.163750345293,6954.251512992677,1220
880.4780129623798,0.0,0.0,6161.54422050352,7042.022233465899,1221
900.3184177012076,0.0,0.0,6229.536132822437,7129.854550523645,1222
920.6199923638217,0.0,0.0,6297.0765453812655,7217.696537745087,1223
941.3943539361212,0.0,0.0,6364.103226560403,7305.497580496523,1224
962.6537208899507,0.0,0.0,6430.554655041418,7393.208375931369,1225
984.4109131830988,0.0,0.0,6496.370019807063,7480.780932990162,1226
1006.6793522592998,0.0,0.0,6561.4892201412595,7568.168572400559,1227
1029.4730610482325,0.0,0.0,6625.852865629108,7655.32592667734,1228
1052.8066639655206,0.0,0.0,6689.402276156886,7742.208940122407,1229
1076.695386912733,0.0,0.0,6752.079481912042,7828.774868824775,1230
1101.1550572773838,0.0,0.0,6813.827223383207,7914.982280660591,1231
1126.2021039329306,0.0,0.0,6874.588951360181,8000.791055293112,1232
1151.8535572387782,0.0,0.0,6934.308826933947,8086.162384172725,1233
1178.1270490402744,0.0,0.0,6992.931721496658,8171.058770536933,1234
1205.0408126687128,0.0,0.0,7050.4032167416435,8255.444029410357,1235
1232.6136829413317,0.0,0.0,7106.669604663412,8339.283287604743,1236
1260.8650961613139,0.0,0.0,7161.677887557647,8422.542983718962,1237
1289.8150901177885,0.0,0.0,7215.375778021205,8505.190868138994,1238
1319.484304085828,0.0,0.0,7267.711698952124,8587.196003037952,1239
1349.8939788264502,0.0,0.0,7318.634783549609,8668.52876237606,1240
1381.0659565866194,0.0,0.0,7368.09487531405,8749.16083190067,1241
1413.0226810992422,0.0,0.0,7416.042528047008,8829.06520914625,1242
1445.7871975831713,0.0,0.0,7462.429005851221,8908.216203434393,1243
1479.3831527432055,0.0,0.0,7507.206283130601,8986.589435873806,1244
1513.8347947700868,0.0,0.0,7550.32704459024,9064.161839360328,1245
1549.1669733405029,0.0,0.0,7591.744685236403,9140.911658576906,1246
1585.4051396170867,0.0,0.0,7631.41331037653,9216.818449993616,1247
1622.5753462484151,0.0,0.0,7669.287735619238,9291.863081867654,1248
1660.704247369011,0.0,0.0,7705.323486874322,9366.027734243333,1249
1699.8190985993413,0.0,0.0,7739.476800352748,9439.295898952088,1250
1739.9477570458182,0.0,0.0,7771.704622566664,9511.652379612482,1251
1781.1186813007994,0.0,0.0,7801.964610329387,9583.083291630186,1252
1823.360931442587,0.0,0.0,7830.215130755416,9653.576062198003,1253
1866.7041690354274,0.0,0.0,7856.415261260423,9723.11943029585,1254
1911.1786571295124,0.0,0.0,7880.524789561256,9791.703446690768,1255
1956.81526026098,0.0,0.0,7902.504213675938,9859.31947393692,1256
2003.6454444519113,0.0,0.0,7922.314741923669,9925.960186375582,1257
2051.7012772103335,0.0,0.0,7939.918292924825,9991.619570135159,1258
2101.0154275302175,0.0,0.0,7955.277495600958,10056.292923131175,1259
2151.6211658914804,0.0,0.0,7968.355689174796,10119.976855066276,1260
2203.552364259983,0.0,0.0,7979.116923170241,10182.669287430224,1261
2256.843496087533,0.0,0.0,7987.525957412374,10244.369453499907,1262
2311.5296363118814,0.0,0.0,7993.548262027445,10305.077898339327,1263
2367.6464613567236,0.0,0.0,7997.150017442891,10364.796478799615,1264
2425.2302491317014,0.0,0.0,7998.298114387316,10423.528363519017,1265
2484.3178790324005,0.0,0.0,7996.960153890503,10481.278032922903,1266
2544.9468319403536,0.0,0.0,7993.104447283407,10538.05127922376,1267
2607.155190223036,0.0,0.0,7986.700016198169,10593.855206421205,1268
2670.981637733867,0.0,0.0,7977.716592568095,10648.698230301961,1269
2736.465459812214,0.0,0.0,7966.12461862767,10702.590078439884,1270
2803.6465432833875,0.0,0.0,7951.895246912558,10755.541790195944,1271
2872.5653764586427,0.0,0.0,7935.000340259596,10807.565716718238,1272
2943.263049135181,0.0,0.0,7915.4124718068,10858.67552094198,1273
3015.781252596148,0.0,0.0,7893.104924993355,10908.886177589502,1274
3090.162279610634,0.0,0.0,7868.051693559628,10958.213973170263,1275
3166.449024433674,0.0,0.0,7840.227481547161,11006.676505980835,1276
3244.6849828062486,0.0,0.0,7809.6077032986705,11054.29268610492,1277
3324.914251955283,0.0,0.0,7776.16848345805,11101.082735413333,1278
3407.181530593648,0.0,0.0,7739.886656970367,11147.068187564015,1279
3491.5321189201586,0.0,0.0,7700.739769081867,11192.271888002026,1280
3578.011918619574,0.0,0.0,7658.706075339971,11236.717993959544,1281
3666.6674328626,0.0,0.0,7613.764541593274,11280.431974455874,1282
3757.5457663058855,0.0,0.0,7565.894843991549,11323.440610297435,1283
3850.6946250920264,0.0,0.0,7515.077368985742,11365.771994077768,1284
3946.1623168495626,0.0,0.0,7461.29321332798,11407.455530177544,1285
4043.9977506929777,0.0,0.0,7404.524184071561,11448.521934764538,1286
4144.262412551466,0.0,0.0,7344.819137083598,11489.081549635064,1287
4247.100893637986,0.0,0.0,7282.707099370556,11529.80799300854,1288
4352.5937563904445,0.0,0.0,7218.392565196974,11570.986321587417,1289
4460.805809990439,0.0,0.0,7151.981720909937,11612.787530900376,1290
4571.804408956522,0.0,0.0,7083.580174803484,11655.384583760006,1291
4685.659453144198,0.0,0.0,7013.292957118609,11698.952410262806,1292
4802.443387745926,0.0,0.0,6941.224520043266,11743.667907789193,1293
4922.2312032911195,0.0,0.0,6867.478737712365,11789.709941003484,1294
5045.100435646145,0.0,0.0,6792.158906207771,11837.259341853916,1295
5171.131166014324,0.0,0.0,6715.367743558309,11886.498909572632,1296
5300.406020935929,0.0,0.0,6637.207389739756,11937.613410675684,1297
5433.01017228819,0.0,0.0,6557.779406674851,11990.789578963042,1298
5569.031337285287,0.0,0.0,6477.184778233288,12046.216115518575,1299
5708.559778478358,0.0,0.0,6395.5239102317155,12104.083688710074,1300
5851.68830375549,0.0,0.0,6312.896630433743,12164.584934189232,1301
5998.512266341728,0.0,0.0,6229.402188549931,12227.91445489166,1302
6149.129564799067,0.0,0.0,6145.139256237804,12294.268821036872,1303
6303.640643026461,0.0,0.0,6060.205927101838,12363.846570128298,1304
6462.148490259811,0.0,0.0,5974.699716693467,12436.848206953278,1305
6624.758641071978,0.0,0.0,5888.717562511082,12513.47620358306,1306
6791.579175372772,0.0,0.0,5802.355824000032,12593.934999372803,1307
6962.72071840896,0.0,0.0,5715.710282552622,12678.431000961582,1308
7138.296440764261,0.0,0.0,5628.876141508111,12767.172582272371,1309
7318.42205835935,0.0,0.0,5541.948026152721,12860.37008451207,1310
7503.215832451853,0.0,0.0,5455.019983719624,12958.235816171476,1311
7692.798569636351,0.0,0.0,5368.185483388955,13060.984053025306,1312
7887.293621844379,0.0,0.0,5281.5374162878,13168.831038132179,1313
8086.826886344425,0.0,0.0,5195.168095490208,13281.994981834632,1314
8291.52680574193,0.0,0.0,5109.169256017178,13400.696061759108,1315
8501.524367979295,0.0,0.0,5023.63205483667,13525.156422815966,1316
8716.953106335863,0.0,0.0,4938.647070863601,13655.600177199463,1317
8937.949099427942,0.0,0.0,4854.304304959844,13792.253404387786,1318
9164.65122207915,0.0,0.0,4770.692675330329,13935.343897409479,1319
9397.228182896162,0.0,0.0,4687.836948638832,14085.065131534993,1320
9635.841930973485,0.0,0.0,4605.753024017589,14241.594954991075,1321
9880.640336096465,0.0,0.0,4524.487443766946,14405.127779863411,1322
10131.776631563689,0.0,0.0,4444.0842801833915,14575.86091174708,1323
10389.409414186981,0.0,0.0,4364.5851355595605,14753.994549746541,1324
10653.702644291412,0.0,0.0,4286.02914218423,14939.731786475642,1325
10924.825645715293,0.0,0.0,4208.452962342323,15133.278608057615,1326
11202.953105810171,0.0,0.0,4131.890788314906,15334.843894125077,1327
11488.265075440839,0.0,0.0,4056.3743423791884,15544.639417820028,1328
11780.94696898533,0.0,0.0,3981.932876808528,15762.879845793857,1329
12081.189564334918,0.0,0.0,3908.593173872422,15989.782738207341,1330
12389.189002894116,0.0,0.0,3836.3795458365153,16225.568548730631,1331
12705.146789580685,0.0,0.0,3765.313834962596,16470.46062454328,1332
13029.269792825617,0.0,0.0,3695.4154135085955,16724.685206334212,1333
13361.770244573152,0.0,0.0,3626.701183728592,16988.471428301746,1334
13702.865740280771,0.0,0.0,3559.1855778728045,17262.051318153575,1335
14052.779238919193,0.0,0.0,3492.8805581875995,17545.659797106793,1336
14411.739062972378,0.0,0.0,3427.7956169154863,17839.534679887864,1337
14779.97889843753,0.0,0.0,3363.9377762951185,18143.91667473265,1338
15157.737794825094,0.0,0.0,3301.3115885612942,18459.049383386387,1339
15545.260165158754,0.0,0.0,3239.9191359449555,18785.179301103708,1340
15942.795785975435,0.0,0.0,3179.7600306731892,19122.555816648623,1341
16350.599797325303,0.0,0.0,3120.831414969227,19471.43121229453,1342
16768.93270277177,0.0,0.0,3063.1279610524425,19832.060663824213,1343
17198.060369391478,0.0,0.0,3006.6418711383567,20204.702240529834,1344
17638.25402777433,0.0,0.0,2951.3628774386325,20589.616905212963,1345
18089.79027202344,0.0,0.0,2897.2782421610787,20987.06851418452,1346
18552.951059755193,0.0,0.0,2844.3727575096473,21397.32381726484,1347
19028.023712099202,0.0,0.0,2792.6287456844348,21820.65245778364,1348
19515.300913698316,0.0,0.0,2742.0260588816827,22257.32697258,1349
20015.080712708634,0.0,0.0,2692.5420792937743,22707.622792002407,1350
20527.66652079949,0.0,0.0,2644.1517191092416,23171.81823990873,1351
21053.24262529949,0.0,0.0,2596.8671801860955,23650.109805485583,1352
21591.87030622141,0.0,0.0,2550.7522769060915,24142.622583127504,1353
22143.931750616623,0.0,0.0,2505.7815545083936,24649.713305125017,1354
22709.8276913154,0.0,0.0,2461.9262905543137,25171.753981869715,1355
23289.964603217733,0.0,0.0,2419.158361372082,25709.122964589817,1356
23884.754703293293,0.0,0.0,2377.4502420568447,26262.20494535014,1357
24494.615950581458,0.0,0.0,2336.775006470668,26831.390957052125,1358
25119.972046191302,0.0,0.0,2297.1063272425336,27417.078373433837,1359
25761.252433301604,0.0,0.0,2258.418475768342,28019.670909069948,1360
26418.892297160834,0.0,0.0,2220.6863222109105,28639.578619371743,1361
27093.33256508715,0.0,0.0,2183.8853354999746,29277.217900587122,1362
27785.019906468428,0.0,0.0,2147.9915833321875,29933.011489800614,1363
28494.40673276223,0.0,0.0,2112.981732171119,30607.38846493335,1364
29221.951197495815,0.0,0.0,2078.833047247257,31300.784244743074,1365
29968.117196266146,0.0,0.0,2045.5233925580083,32013.640588824153,1366
30733.37436673988,0.0,0.0,2013.0312308676948,32746.405597607576,1367
31518.19808865337,0.0,0.0,1981.3356237075582,33499.53371236093,1368
32323.069483812676,0.0,0.0,1950.4162313757563,34273.485715188435,1369
33148.47541609354,0.0,0.0,1920.2533129373653,35068.7287290309,1370
33994.90849144142,0.0,0.0,1890.8277262243791,35885.7362176658,1371
34862.86705787145,0.0,0.0,1862.1209278357085,36724.98798570716,1372
35752.855205468484,0.0,0.0,1834.1149731371825,37586.97017860567,1373
36665.382766387076,0.0,0.0,1806.792516261547,38472.175282648626,1374
37600.96531485145,0.0,0.0,1780.1368101084665,39381.102124959914,1375
38560.12416715554,0.0,0.0,1754.1317063445222,40314.255873500064,1376
39543.38638166299,0.0,0.0,1728.7616554032134,41272.1480370662,1377
40551.284758807145,0.0,0.0,1704.0117064849567,42255.2964652921,1378
41584.35784109102,0.0,0.0,1679.8675075570861,43264.225348648106,1379
42643.14991308735,0.0,0.0,1656.3153053538542,44299.465218441204,1380
43728.21100143856,0.0,0.0,1633.34194537643,45361.55294681499,1381
44840.09687485679,0.0,0.0,1610.934871892901,46451.03174674969,1382
45979.36904412384,0.0,0.0,1589.082127938271,47568.451172062116,1383
47146.594762091256,0.0,0.0,1567.7723553144629,48714.367117405716,1384
48342.34702368024,0.0,0.0,1546.9947945903161,49889.34181827056,1385
49567.20456588171,0.0,0.0,1526.7392851015893,51093.9438509833,1386
50821.75186775629,0.0,0.0,1506.9962649509557,52328.748132707246,1387
52106.57915043428,0.0,0.0,1487.7567710080095,53594.33592144229,1388
53422.28237711569,0.0,0.0,1469.0124389092596,54891.29481602495,1389
54769.46325307026,0.0,0.0,1450.7555030581348,56220.21875612839,1390
56148.729225637355,0.0,0.0,1432.9787966249794,57581.70802226233,1391
57560.693484226096,0.0,0.0,1415.6757515470579,58976.369235773156,1392
59005.97496031528,0.0,0.0,1398.8403985285497,60404.81535884383,1393
60485.19832745342,0.0,0.0,1382.4673670405532,61867.665694493975,1394
61998.994001258696,0.0,0.0,1366.5518853210842,63365.54588657978,1395
63547.99813941901,0.0,0.0,1351.0897803750763,64899.08791979409,1396
65132.85264169196,0.0,0.0,1336.07747797438,66468.93011966634,1397
66754.20514990485,0.0,0.0,1321.512002657764,68075.71715256262,1398
68412.70904795462,0.0,0.0,1307.3909777309145,69720.10002568553,1399
70109.02346180801,0.0,0.0,1293.712625266435,71402.73608707445,1400
71843.81325950139,0.0,0.0,1280.4757661038473,73124.28902560523,1401
73617.74905114083,0.0,0.0,1267.6798198495894,74885.42887099042,1402
75431.50718890209,0.0,0.0,1255.3248048770186,76686.83199377911,1403
77285.76976703071,0.0,0.0,1243.4113383264082,78529.18110535711,1404
79181.22462184183,0.0,0.0,1231.9406361049507,80413.16525794678,1405
81118.56533172031,0.0,0.0,1220.9145128867547,82339.47984460706,1406
83095.47730421531,0.0,0.0,1210.2772245206731,84305.75452873598,1407
85110.44492066483,0.0,0.0,1199.9635074709072,86310.40842813574,1408
87165.47363025992,0.0,0.0,1189.9662474390461,88355.43987769897,1409
89262.34578105008,0.0,0.0,1180.2785005062399,90442.62428155633,1410
91402.61997082776,0.0,0.0,1170.8934819159072,92573.51345274366,1411
93587.63104712825,0.0,0.0,1161.804566073734,94749.43561320199,1412
95818.49010722978,0.0,0.0,1153.0052865476746,96971.49539377746,1413
98096.08449815345,0.0,0.0,1144.489336067952,99240.5738342214,1414
100421.07781666331,0.0,0.0,1136.250566527057,101557.32838319037,1415
102793.90990926622,0.0,0.0,1128.2829889797479,103922.19289824596,1416
105214.79687221203,0.0,0.0,1120.580773643052,106335.37764585509,1417
107683.73105149345,0.0,0.0,1113.138249896264,108796.86930138971,1418
110200.48104284606,0.0,0.0,1105.949906280947,111306.43094912701,1419
112764.59169174838,0.0,0.0,1099.0103905009323,113863.60208224932,1420
115375.38409342183,0.0,0.0,1092.3145094223194,116467.69860284415,1421
118031.9555928307,0.0,0.0,1085.857229073475,119117.81282190417,1422
120733.17978468217,0.0,0.0,1079.6336746450352,121812.81345932721,1423
123477.70651342638,0.0,0.0,1073.6391304899034,124551.34564391628,1424
126263.9618732563,0.0,0.0,1067.8690401232514,127331.83091337954,1425
129090.14820810783,0.0,0.0,1062.3190062225185,130152.46721433035,1426
131954.24411165976,0.0,0.0,1056.984790627413,133011.22890228717,1427
134854.00442733377,0.0,0.0,1051.862314339911,135905.86674167367,1428
137786.96024829452,0.0,0.0,1046.9476575242566,138833.90790581878,1429
140750.41891744942,0.0,0.0,1042.2370595069615,141792.6559769564,1430
143741.4640274489,0.0,0.0,1037.726918776806,144779.19094622572,1431
146756.95542068628,0.0,0.0,1033.4137929848393,147790.36921367113,1432
149793.52918929764,0.0,0.0,1029.294398944377,150822.82358824203,1433
152847.59767516213,0.0,0.0,1025.3656126310043,153872.96328779313,1434
155915.34946990176,0.0,0.0,1021.6244691825734,156936.97393908433,1435
158992.74941488137,0.0,0.0,1018.0681628992054,160010.81757778057,1436
162075.5386012087,0.0,0.0,1014.6940472432891,163090.232648452,1437
165159.2343697346,0.0,0.0,1011.4996348394815,166170.73400457407,1438
168239.1303110524,0.0,0.0,1008.4825974747076,169247.6129085271,1439
171310.29626549874,0.0,0.0,1005.6407660981607,172315.9370315969,1440
174367.5783231529,0.0,0.0,1002.972130821302,175370.5504539742,1441
177405.59882383727,0.0,0.0,1000.4748409178612,178406.07366475512,1442
180422.15610710587,0.0,0.0,998.1465173038208,181420.3026244097,1443
183416.2923083987,0.0,0.0,995.9831980456921,184412.2755064444,1444
186370.70518954055,0.0,0.0,993.9827677438539,187364.6879572844,1445
189267.22286782195,0.0,0.0,992.1433725109371,190259.3662403329,1446
192087.80703444465,0.0,0.0,990.4632713792085,193078.27030582385,1447
194814.5529545214,0.0,0.0,988.9408363005708,195803.493790822,1448
197429.68946707618,0.0,0.0,987.574552146562,198417.26401922276,1449
199915.57898504395,0.0,0.0,986.3630167083564,200901.9420017523,1450
202254.71749527086,0.0,0.0,985.3049406967637,203240.02243596764,1451
204429.73455851414,0.0,0.0,984.3991477422293,205414.13370625637,1452
206423.3933094421,0.0,0.0,983.6445743948346,207407.03788383692,1453
208218.5904566342,0.0,0.0,983.0402701242967,209201.6307267585,1454
209798.35628258096,0.0,0.0,982.5853973199687,210780.94167990092,1455
211145.85464368403,0.0,0.0,982.2792312908388,212128.13387497485,1456
212244.38297025618,0.0,0.0,982.1211602655317,213226.5041305217,1457
213077.3722665212,0.0,0.0,982.1106853923072,214059.48295191352,1458
213628.38711061416,0.0,0.0,982.2474207390616,214610.63453135322,1459
213881.12565458103,0.0,0.0,982.5310932933263,214863.65674787437,1460
213819.41962437902,0.0,0.0,982.9615429622689,214802.3811673413,1461
213427.2343198764,0.0,0.0,983.5387225726924,214410.77304244912,1462
212688.66861485256,0.0,0.0,984.262697871036,213672.9313127236,1463
211587.95495699797,0.0,0.0,985.1336475233742,212573.08860452136,1464
210109.4593679142,0.0,0.0,986.1518631154177,211095.61123102962,1465
208237.681443114,0.0,0.0,987.3177491525125,209224.99919226652,1466
205957.2543520211,0.0,0.0,988.6318230596407,206945.88617508073,1467
203252.94148667206,0.0,0.0,990.0947151107299,204243.0362017828,1468
200096.0365517856,0.0,0.0,991.706755822735,201087.74330760833,1469
196491.53328324098,0.0,0.0,993.4685509599785,197485.00183420096,1470
192473.2686710418,0.0,0.0,995.3811550878039,193468.6498261296,1471
188075.09124819827,0.0,0.0,997.445569737067,189072.53681793532,1472
183330.8610907273,0.0,0.0,999.6627434041367,184330.52383413143,1473
178274.4498176523,0.0,0.0,1002.0335715508951,179276.48338920317,1474
172939.74059100333,0.0,0.0,1004.5588966047369,173944.29948760808,1475
167360.62811581706,0.0,0.0,1007.23950795857,168367.86762377564,1476
161571.0186401368,0.0,0.0,1010.0761419708152,162581.09478210763,1477
155604.82995501242,0.0,0.0,1013.0694819654061,156617.89943697784,1478
149495.99139450042,0.0,0.0,1016.2201582317894,150512.21155273222,1479
143278.44383566393,0.0,0.0,1019.5287480249248,144297.97258368885,1480
136986.13969857263,0.0,0.0,1022.9957755652847,138009.1354741379,1481
130653.04294630283,0.0,0.0,1026.6217120388546,131679.66465834167,1482
124313.12908493748,0.0,0.0,1030.4069755971334,125343.5360605346,1483
118000.38516356614,0.0,0.0,1034.351931357132,119034.73709492327,1484
111748.80977428493,0.0,0.0,1038.4568914013746,112787.26666568631,1485
105592.41305219663,0.0,0.0,1042.7221147778992,106635.13516697453,1486
99565.21667541057,0.0,0.0,1047.1478075002556,100612.36448291082,1487
93701.25386504276,0.0,0.0,1051.734122547507,94752.98798759027,1488
88034.56938521576,0.0,0.0,1056.4811598642298,89091.05054507998,1489
82597.10620828373,0.0,0.0,1061.3891374853176,83658.49534576904,1490
77399.15104041572,0.0,0.0,1066.4584260067459,78465.60946642247,1491
72439.92011872197,0.0,0.0,1071.6892399835742,73511.60935870555,1492
67718.01079422423,0.0,0.0,1077.0818319895138,68795.09262621375,1493
63231.434658872495,0.0,0.0,1082.636494632304,64314.071153504796,1494
58977.61754554509,0.0,0.0,1088.353560553712,60065.9711060988,1495
54953.39952804858,0.0,0.0,1094.2334024295326,56047.63293047812,1496
51155.03492111793,0.0,0.0,1100.276432969588,52255.31135408751,1497
47578.192280416275,0.0,0.0,1106.4831049177287,48684.675385334005,1498
44217.95440253512,0.0,0.0,1112.853911051833,45330.80831358695,1499
41068.818324994245,0.0,0.0,1119.3893841838062,42188.20770917805,1500
38124.695326241745,0.0,0.0,1126.0900971595822,39250.78542340133,1501
35378.91092565396,0.0,0.0,1132.9566628591222,36511.86758851308,1502
32824.20488353557,0.0,0.0,1139.9897341964154,33964.194617731984,1503
30452.731201119524,0.0,0.0,1147.1900041194783,31599.921205239003,1504
28256.058120567068,0.0,0.0,1154.558205610356,29410.616326177424,1505
26225.16812496775,0.0,0.0,1162.0951116851204,27387.26323665287,1506
24350.457938339423,0.0,0.0,1169.801535393872,25520.259473733295,1507
22621.738525628192,0.0,0.0,1177.6783298207383,23799.41685544893,1508
21028.23509270849,0.0,0.0,1185.7263880838752,22213.961480792368,1509
19558.587086383093,0.0,0.0,1193.946643335466,20752.533729718558,1510
18204.45104070605,0.0,0.0,1202.3403734613735,19406.791414167426,1511
16960.66345463777,0.0,0.0,1210.9092235082157,18171.57267814599,1512
15814.548083535174,0.0,0.0,1219.6542227318212,17034.202306266994,1513
14754.520816272303,0.0,0.0,1228.5764624093297,15983.097278681633,1514
13770.394996226474,0.0,0.0,1237.6771210398563,15008.07211726633,1515
12853.381421278256,0.0,0.0,1246.9574643444912,14100.338885622747,1516
11996.088343811483,0.0,0.0,1256.4188452662993,13252.507189077784,1517
11192.521470713245,0.0,0.0,1266.062703970321,12458.584174683567,1518
10438.083963373907,0.0,0.0,1275.8905678435717,11713.974531217478,1519
9729.576437687081,0.0,0.0,1285.9040514950411,11015.480489182122,1520
9065.196964049646,0.0,0.0,1296.1048567556954,10361.301820805342,1521
8444.541067361748,0.0,0.0,1306.4947726784744,9751.035840040222,1522
7868.601727026784,0.0,0.0,1317.0756755382938,9185.677402565078,1523
7339.769376951424,0.0,0.0,1327.8495288320441,8667.618905783469,1524
6861.831905545592,0.0,0.0,1338.818383278591,8200.650288824183,1525
6437.72438987808,0.0,0.0,1349.9842756584371,7787.7086655365165,1526
6048.4446851219245,0.0,0.0,1361.348290546576,7409.792975668501,1527
5686.632975558305,0.0,0.0,1372.912076605312,7059.545052163617,1528
5350.2995092649235,0.0,0.0,1384.67754562271,6734.977054887633,1529
5037.563997956698,0.0,0.0,1396.6466339696171,6434.210631926315,1530
4746.655616985755,0.0,0.0,1408.8213025996604,6155.476919585415,1531
4475.9130053414365,0.0,0.0,1421.2035370492488,5897.116542390685,1532
4223.784265650293,0.0,0.0,1433.795347437572,5657.579613087864,1533
3988.826964176092,0.0,0.0,1446.5987684666013,5435.425732642693,1534
3769.708130819808,0.0,0.0,1459.6158594210883,5229.323990240897,1535
3565.204259119631,0.0,0.0,1472.8487041685667,5038.052963288197,1536
3374.2013062509614,0.0,0.0,1486.2994111593505,4860.500717410312,1537
3195.6946930264126,0.0,0.0,1499.9701134265351,4695.664806452947,1538
3028.789303895811,0.0,0.0,1513.8629685859976,4542.652272481809,1539
2872.6994869461923,0.0,0.0,1527.9801588363953,4400.679645782588,1540
2726.7490539018077,0.0,0.0,1542.323890959167,4269.0729448609745,1541
2590.1188495133492,0.0,0.0,1556.8963562307367,4147.015205744086,1542
2461.9981185399843,0.0,0.0,1571.6997892746174,4033.6979078146014,1543
2341.8428070904356,0.0,0.0,1586.736488251198,3928.5792953416335,1544
2229.134061250887,0.0,0.0,1602.0087570106298,3831.142818261517,1545
2123.378186843338,0.0,0.0,1617.5189050849067,3740.8970919282447,1546
2024.1066494255992,0.0,0.0,1633.2692476878644,3657.375897113464,1547
1930.8760742912968,0.0,0.0,1649.2621057151814,3580.1381800064783,1548
1843.2682464698685,0.0,0.0,1665.4998057443777,3508.7680522142464,1549
1760.8901107265679,0.0,0.0,1681.9846800348157,3442.8747907613833,1550
1683.3737715624595,0.0,0.0,1698.7190665277,3382.0928380901596,1551
1610.3764932144234,0.0,0.0,1715.7053088460775,3326.081802060501,1552
1541.5806996551519,0.0,0.0,1732.9457562948373,3274.526455949989,1553
1476.6939745931518,0.0,0.0,1750.4427638607103,3227.136738453862,1554
1415.4490614727424,0.0,0.0,1768.1986922122699,3183.6477536850125,1555
1357.6038634740569,0.0,0.0,1786.2159076999317,3143.8197711739886,1556
1302.941443513043,0.0,0.0,1804.4967823559532,3107.438225868996,1557
1251.2700242414599,0.0,0.0,1823.0436938944347,3074.3137181358943,1558
1202.4229880468822,0.0,0.0,1841.8590257113178,3044.2820137582003,1559
1156.2588770526966,0.0,0.0,1860.9451668843867,3017.204043937083,1560
1112.6016708764278,0.0,0.0,1880.3043471324374,2992.9060180088654,1561
1071.2322070955142,0.0,0.0,1899.9387380954008,2971.170945190915,1562
1032.026392032601,0.0,0.0,1919.8508084788543,2951.877200511455,1563
994.8664803063765,0.0,0.0,1940.0429886684904,2934.9094689748667,1564
959.6393322992376,0.0,0.0,1960.5176651049437,2920.1569974041813,1565
926.2364141572909,0.0,0.0,1981.2771802837904,2907.5135944410813,1566
894.5537977903532,0.0,0.0,2002.3238327555484,2896.8776305459014,1567
864.4921608719501,0.0,0.0,2023.6598771256781,2888.152037997628,1568
835.9567868393167,0.0,0.0,2045.2875240545814,2881.244310893898,1569
808.8575648933981,0.0,0.0,2067.208940257601,2876.0665051509995,1570
783.1089899988488,0.0,0.0,2089.4262485050235,2872.5352385038723,1571
758.6301628840325,0.0,0.0,2111.9415276220757,2870.571690506108,1572
735.3447900410229,0.0,0.0,2134.756812488926,2870.1016025299487,1573
713.1811837256023,0.0,0.0,2157.874094040686,2871.0552777662883,1574
692.072261957264,0.0,0.0,2181.2953192674086,2873.3675812246724,1575
671.9555485192095,0.0,0.0,2205.0223912140873,2876.977939733297,1576
652.7731729583502,0.0,0.0,2229.0571689806598,2881.83034193901,1577
634.4718705853078,0.0,0.0,2253.401467722003,2887.873338307311,1578
617.0029824744119,0.0,0.0,2278.057058647938,2895.06004112235,1579
600.3224554637035,0.0,0.0,2303.0256690232254,2903.348124486929,1580
584.3908421549314,0.0,0.0,2328.30898216757,2912.699824322501,1581
569.1733009135555,0.0,0.0,2353.9086374556164,2923.081938369172,1582
554.6395958687438,0.0,0.0,2379.8262303169527,2934.4658261856966,1583
540.7640969133748,0.0,0.0,2406.063312236107,2946.827409149482,1584
527.523870966946,0.0,0.0,2432.621239180548,2960.145110147494,1585
514.8577161927395,0.0,0.0,2459.498322919114,2974.3560391118535,1586
502.7276783894514,0.0,0.0,2486.695381446364,2989.4230598358154,1587
491.1134965005628,0.0,0.0,2514.2145150804436,3005.328011581006,1588
479.99540621095525,0.0,0.0,2542.0576004943605,3022.053006705316,1589
469.3541399469104,0.0,0.0,2570.2262907159843,3039.5804306628947,1590
459.17092687611,0.0,0.0,2598.722015128049,3057.892942004159,1591
449.4274929076361,0.0,0.0,2627.5459794681497,3076.9734723757856,1592
440.10606069197087,0.0,0.0,2656.699165828745,3096.805226520716,1593
431.18934962099655,0.0,0.0,2686.182332657156,3117.3716822781525,1594
422.6605758279957,0.0,0.0,2715.9960147555666,3138.6565905835623,1595
414.50345218765085,0.0,0.0,2746.1405232810234,3160.6439754686744,1596
406.702188316045,0.0,0.0,2776.615945745435,3183.31813406148,1597
399.2414905706611,0.0,0.0,2807.422146015574,3206.663636586235,1598
392.1065620503823,0.0,0.0,2838.558764313075,3230.665326363457,1599
385.2831025954919,0.0,0.0,2870.025217214435,3255.308319809927,1600
378.7573087876735,0.0,0.0,2901.820697651014,3280.5780064386877,1601
372.51587395001064,0.0,0.0,2933.9441749090347,3306.4600488590454,1602
366.54598814698727,0.0,0.0,2966.3943946295826,3332.94038277657,1603
360.83533818448734,0.0,0.0,2999.169878808606,3360.005216993093,1604
355.3721076097951,0.0,0.0,3032.2689257969155,3387.6410334067104,1605
350.1449767115948,0.0,0.0,3065.6896103001845,3415.834587011779,1606
345.14312251997103,0.0,0.0,3099.4297833789497,3444.572905898921,1607
340.35621880640844,0.0,0.0,3133.487072448609,3473.8432912550174,1608
335.7744360837919,0.0,0.0,3167.858881279425,3503.633317363217,1609
331.38844160640645,0.0,0.0,3202.5423899965217,3533.9308316029283,1610
327.1893993699373,0.0,0.0,3237.5345550798856,3564.723954449823,1611
323.1689701114697,0.0,0.0,3272.832109364367,3596.001079475837,1612
319.3193113094894,0.0,0.0,3308.4315620396783,3627.7508733491677,1613
315.63307718388194,0.0,0.0,3344.329198650394,3659.962275834276,1614
312.10341869593316,0.0,0.0,3380.521081095953,3692.624499791886,1615
308.7239835483292,0.0,0.0,3417.0030476306542,3725.7270311789835,1616
305.4889161851562,0.0,0.0,3453.770712863662,3759.259629048818,1617
302.39285779190067,0.0,0.0,3490.819467759002,3793.2123255509023,1618
299.43094629544896,0.0,0.0,3528.144479635562,3827.575425931011,1619
296.59881636408784,0.0,0.0,3565.7406921670945,3862.339508531182,1620
293.8925994075043,0.0,0.0,3603.6028253822133,3897.4954247897176,1621
291.30892357678533,0.0,0.0,3641.725375664394,3933.0342992411793,1622
288.8449137644181,0.0,0.0,3680.1026157519773,3968.947529516395,1623
286.49819160429007,0.0,0.0,3718.7285947381642,4005.2267863424545,1624
284.2668754716889,0.0,0.0,3757.5971380710203,4041.864013542709,1625
282.14743826777845,0.0,0.0,3796.7000542829164,4078.847492550695,1626
280.1352503647823,0.0,0.0,3836.02769414393,4116.162944508713,1627
278.2281860893007,0.0,0.0,3875.572008108062,4153.8001941973625,1628
276.4241867493686,0.0,0.0,3915.324472958187,4191.748659707556,1629
274.721246743904,0.0,0.0,3955.276080063291,4229.997326807195,1630
273.1174135627082,0.0,0.0,3995.4173353784736,4268.5347489411815,1631
271.61078778646595,0.0,0.0,4035.7382594449477,4307.349047231413,1632
270.1995230867452,0.0,0.0,4076.2283873900387,4346.427910476784,1633
268.88182622599726,0.0,0.0,4116.876768927185,4385.758595153183,1634
267.65595705755663,0.0,0.0,4157.67196835594,4425.327925413497,1635
266.52022852564113,0.0,0.0,4198.602064561967,4465.122293087608,1636
265.473006665352,0.0,0.0,4239.654651017046,4505.1276576823975,1637
264.5127106026736,0.0,0.0,4280.816835779064,4545.329546381738,1638
263.6378125544738,0.0,0.0,4322.075241492028,4585.713054046501,1639
262.84683782850345,0.0,0.0,4363.416005386053,4626.262843214557,1640
262.138364823397,0.0,0.0,4404.824779277371,4666.963144100768,1641
261.51102502867207,0.0,0.0,4446.286729568324,4707.797754596995,1642
260.96350302472956,0.0,0.0,4487.786537247367,4748.750040272096,1643
260.4945364828537,0.0,0.0,4529.308397889071,4789.8029343719245,1644
260.102916165212,0.0,0.0,4570.836021654117,4830.938937819329,1645
259.7874859248552,0.0,0.0,4612.352633289299,4872.140119214154,1646
259.5471427057176,0.0,0.0,4653.8409721275275,4913.388114833245,1647
259.3808365426164,0.0,0.0,4695.283292087823,4954.664128630439,1648
259.2875705612524,0.0,0.0,4736.661361675318,4995.948932236571,1649
259.26640097820956,0.0,0.0,4777.956463981262,5037.222864959471,1650
259.31643710095517,0.0,0.0,4819.149396683013,5078.465833783968,1651
259.43684132783983,0.0,0.0,4860.220472044047,5119.657313371887,1652
259.6268291480974,0.0,0.0,4901.149516913948,5160.776346062045,1653
259.8856691418451,0.0,0.0,4941.915872728417,5201.801541870262,1654
260.2126829800833,0.0,0.0,4982.498395509264,5242.7110784893475,1655
260.60724542469586,0.0,0.0,5022.875455864418,5283.482701289114,1656
261.06878432844985,0.0,0.0,5063.024938987914,5324.093723316363,1657
261.5967806349956,0.0,0.0,5102.9242446599055,5364.521025294901,1658
262.1907683788667,0.0,0.0,5142.550287246657,5404.741055625524,1659
262.8503346854802,0.0,0.0,5181.879495700546,5444.729830386026,1660
263.5751197711363,0.0,0.0,5220.887813560062,5484.462933331198,1661
264.3648169430186,0.0,0.0,5259.550698949809,5523.915515892828,1662
265.2191725991938,0.0,0.0,5297.843124580504,5563.062297179698,1663
266.1379862286122,0.0,0.0,5335.739577748977,5601.8775639775895,1664
267.1211104111071,0.0,0.0,5373.21406033817,5640.3351707492775,1665
268.16845081739524,0.0,0.0,5410.24008881714,5678.4085396345345,1666
269.27996620907675,0.0,0.0,5446.790694241054,5716.07066045013,1667
270.4556684386348,0.0,0.0,5482.838422251194,5753.294090689829,1668
271.6956224494361,0.0,0.0,5518.3553330749555,5790.050955524392,1669
272.99994627573057,0.0,0.0,5553.3130015258475,5826.312947801578,1670
274.36881104265126,0.0,0.0,5587.682517003489,5862.05132804614,1671
275.8024409662149,0.0,0.0,5621.434483493615,5897.236924459829,1672
277.3012830247678,0.0,0.0,5654.5394332261585,5931.840716250927,1673
278.8675100511699,0.0,0.0,5686.972129001738,5965.839639052908,1674
280.5020687602661,0.0,0.0,5718.705201050836,5999.207269811102,1675
