subclone_1,subclone_2,subclone_3,subclone_4,total_tumor,days
23279.0,10085.0,38751.0,27885.0,100000.0,1
23427.85185977415,10118.557095288577,38902.81668773184,27828.052636147047,100277.27827894161,2
23576.97554686618,10148.516850090893,39024.4703680469,27640.49142553638,100390.45419054036,3
23726.355040821978,10174.605745065337,39108.67213812974,27263.39312204541,100273.02604606247,4
23875.974949713654,10196.53700493899,39146.57621315274,26616.343869447694,99835.43203725306,5
24025.820786515622,10214.010754712233,39127.51872588669,25607.774562197104,98975.12482931165,6
24175.878471378575,10226.71423650054,39038.96996622745,24154.071754612334,97595.6344287189,7
24326.136818513987,10234.323015591783,38865.8156899303,22154.22649086883,95580.5020149049,8
24476.58420770205,10236.501530303436,38590.71041119579,19599.71273881773,92903.50888801902,9
24627.206585725686,10232.903083686115,38194.35235575132,16626.046119146573,89680.50814430969,10
24777.987518822272,10223.170400615136,37655.81500571131,13501.556567214735,86158.52949236345,11
24928.905263466546,10206.937042782167,36952.506418609126,10498.916778533065,82587.26550339091,12
25079.931182545493,10183.828403554753,36060.387298648435,7831.476489600468,79155.62337434915,13
25231.034614532917,10153.469913749193,34960.128415457766,5631.0454197161835,75975.67836345607,14
25382.183235729633,10115.487778770317,33637.637621194444,3942.9920780464945,73078.30071374089,15
25533.34287742218,10069.51061478143,32084.83141436873,2719.32002198077,70407.00492855311,16
25684.47922233812,10015.178576049553,30304.890347950048,1852.2217824340742,67856.7699287718,17
25835.55866908771,9952.147495418389,28315.21187172829,1254.1825811790545,65357.100617413445,18
25986.547018120382,9880.092741414283,26148.102657415722,848.4275053933687,62863.16992234375,19
26137.40949464039,9798.715631902958,23850.602782348167,569.6430569857762,60356.370965877286,20
26288.110153993388,9707.750553119613,21480.280304711294,379.4175890305622,57855.558600854856,21
26438.61145078318,9606.969846269483,19101.27913881978,257.0138105639816,55403.87424643642,22
26588.872882341406,9496.191195913465,16777.198619747778,172.04814760359685,53034.310845606255,23
26738.852300148643,9375.285690883946,14564.384543392876,115.35901200746393,50793.88154643294,24
26888.50508315442,9244.182992885964,12508.075736606428,78.64829056550207,48719.412103212315,25
27037.78426212632,9102.879366800064,10638.980991960938,52.79074739777275,46832.4353682851,26
27186.641090014087,8951.443708920802,8973.4438810477,35.73713763050706,45147.2658176131,27
27335.024866362142,8790.022265546275,7514.617818987919,24.58354375855281,43664.248494654894,28
27482.88327342423,8618.844092959465,6255.854999078495,17.949198675534806,42375.53156413773,29
27630.16223287486,8438.223594578249,5183.306382717248,12.729466344553106,41264.4216765149,30
27776.806294093236,8248.562395543962,4278.595126657595,8.819922401602815,40312.783738696395,31
27922.758543146025,8050.34957016976,3522.0329149657505,6.363859290855105,39501.50488757239,32
28067.96038562211,7844.159093929728,2893.590925572238,4.56463628838264,38810.27504141246,33
28212.35167948711,7630.6472556915005,2374.117556849813,3.195166988872905,38220.3116590173,34
28355.870666614202,7410.546221813616,1946.5757177920152,2.2499113716601333,37715.2425175915,35
28498.453775938,7184.6557176486895,1595.6395377351425,1.5884069380029624,37280.337438259834,36
28640.03563226684,6953.835781667785,1308.1357366268528,1.1231932347359974,36903.13034379621,37
28780.548956492315,6718.9936478273285,1073.00714488642,0.7987069091248262,36573.348456115185,38
28919.9244366131,6481.07188258126,880.7586799264127,0.569573117263291,36282.32457223803,39
29058.090710975783,6241.037462686923,723.6249557439689,0.40710331314723214,36023.16023271982,40
29194.9742665522,5999.864799874507,595.2425874044586,0.2897171747811203,35790.371371005946,41
29330.499343653566,5758.523027659678,490.2292147073304,0.20771781176594217,35579.459303832344,42
29464.587915785356,5517.964680039886,404.2680819345041,0.1502147617980505,35386.970892521545,43
29597.159615736884,5279.109959615181,333.897059807334,0.10774288549484082,35210.274378044895,44
29728.13164967902,5042.834570431494,276.19213753734294,0.07734294288378532,35047.23570059074,45
29857.418777322106,4809.9626338289645,228.79141953861674,0.0566297449320242,34896.229460434624,46
29984.933268685996,4581.255108276323,189.84259190838003,0.04082226991807118,34756.07179114062,47
30110.584829002542,4357.402257614149,157.78780785350722,0.028873554413176496,34625.80376802461,48
30234.280580570066,4139.020644620827,131.3513564896637,0.02117063481194213,34504.67375231537,49
30355.92502952361,3926.647969749225,109.52596993526409,0.015587862808964499,34392.1145570709,50
30475.420025319825,3720.7420953091564,91.47836569086869,0.011508641267474225,34287.65199496112,51
30592.66474000078,3521.6810778475187,76.531745260884,0.0,34190.877563109185,52
30707.55564364115,3329.7652422579818,64.12606886265351,0.0,34101.44695476179,53
30819.986474071942,3145.2223039148544,53.74909784698935,0.0,34018.95787583378,54
30929.848276902456,2968.1982174883833,45.16292543478502,0.0,33943.20941982562,55
31037.029371299086,2798.7788299538433,38.154161325297935,0.0,33873.962362578226,56
31141.41533699998,2636.99503809743,32.45943068462962,0.0,33810.86980578204,57
31242.88901431505,2482.8227885162623,27.765374145725794,0.0,33753.47717697704,58
31341.330504125974,2336.1830776183797,23.708647808376305,0.0,33701.222229552724,59
31436.61725395148,2196.9513350001644,20.094776318324147,0.0,33653.66336526997,60
31528.624094741215,2064.9711846070977,17.04987013643297,0.0,33610.64514948475,61
31617.223204750328,1940.0526945840115,14.493358530068098,0.0,33571.769257864406,62
31702.284284731915,1821.9867161669365,12.347613257922662,0.0,33536.618614156774,63
31783.674560199277,1710.5450881428033,10.542408007148135,0.0,33504.762056349224,64
31861.25878142591,1605.480636849443,9.01491839335435,0.0,33475.75433666871,65
31934.89931936875,1506.5304137191874,7.712939529881645,0.0,33449.14267261782,66
32004.456381694647,1413.4300667383286,6.606330329046733,0.0,33424.492778762025,67
32069.787922562646,1325.9101101513697,5.667733226268355,0.0,33401.36576594029,68
32130.750097553944,1243.7024015039228,4.871787620932457,0.0,33379.3242866788,69
32187.19729238349,1166.5407851513123,4.195639892434317,0.0,33357.933717427244,70
32238.982122899997,1094.1610922585767,3.618943400178553,0.0,33336.762158558755,71
32285.95554779949,1026.3016334424296,3.1242023674100428,0.0,33315.38138360933,72
32327.96746046383,962.7098607569923,2.6998649850942966,0.0,33293.377186205915,73
32364.86608739602,903.1428750762844,2.336376695274564,0.0,33270.34533916758,74
32396.499157989703,847.3665344175179,2.0249376819131095,0.0,33245.89063008913,75
32422.714099056855,795.1557532455816,1.7577705448888608,0.0,33219.62762284732,76
32443.358034827772,746.2945024730417,1.5281202999974104,0.0,33191.18065760081,77
32458.277786951076,700.575809460141,1.330254378951015,0.0,33160.18385079017,78
32467.320074439864,657.8017215465472,1.1596642494214664,0.0,33126.28146023583,79
32470.332990749386,617.785257458425,1.0136446863822846,0.0,33089.1318928942,80
32467.164246365654,580.352634477519,0.8874782927217633,0.0,33048.40435913589,81
32457.663438710013,545.3390243700221,0.7770024908336207,0.0,33003.779465570864,82
32441.68258903912,512.5880404694008,0.6792415268588693,0.0,32954.94987103538,83
32419.076142444927,481.9517376763955,0.5924064706858153,0.0,32901.620286592006,84
32389.700967854704,453.2906124590204,0.5158952159500592,0.0,32843.507475529674,85
32353.41635803102,426.47360285256343,0.4502924800344956,0.0,32780.34025336362,86
32310.084823032183,401.37773993431983,0.39616975616369765,0.0,32711.858732722667,87
32259.574222238596,377.8885127677225,0.34949081684418437,0.0,32637.812225823163,88
32201.754797226415,355.9009894319137,0.30870225648574,0.0,32557.964488914815,89
32136.50301294606,335.31611256126513,0.27286885357178026,0.0,32472.091994360897,90
32063.70194992649,316.0404306245227,0.24124004239408947,0.0,32379.983620593404,91
31983.241304275194,297.9860979248067,0.21324991305282068,0.0,32281.440652113055,92
31895.017387678203,281.0708745996117,0.1885172114564956,0.0,32176.27677948927,93
31798.933127400076,265.2181266208067,0.16684533932200457,0.0,32064.318099360204,94
31694.898335088033,250.3567451645607,0.1481744969913485,0.0,31945.403254749584,95
31582.833524281472,236.42039879323804,0.13184792378747756,0.0,31819.3857709985,96
31462.66661114488,223.34859788140085,0.11744310675646434,0.0,31686.132652133037,97
31334.335660559107,211.08465541033402,0.10473952589877682,0.0,31545.525055495338,98
31197.790156662883,199.5751654403058,0.09353352857681824,0.0,31397.458855631765,99
31052.9910028528,188.77000311056764,0.08363832951492707,0.0,31241.84464429288,100
30899.91052178332,178.62232463935445,0.07488401079937702,0.0,31078.607730433472,101
30738.532455366774,169.08856732388438,0.06711752187837708,0.0,30907.688140212536,102
30568.85201757813,160.12843397442856,0.06020300576975077,0.0,30729.04065455833,103
30390.878703362905,151.70429688133785,0.05404168488862944,0.0,30542.63704192913,104
30204.635344566155,143.7817467112744,0.04855805167036653,0.0,30348.465649329097,105
30010.158471841267,136.32870254792948,0.04367822284875372,0.0,30146.530852612046,106
29807.499482681305,129.31492664144994,0.03933401674766929,0.0,29936.853743339503,107
29596.724641419016,122.71202440843798,0.03546295328107804,0.0,29719.472128780733,108
29377.91507922684,116.49344443195136,0.03200825395303137,0.0,29494.440531912747,109
29151.16679411689,110.63447846150328,0.028918841857667216,0.0,29261.83019142025,110
28916.59065101357,105.11226132640286,0.026149343129404947,0.0,29021.729061683098,111
28674.312930444514,99.90555925734354,0.023664165905629746,0.0,28774.242153867763,112
28424.476277519778,94.99466585125862,0.021435360967936145,0.0,28519.492378732004,113
28167.238478886473,90.3611852426984,0.019435497181973134,0.0,28257.619099626354,114
27902.77226054283,85.98781404821078,0.017639554057967147,0.0,27988.7777141451,115
27631.265287838196,81.8583413663412,0.016024921750722065,0.0,27713.139654126287,116
27352.920165473046,77.95764877763273,0.014571401059619214,0.0,27430.89238565174,117
27067.954293593546,74.27169594543936,0.013246003691035884,0.0,27142.23923554268,118
26776.598567858768,70.78735225580301,0.011943391111688044,0.0,26847.397863505685,119
26479.09886201038,67.49246923317608,0.010839925831110594,0.0,26546.60217116939,120
26175.71327001543,64.37563703360323,0.010084332426384953,0.0,26240.09899138146,121
25866.71142242701,61.42612244110363,0.009715875546112113,0.0,25928.14726074366,122
25552.374486384288,58.63386886767101,0.009664359910412635,0.0,25611.018019611867,123
25232.995165612476,55.98949635327361,0.009750130310926645,0.0,25288.99441209606,124
24908.876613807297,53.48426386358364,0.0,0.0,24962.36087767088,125
24580.330357251285,51.109985843317766,0.0,0.0,24631.440343094604,126
24247.67809742618,48.85907128131948,0.0,0.0,24296.5371687075,127
23911.24696231552,46.72435635274411,0.0,0.0,23957.971318668264,128
23571.36920630935,44.6990941148666,0.0,0.0,23616.068300424216,129
23228.382210204218,42.77695450708151,0.0,0.0,23271.1591647113,130
22882.628481203177,40.95202435090304,0.0,0.0,22923.58050555408,131
22534.4375237966,39.21918354856081,0.0,0.0,22573.656707345162,132
22184.11582367671,37.57447975203073,0.0,0.0,22221.690303428742,133
21832.03987766666,36.01293337596571,0.0,0.0,21868.052811042624,134
21478.58252098394,34.52968446899933,0.0,0.0,21513.112205452937,135
21124.107118914697,33.120101144713544,0.0,0.0,21157.22722005941,136
20768.967566813742,31.77977958163873,0.0,0.0,20800.747346395383,137
20413.508290104524,30.504544023253658,0.0,0.0,20444.012834127778,138
20058.064244279154,29.290446777985487,0.0,0.0,20087.35469105714,139
19702.960914898402,28.13376821920977,0.0,0.0,19731.09468311761,140
19348.514317591682,27.03101678525047,0.0,0.0,19375.545334376933,141
18995.03099805707,25.978928979379933,0.0,0.0,19021.00992703645,142
18642.80803206129,24.97446936981892,0.0,0.0,18667.78250143111,143
18292.133025439725,24.01483058973657,0.0,0.0,18316.147856029464,144
17943.28411409641,23.097433337250422,0.0,0.0,17966.38154743366,145
17596.529964004025,22.219926375426432,0.0,0.0,17618.74989037945,146
17252.129771203923,21.380186532278927,0.0,0.0,17273.5099577362,147
16910.3332618061,20.576318700770646,0.0,0.0,16930.909580506872,148
16571.3806919892,19.80665583881271,0.0,0.0,16591.187347828014,149
16235.502848000531,19.06975896926466,0.0,0.0,16254.572606969796,150
15902.921046156054,18.364417179934428,0.0,0.0,15921.28546333599,151
15573.84713284038,17.689647623578313,0.0,0.0,15591.536780463957,152
15248.483484506774,17.044695517901054,0.0,0.0,15265.528180024676,153
14927.023007677157,16.42903414555576,0.0,0.0,14943.452041822713,154
14609.649138942106,15.842364854143941,0.0,0.0,14625.491503796251,155
14296.535844960845,15.284617056215524,0.0,0.0,14311.82046201706,156
13987.850495515184,14.754371871278611,0.0,0.0,14002.604867386463,157
13683.719196317677,14.24774889000971,0.0,0.0,13697.966945207687,158
13384.225061600842,13.763319265907644,0.0,0.0,13397.98838086675,159
13089.443655561012,13.299804103488801,0.0,0.0,13102.7434596645,160
12799.443624165866,12.855985630780316,0.0,0.0,12812.299609796646,161
12514.286695154444,12.430707199320059,0.0,0.0,12526.717402353765,162
12234.027678037135,12.022873284156653,0.0,0.0,12246.050551321292,163
11958.714464095683,11.631449483849453,0.0,0.0,11970.345913579533,164
11688.38802638319,11.255462520468567,0.0,0.0,11699.643488903659,165
11423.082419724109,10.894000239594842,0.0,0.0,11433.976419963705,166
11162.824780714243,10.546211610319869,0.0,0.0,11173.370992324562,167
10907.635327720755,10.211306725245976,0.0,0.0,10917.846634446001,168
10657.527360882157,9.888556800486246,0.0,0.0,10667.415917682643,169
10412.507262108322,9.577294175664493,0.0,0.0,10422.084556283986,170
10172.57449508047,9.276912313915279,0.0,0.0,10181.851407394384,171
9937.721605251176,8.986865801883916,0.0,0.0,9946.70847105306,172
9707.934219844374,8.706670349726444,0.0,0.0,9716.6408901941,173
9483.191047855347,8.43590279110966,0.0,0.0,9491.626950646458,174
9263.46388005073,8.174201083211099,0.0,0.0,9271.63808113394,175
9048.717588968517,7.921264306719032,0.0,0.0,9056.638853275235,176
8838.910128918054,7.676852665832488,0.0,0.0,8846.586981583887,177
8633.992535980044,7.4407874882612255,0.0,0.0,8641.433323468305,178
8433.908928006538,7.212951225225752,0.0,0.0,8441.121879231763,179
8238.596504620946,6.993287451457318,0.0,0.0,8245.589792072404,180
8047.985547218027,6.781800865197916,0.0,0.0,8054.7673480832245,181
7861.999418963896,6.578557288200281,0.0,0.0,7868.577976252096,182
7680.554564796028,6.383683665727894,0.0,0.0,7686.938248461756,183
7503.560511423243,6.197368066554976,0.0,0.0,7509.757879489798,184
7330.91986732572,6.0198596829664925,0.0,0.0,7336.9397270086865,185
7162.530058044606,5.8514312478003925,0.0,0.0,7168.3814892924065,186
6998.390192897858,5.689999167503209,0.0,0.0,7004.080192065361,187
6838.4614325013,5.534065338857654,0.0,0.0,6843.995497840157,188
6682.644449771065,5.383440727557651,0.0,0.0,6688.0278904986235,189
6530.841751679892,5.237940661086475,0.0,0.0,6536.079692340978,190
6382.957679257122,5.097384828716759,0.0,0.0,6388.055064085839,191
6238.898407588708,4.961597281510485,0.0,0.0,6243.860004870219,192
6098.571945817206,4.83040643231899,0.0,0.0,6103.402352249525,193
5961.8881371417765,4.703645055782967,0.0,0.0,5966.591782197559,194
5828.758658818192,4.58115028833246,0.0,0.0,5833.339809106525,195
5699.097022158824,4.462763628186868,0.0,0.0,5703.559785787011,196
5572.818572532657,4.348330935354942,0.0,0.0,5577.166903468012,197
5449.840489365277,4.237702431634789,0.0,0.0,5454.078191796912,198
5330.081786138877,4.130732700613867,0.0,0.0,5334.212518839491,199
5213.46331039226,4.027280687668993,0.0,0.0,5217.490591079929,200
5099.907743720829,3.9272096999663297,0.0,0.0,5103.8349534207955,201
4989.3396017766,3.830387406461399,0.0,0.0,4993.169989183061,202
4881.685234268189,3.736685837899076,0.0,0.0,4885.421920106088,203
4776.872824960821,3.6459813868135877,0.0,0.0,4780.518806347634,204
4674.832391676329,3.558154807528516,0.0,0.0,4678.390546483858,205
4575.49578629315,3.4730912161567957,0.0,0.0,4578.968877509306,206
4478.796694746328,3.390680090600717,0.0,0.0,4482.187374836929,207
4384.6706370275115,3.3108152705519203,0.0,0.0,4387.981452298063,208
4293.0549671849585,3.233394957491403,0.0,0.0,4296.28836214245,209
4203.888873323529,3.1583217146895146,0.0,0.0,4207.047195038219,210
4117.113377604694,3.08550246720596,0.0,0.0,4120.198880071899,211
4032.671336246527,3.0148485018897944,0.0,0.0,4035.686184748417,212
3950.5074395237098,2.94627546737943,0.0,0.0,3953.4537149910893,213
3870.5682117675296,2.8797033741026303,0.0,0.0,3873.447915141632,214
3792.8020113658795,2.815056594276513,0.0,0.0,3795.617067960156,215
3717.1590307632587,2.752263861907552,0.0,0.0,3719.911294625166,216
3643.591296460776,2.6912582727915724,0.0,0.0,3646.2825547335674,217
3572.05266901614,2.6319772845137517,0.0,0.0,3574.6846463006536,218
3502.498843043672,2.5743627164486242,0.0,0.0,3505.073205760121,219
3434.8759759916215,2.5183580618281933,0.0,0.0,3437.3943340534497,220
3369.0785113543534,2.463901434245618,0.0,0.0,3371.542412788599,221
3305.0456123792283,2.4109478496520125,0.0,0.0,3307.4565602288803,222
3242.725775563219,2.359455346696215,0.0,0.0,3245.085230909915,223
3182.068686816353,2.3093827312372617,0.0,0.0,3184.3780695475903,224
3123.0252214617117,2.2606895763443884,0.0,0.0,3125.285911038056,225
3065.5474442354316,2.21333622229703,0.0,0.0,3067.7607804577287,226
3009.588609286704,2.1672837765848216,0.0,0.0,3011.755893063289,227
2955.1031601777736,2.122494113907597,0.0,0.0,2957.225654291681,228
2902.0467298839403,2.078929876175388,0.0,0.0,2904.125659760116,229
2850.3761407935585,2.0365544725084286,0.0,0.0,2852.4126952660667,230
2800.0494047080365,1.9953320792371492,0.0,0.0,2802.0447367872735,231
2751.0257228418377,1.9552276399021817,0.0,0.0,2752.98095048174,232
2703.2654858224796,1.9162068652543565,0.0,0.0,2705.181692687734,233
2656.730273690534,1.8782362332547025,0.0,0.0,2658.6085099237885,234
2611.3828558996274,1.8412829890744484,0.0,0.0,2613.224138888702,235
2567.1871913164414,1.8053151450950233,0.0,0.0,2568.9925064615363,236
2524.1084282207107,1.7703014809080542,0.0,0.0,2525.878729701619,237
2482.112904305226,1.7362115433153682,0.0,0.0,2483.8491158485413,238
2441.1681466758305,1.703015646328991,0.0,0.0,2442.8711623221593,239
2401.242871851424,1.6706848711711484,0.0,0.0,2402.913556722595,240
2362.3069857639593,1.6391910662742646,0.0,0.0,2363.9461768302335,241
2324.331583758444,1.6085068472809638,0.0,0.0,2325.940090605725,242
2287.2889505929406,1.5786055970440702,0.0,0.0,2288.8675561899845,243
2251.152560438566,1.5494614656266052,0.0,0.0,2252.702021904193,244
2215.8970768794916,1.521049370301791,0.0,0.0,2217.418126249793,245
2181.4983529129418,1.4933449955530498,0.0,0.0,2182.9916979084946,246
2147.933430949197,1.4663247930740009,0.0,0.0,2149.399755742271,247
2115.180542811592,1.439965981768465,0.0,0.0,2116.620508793361,248
2083.2191097365167,1.4142465477504604,0.0,0.0,2084.633356284267,249
2052.0297423734132,1.3891452443442063,0.0,0.0,2053.4188876177573,250
2021.5942407847797,1.3646415920841202,0.0,0.0,2022.9588823768638,251
1991.8955944461688,1.3407158787148188,0.0,0.0,1993.2363103248836,252
1962.9179822461872,1.3173491591911188,0.0,0.0,1964.2353314053782,253
1934.6467724864963,1.2945232556780364,0.0,0.0,1935.9412957421744,254
1907.068522881812,1.2722207575507858,0.0,0.0,1908.3407436393627,255
1880.1709805599044,1.2504250213947812,0.0,0.0,1881.421405581299,256
1853.9430820615978,1.2291201710056365,0.0,0.0,1855.1722022326035,257
1828.3749533407718,1.2082910973891645,0.0,0.0,1829.5832444381608,258
1803.45790976436,1.1879234587613778,0.0,0.0,1804.6458332231214,259
1779.1844561123503,1.1680036805484868,0.0,0.0,1780.3524597928988,260
1755.5482865777847,1.148518955386903,0.0,0.0,1756.6968055331715,261
1732.5442340586742,1.129457242612723,0.0,0.0,1733.673691301287,262
1710.1190728002096,1.1108071309247878,0.0,0.0,1711.2298799311343,263
1688.2197381065344,1.0925590840247779,0.0,0.0,1689.312297190559,264
1666.833607617274,1.0747044491962174,0.0,0.0,1667.9083120664702,265
1645.9482784520849,1.057234689630195,0.0,0.0,1647.005513141715,266
1625.5515672106544,1.0401413844253644,0.0,0.0,1626.5917085950798,267
1605.6315099727015,1.0234162285879442,0.0,0.0,1606.6549262012893,268
1586.1763622979765,1.0070510330317177,0.0,0.0,1587.1834133310083,269
1567.1745992262606,0.9910377245780332,0.0,0.0,1568.1656369508387,270
1548.614915277367,0.9753683459558037,0.0,0.0,1549.5902836233226,271
1530.4862244511392,0.960035055801507,0.0,0.0,1531.4462595069406,272
1512.777660227453,0.9450301286591859,0.0,0.0,1513.7226903561123,273
1495.4785755662147,0.9303459549804479,0.0,0.0,1496.408921521195,274
1478.5785429073621,0.9159750411244655,0.0,0.0,1479.4945179484866,275
1462.067354170865,0.9019100093579755,0.0,0.0,1462.969264180223,276
1445.9350207567231,0.8881435978552804,0.0,0.0,1446.8231643545785,277
1430.1717735449688,0.8746686606982469,0.0,0.0,1431.046442205667,278
1414.7680628956646,0.8614781678763067,0.0,0.0,1415.629541063541,279
1399.714558648905,0.8485652052864563,0.0,0.0,1400.5631238541914,280
1385.0021501248157,0.8359229747332572,0.0,0.0,1385.8380730995489,281
1370.6219461235535,0.8235447939288354,0.0,0.0,1371.4454909174824,282
1356.5652749253065,0.811424096492882,0.0,0.0,1357.3766990217994,283
1342.8236842902945,0.7995544319526532,0.0,0.0,1343.6232387222472,284
1329.3889414587677,0.7879294657429692,0.0,0.0,1330.1768709245107,285
1316.2530331510084,0.776542979206216,0.0,0.0,1317.0295761302145,286
1303.4081655673301,0.7653888695923436,0.0,0.0,1304.1735544369224,287
1290.8467643880772,0.7544611500588675,0.0,0.0,1291.601225538136,288
1278.5614747736252,0.7437539496708676,0.0,0.0,1279.305228723296,289
1266.5451613643818,0.7332615134009889,0.0,0.0,1267.2784228777828,290
1254.7909082807853,0.722978202129441,0.0,0.0,1255.5138864829148,291
1243.2920191233054,0.7128984926439983,0.0,0.0,1244.0049176159494,292
1232.042016972443,0.7030169776400006,0.0,0.0,1232.7450339500829,293
1221.0346443887306,0.693328365720352,0.0,0.0,1221.727972754451,294
1210.2638634127316,0.683827481395521,0.0,0.0,1210.9476908941272,295
1199.7238555650408,0.6745092650835423,0.0,0.0,1200.3983648301244,296
1189.4090218462848,0.665368773110014,0.0,0.0,1190.0743906193948,297
1179.31398273712,0.6564011777081,0.0,0.0,1179.9703839148283,298
1169.4335781982368,0.6476017670185286,0.0,0.0,1170.0811799652554,299
1159.7628676703534,0.6389659450895928,0.0,0.0,1160.4018336154431,300
1150.2971300742224,0.6304892318771509,0.0,0.0,1150.9276193060996,301
1141.0318638106257,0.6221672632446259,0.0,0.0,1141.6540310738703,302
1131.9627867603774,0.6139957909630054,0.0,0.0,1132.5767825513403,303
1123.0858362843223,0.6059706827108418,0.0,0.0,1123.6918069670332,304
1114.3971692233376,0.5980879220742525,0.0,0.0,1114.9952571454119,305
1105.8931618983302,0.5903436085469201,0.0,0.0,1106.483505506877,306
1097.5704101102392,0.5827339575300912,0.0,0.0,1098.1531440677693,307
1089.4257291400352,0.5752553003325781,0.0,0.0,1090.0009844403678,308
1081.4561537487198,0.567904084170757,0.0,0.0,1082.0240578328905,309
1073.6589381773251,0.5606768721685699,0.0,0.0,1074.2196150494938,310
1066.0315561469165,0.5535703433575232,0.0,0.0,1066.585126490274,311
1058.5717008585882,0.5465812926766876,0.0,0.0,1059.1182821512648,312
1051.2772849934674,0.5397066309726999,0.0,0.0,1051.81699162444,313
1044.1464407127123,0.5329433849997608,0.0,0.0,1044.679384097712,314
1037.1775196575118,0.5262886974196356,0.0,0.0,1037.7038083549314,315
1030.3690929490867,0.5197398268016552,0.0,0.0,1030.8888327758884,316
1023.7175932105424,0.5132945455912041,0.0,0.0,1024.2308877561336,317
1017.2069360297535,0.5069531029463277,0.0,0.0,1017.7138891326998,318
1010.8324470855299,0.5007142392459611,0.0,0.0,1011.3331613247759,319
1004.5919302965787,0.4945763228887311,0.0,0.0,1005.0865066194674,320
998.4832141958512,0.48853773708306875,0.0,0.0,998.9717519329344,321
992.5041519305427,0.4825968798472098,0.0,0.0,992.9867488103898,322
986.6526212620922,0.47675216400919435,0.0,0.0,987.1293734261014,323
980.9265245661834,0.4710020172068674,0.0,0.0,981.3975265833902,324
975.3237888327435,0.46534488188787826,0.0,0.0,975.7891337146314,325
969.8423656659438,0.4597792153096809,0.0,0.0,970.3021448812535,326
964.4802312841999,0.4543034895395339,0.0,0.0,964.9345347737394,327
959.2353865201712,0.4489161914545003,0.0,0.0,959.6843027116257,328
954.1058568207613,0.4436158227414478,0.0,0.0,954.5494726435028,329
949.0896922471177,0.4384008998970486,0.0,0.0,949.5280931470147,330
944.184967474632,0.43326995422777953,0.0,0.0,944.6182374288597,331
939.3897817929399,0.4282215318499219,0.0,0.0,939.8180033247897,332
934.7022591059208,0.42325419368956174,0.0,0.0,935.1255132996104,333
930.1205479316988,0.4183665154825894,0.0,0.0,930.5389144471814,334
925.6428214026414,0.41355708777470007,0.0,0.0,926.0563784904161,335
921.2672772653606,0.40882451592139335,0.0,0.0,921.676101781282,336
916.992137880712,0.4041674200879734,0.0,0.0,917.3963053008,337
912.8156502237956,0.399584435249549,0.0,0.0,913.2152346590451,338
908.7360858839553,0.3950742111910336,0.0,0.0,909.1311600951464,339
904.751741064779,0.39063541250714484,0.0,0.0,905.1423764772861,340
900.8609365840989,0.38626671860240547,0.0,0.0,901.2472033027013,341
897.0620178739907,0.3819668236911423,0.0,0.0,897.4439846976819,342
893.3533549807747,0.3777344367974871,0.0,0.0,893.7310894175722,343
889.7333425650149,0.37356828175537593,0.0,0.0,890.1069108467703,344
886.2003999015195,0.3694670972085495,0.0,0.0,886.5698669987281,345
882.7529708793406,0.36542963661055317,0.0,0.0,883.1184005159512,346
879.3895240017746,0.3614546682247368,0.0,0.0,879.7509786699993,347
876.1085523863617,0.35754097512425487,0.0,0.0,876.466093361486,348
872.908573764886,0.3536873551920663,0.0,0.0,873.262261120078,349
869.7881304833761,0.3498926211209347,0.0,0.0,870.138023104497,350
866.7457895021042,0.34615560041342824,0.0,0.0,867.0919451025177,351
863.7801423955868,0.34247513538191954,0.0,0.0,864.1226175309688,352
860.8898053525845,0.3388500831485859,0.0,0.0,861.2286554357331,353
858.0734191761015,0.3352793156454092,0.0,0.0,858.4086984917469,354
855.3296492833865,0.3317617196141757,0.0,0.0,855.6614110030007,355
852.6571857059321,0.3282961966064766,0.0,0.0,852.9854819025386,356
850.0547430894749,0.3248816629837072,0.0,0.0,850.3796247524585,357
847.5210606939954,0.32151704991706775,0.0,0.0,847.8425777439124,358
845.0549023937185,0.3182013033875629,0.0,0.0,845.3731036971061,359
842.6550566771128,0.3149333841860018,0.0,0.0,842.9699900612989,360
840.3203366468912,0.3117122679129984,0.0,0.0,840.6320489148042,361
838.0495800200104,0.308536944978971,0.0,0.0,838.3581169649893,362
835.8416491276712,0.30540642060414247,0.0,0.0,836.1470555482754,363
833.6954309153186,0.30231971481854036,0.0,0.0,833.9977506301371,364
831.6098369426416,0.2992758624619968,0.0,0.0,831.9091128051035,365
829.583803383573,0.2962739131841483,0.0,0.0,829.8800772967571,366
827.6162910262898,0.29331293144443615,0.0,0.0,827.9096039577342,367
825.7062852732131,0.2903919965121062,0.0,0.0,825.9966772697252,368
823.8527961410081,0.2875102024662087,0.0,0.0,824.1403063434743,369
822.0548582605837,0.28466665819559855,0.0,0.0,822.3395249187794,370
820.3115308770932,0.28186048739893516,0.0,0.0,820.5933913644922,371
818.6218978499338,0.2790908285846827,0.0,0.0,818.9009886785185,372
816.9850676527467,0.27635683507110964,0.0,0.0,817.2614244878177,373
815.4001733734171,0.27365767498628935,0.0,0.0,815.6738310484035,374
813.8663727140746,0.27099253126809936,0.0,0.0,814.1373652453427,375
812.3828479910923,0.2683606016642221,0.0,0.0,812.6512085927565,376
810.9488061350875,0.26576109873214443,0.0,0.0,811.2145672338196,377
809.5634786909219,0.2631932498391577,0.0,0.0,809.826671940761,378
808.2261218177009,0.260656297162358,0.0,0.0,808.4867781148632,379
806.9360162887739,0.258149497688646,0.0,0.0,807.1941657864626,380
805.6924674917345,0.2556721232147266,0.0,0.0,805.9481396149492,381
804.4948054284205,0.25322346034710963,0.0,0.0,804.7480288887676,382
803.3423847149132,0.2508028105021094,0.0,0.0,803.5931875254154,383
802.2345845815385,0.24840948990584477,0.0,0.0,802.4829940714443,384
801.1708088728659,0.24604282959423912,0.0,0.0,801.4168517024601,385
800.1504860477094,0.2437021754130203,0.0,0.0,800.3941882231223,386
799.1730347287512,0.24138699894288404,0.0,0.0,799.414421727694,387
798.2374596975673,0.239098501894719,0.0,0.0,798.476558199462,388
797.3432844811811,0.2368369548525593,0.0,0.0,797.5801214360337,389
796.4902391530085,0.23460205901761147,0.0,0.0,796.724841212026,390
795.6780546886108,0.23239351715417197,0.0,0.0,795.910448205765,391
794.9064629656943,0.2302110335896272,0.0,0.0,795.136673999284,392
794.1751967641102,0.22805431421445327,0.0,0.0,794.4032510783246,393
793.4839897658544,0.2259230664822163,0.0,0.0,793.7099128323366,394
792.8325765550685,0.22381699940957225,0.0,0.0,793.0563935544781,395
792.2206926180385,0.22173582357626698,0.0,0.0,792.4424284416148,396
791.6480743431956,0.21967925112513617,0.0,0.0,791.8677535943208,397
791.1144590211163,0.21764699576210542,0.0,0.0,791.3321060168785,398
790.6195848445217,0.2156387727561902,0.0,0.0,790.8352236172778,399
790.163190908278,0.2136542989394959,0.0,0.0,790.3768452072175,400
789.7450172093968,0.21169329270721765,0.0,0.0,789.956710502104,401
789.3648046470341,0.20975547401764064,0.0,0.0,789.5745601210518,402
789.0222950224916,0.2078405643921398,0.0,0.0,789.2301355868836,403
788.7172310392151,0.20594828691518,0.0,0.0,788.9231793261303,404
788.4493563027964,0.20407836623431597,0.0,0.0,788.6534346690307,405
788.2184153209718,0.20223052856019233,0.0,0.0,788.420645849532,406
788.0241535036225,0.20040450166654356,0.0,0.0,788.224558005289,407
787.8663171627751,0.19860001489019402,0.0,0.0,788.0649171776653,408
787.7446535126008,0.19681679913105796,0.0,0.0,787.9414703117319,409
787.6589106694163,0.1950545868521395,0.0,0.0,787.8539652562685,410
787.6088376516827,0.1933131120795326,0.0,0.0,787.8021507637623,411
787.5941843800067,0.19159211040242125,0.0,0.0,787.7857764904091,412
787.6147016771397,0.18989131897307907,0.0,0.0,787.8045929961128,413
787.6701412679781,0.18821047650686973,0.0,0.0,787.858351744485,414
787.7602557795635,0.18654932328224677,0.0,0.0,787.9468051028458,415
787.8847987410824,0.18490760114075355,0.0,0.0,788.0697063422231,416
788.0435245838662,0.18328505348702331,0.0,0.0,788.2268096373532,417
788.2361886413915,0.18168142528877923,0.0,0.0,788.4178700666803,418
788.4625471492799,0.18009646307683433,0.0,0.0,788.6426436123567,419
788.7223572452978,0.17852991494509143,0.0,0.0,788.9008871602429,420
789.0153769693569,0.1769815305505434,0.0,0.0,789.1923584999074,421
789.3413652635138,0.1754510611132728,0.0,0.0,789.516816324627,422
789.70008197197,0.17393825941645222,0.0,0.0,789.8740202313865,423
790.0912878410722,0.17244287980634404,0.0,0.0,790.2637307208786,424
790.514744519312,0.17096467819230052,0.0,0.0,790.6857091975043,425
790.970214557326,0.16950341204676383,0.0,0.0,791.1397179693728,426
791.4574614078958,0.16805884040526603,0.0,0.0,791.6255202483011,427
791.9762494259483,0.16663072386642896,0.0,0.0,792.1428801498147,428
792.5263438685549,0.16521882459196452,0.0,0.0,792.6915626931469,429
793.1075108949325,0.1638229063066743,0.0,0.0,793.2713338012392,430
793.7195175664426,0.16244273429844983,0.0,0.0,793.8819603007411,431
794.3621318465922,0.1610780754182726,0.0,0.0,794.5232099220104,432
795.0351226010328,0.15972869808021384,0.0,0.0,795.194851299113,433
795.7382595975612,0.15839437226143477,0.0,0.0,795.8966539698226,434
796.4713135061191,0.1570748695021864,0.0,0.0,796.6283883756213,435
797.2340558987934,0.15576996290580974,0.0,0.0,797.3898258616991,436
798.0262592498159,0.15447942713873555,0.0,0.0,798.1807386769547,437
798.8476969355632,0.1532030384304845,0.0,0.0,799.0008999739937,438
799.6981432345574,0.1519405745736671,0.0,0.0,799.8500838091311,439
800.5773733274651,0.15069181492398395,0.0,0.0,800.7280651423891,440
801.4851632970982,0.14945654040022524,0.0,0.0,801.6346198374985,441
802.4212901284136,0.14823453348427118,0.0,0.0,802.5695246618978,442
803.3855317085132,0.1470255782210919,0.0,0.0,803.5325572867343,443
804.3776668266438,0.14582946021874726,0.0,0.0,804.5234962868625,444
805.3974751741972,0.14464596664838716,0.0,0.0,805.5421211408456,445
806.4447373447106,0.14347488624425128,0.0,0.0,806.5882122309548,446
807.5192348338655,0.14231600930366922,0.0,0.0,807.6615508431692,447
808.6207500394893,0.14116912768706041,0.0,0.0,808.7619191671763,448
809.7490662615536,0.1400340348179342,0.0,0.0,809.8891002963716,449
810.9039677021756,0.1389105256828898,0.0,0.0,811.0428782278585,450
812.0852394656171,0.13779839683161627,0.0,0.0,812.2230378624487,451
813.2926675582852,0.13669744637689263,0.0,0.0,813.429365004662,452
814.5260388887317,0.13560747399458775,0.0,0.0,814.6616463627263,453
815.7851412676539,0.13452828092366026,0.0,0.0,815.9196695485775,454
817.0697634078938,0.13345966996615882,0.0,0.0,817.20322307786,455
818.3796949244381,0.13240144548722188,0.0,0.0,818.5120963699253,456
819.7147263344193,0.13135341341507784,0.0,0.0,819.8460797478344,457
821.0746490571142,0.13031538124104483,0.0,0.0,821.2049644383553,458
822.459255413945,0.1292871580195311,0.0,0.0,822.5885425719646,459
823.8683386284787,0.12826855436803455,0.0,0.0,823.9966071828467,460
825.3016928264276,0.12725938246714308,0.0,0.0,825.4289522088948,461
826.7591130356485,0.1262594560605344,0.0,0.0,826.8853724917091,462
828.2403951861438,0.12526859045497613,0.0,0.0,828.3656637765988,463
829.7453361100606,0.1242866025203258,0.0,0.0,829.869622712581,464
831.2737335416911,0.12331331068953076,0.0,0.0,831.3970468523806,465
832.8253861174722,0.12234853495862824,0.0,0.0,832.9477346524309,466
834.4000933759866,0.12139209688674539,0.0,0.0,834.5214854728733,467
835.9976557579611,0.12044381959609923,0.0,0.0,836.1180995775571,468
837.617874606268,0.11950352777199666,0.0,0.0,837.7373781340399,469
839.2605521659245,0.11857104766283438,0.0,0.0,839.3791232135874,470
840.925491584093,0.11764620708009908,0.0,0.0,841.0431377911731,471
842.6124969100807,0.1167288353983672,0.0,0.0,842.7292257454791,472
844.3213730953398,0.11581876355530524,0.0,0.0,844.4371918588952,473
846.0519259934676,0.11491582405166942,0.0,0.0,846.1668418175193,474
847.8039623602066,0.11401985095130582,0.0,0.0,847.9179822111579,475
849.5772898534439,0.11313067988115061,0.0,0.0,849.690420533325,476
851.3718588710061,0.11224825654410861,0.0,0.0,851.4841071275503,477
853.1888085358155,0.11137341224348024,0.0,0.0,853.3001819480589,478
855.0284547906282,0.11050630363903724,0.0,0.0,855.1389610942672,479
856.8908310605397,0.10964686745820072,0.0,0.0,857.0004779279978,480
858.7759703710457,0.10879504065869292,0.0,0.0,858.8847654117044,481
860.6839053480415,0.10795076042853721,0.0,0.0,860.7918561084701,482
862.614668217823,0.10711396418605808,0.0,0.0,862.7217821820091,483
864.5682908070854,0.10628458957988113,0.0,0.0,864.6745753966653,484
866.5448045429243,0.1054625744889331,0.0,0.0,866.6502671174133,485
868.544240452835,0.10464785702244189,0.0,0.0,868.6488883098574,486
870.5666291647129,0.10384037551993645,0.0,0.0,870.6704695402328,487
872.6120009068534,0.10304006855124692,0.0,0.0,872.7150409754046,488
874.6803855079517,0.10224687491650453,0.0,0.0,874.7826323828682,489
876.7718123971031,0.10146073364614162,0.0,0.0,876.8732731307492,490
878.8863106038028,0.10068158400089172,0.0,0.0,878.9869921878037,491
881.0239087579462,0.09990936547178944,0.0,0.0,881.123818123418,492
883.1846350898282,0.09914401778017048,0.0,0.0,883.2837791076084,493
885.368517430144,0.09838548087767177,0.0,0.0,885.4669029110217,494
887.5755832099888,0.09763369494623123,0.0,0.0,887.6732169049351,495
889.8058594608576,0.09688860039808801,0.0,0.0,889.9027480612557,496
892.0593728146453,0.09615013787578235,0.0,0.0,892.1555229525211,497
894.336149503647,0.09541824825215561,0.0,0.0,894.4315677518991,498
896.6362153605577,0.09469287263035028,0.0,0.0,896.7309082331881,499
898.959595818472,0.09397395234380995,0.0,0.0,899.0535697708159,500
901.3063159108852,0.09326142895627941,0.0,0.0,901.3995773398415,501
903.6764002716919,0.09255524426180449,0.0,0.0,903.7689555159537,502
906.069873135187,0.09185534028473218,0.0,0.0,906.1617284754717,503
908.4867583360652,0.0911616592797106,0.0,0.0,908.5779199953449,504
910.9270793094212,0.090474143731689,0.0,0.0,911.0175534531529,505
913.3908590907498,0.08979273635591771,0.0,0.0,913.4806518271057,506
915.8781203159456,0.08911738009794826,0.0,0.0,915.9672376960435,507
918.3888852213032,0.08844801813363323,0.0,0.0,918.4773332394368,508
920.9231756435173,0.08778459386912638,0.0,0.0,921.0109602373865,509
923.4810130196823,0.08712705094088255,0.0,0.0,923.5681400706233,510
926.0624183872928,0.08647533321565776,0.0,0.0,926.1488937205085,511
928.6674123842434,0.08582938479050911,0.0,0.0,928.7532417690339,512
931.2960152488284,0.08518914999279484,0.0,0.0,931.3812043988212,513
933.9482468197423,0.08455457338017432,0.0,0.0,934.0328013931224,514
936.6241265360794,0.08392559974060801,0.0,0.0,936.70805213582,515
939.323673437334,0.08330217409235756,0.0,0.0,939.4069756114264,516
942.0469061634005,0.0826842416839857,0.0,0.0,942.1295904050845,517
944.7938429545733,0.08207174799435625,0.0,0.0,944.8759147025677,518
947.5645016515464,0.08146463873263426,0.0,0.0,947.645966290279,519
950.358899695414,0.08086285983828581,0.0,0.0,950.4397625552523,520
953.1770541276705,0.08026635748107816,0.0,0.0,953.2573204851516,521
956.0189815902099,0.07967507806107964,0.0,0.0,956.098656668271,522
958.8846983253262,0.07908896820865977,0.0,0.0,958.9637872935349,523
961.7742201757136,0.07850797478448915,0.0,0.0,961.8527281504981,524
964.687562584466,0.0779320448795395,0.0,0.0,964.7654946293455,525
967.6247405950775,0.07736112581508373,0.0,0.0,967.7021017208925,526
970.585768851442,0.07679516514269577,0.0,0.0,970.6625640165847,527
973.5706615978534,0.07623411064425077,0.0,0.0,973.6468957084976,528
976.5794326790055,0.07567791033192497,0.0,0.0,976.6551105893375,529
979.6120955399924,0.07512651244819574,0.0,0.0,979.6872220524406,530
982.6686632263078,0.07457986546584151,0.0,0.0,982.7432430917736,531
985.7491483838453,0.07403791808794197,0.0,0.0,985.8231863019332,532
988.8535632588988,0.0735006192478778,0.0,0.0,988.9270638781467,533
991.9819196981621,0.0729679181093309,0.0,0.0,992.0548876162715,534
995.1342291487285,0.07243976406628422,0.0,0.0,995.2066689127948,535
998.3105026580921,0.07191610674302193,0.0,0.0,998.3824187648352,536
1001.5107508741462,0.0713968959941292,0.0,0.0,1001.5821477701403,537
1004.7349840451844,0.07088208190449244,0.0,0.0,1004.805866127089,538
1007.9832120199003,0.07037161478929913,0.0,0.0,1008.0535836346896,539
1011.2554442473873,0.06986544519403787,0.0,0.0,1011.3253096925814,540
1014.5516897771389,0.0693635238944984,0.0,0.0,1014.6210533010334,541
1017.8719572590486,0.06886580189677158,0.0,0.0,1017.9408230609454,542
1021.2162549434097,0.06837223043724941,0.0,0.0,1021.284627173847,543
1024.5845906809154,0.06788276098262497,0.0,0.0,1024.652473441898,544
1027.9769719226592,0.06739734522989257,0.0,0.0,1028.0443692678891,545
1031.3934057201345,0.0669159351063475,0.0,0.0,1031.460321655241,546
1034.8338987252343,0.06643848276958625,0.0,0.0,1034.900337208004,547
1038.298457190252,0.06596494060750649,0.0,0.0,1038.3644221308596,548
1041.7870869678807,0.0654952612383069,0.0,0.0,1041.852582229119,549
1045.2997935112132,0.06502939751048736,0.0,0.0,1045.3648229087237,550
1048.8365818737432,0.06456730250284888,0.0,0.0,1048.901149176246,551
1052.3974567093633,0.06410892952449354,0.0,0.0,1052.4615656388878,552
1055.9824222723666,0.06365423211482457,0.0,0.0,1056.0460765044816,553
1059.5914824174463,0.0632031640435464,0.0,0.0,1059.6546855814897,554
1063.2246405996952,0.06275567931066442,0.0,0.0,1063.2873962790059,555
1066.8818998746065,0.06231173214648531,0.0,0.0,1066.944211606753,556
1070.5632628980725,0.06187127701161679,0.0,0.0,1070.625134175084,557
1074.2687319263866,0.061434268596967705,0.0,0.0,1074.3301661949836,558
1077.9983088162414,0.06100066182374807,0.0,0.0,1078.0593094780652,559
1081.7519950247297,0.06057041184346897,0.0,0.0,1081.812565436573,560
1085.529791609344,0.06014347403794266,0.0,0.0,1085.589935083382,561
1089.3316992279777,0.059719804019282494,0.0,0.0,1089.391419031997,562
1093.1577181389227,0.05929935762990295,0.0,0.0,1093.2170174965527,563
1097.007848200872,0.05888209094251965,0.0,0.0,1097.0667302918146,564
1100.882088872918,0.058467960260149325,0.0,0.0,1100.9405568331783,565
1104.7804392145538,0.05805692211610987,0.0,0.0,1104.8384961366698,566
1108.7028978856713,0.05764893327402022,0.0,0.0,1108.7605468189454,567
1112.6494631465634,0.057243950727800495,0.0,0.0,1112.7067070972912,568
1116.6201328579223,0.056841931701671976,0.0,0.0,1116.676974789624,569
1120.6149044808406,0.056442833650156975,0.0,0.0,1120.6713473144907,570
1124.6337750768105,0.056046614258079,0.0,0.0,1124.6898216910686,571
1128.6767413077246,0.05565323144056266,0.0,0.0,1128.7323945391652,572
1132.7437994358752,0.05526264334303368,0.0,0.0,1132.7990620792182,573
1136.8349453239543,0.05487480834121893,0.0,0.0,1136.8898201322957,574
1140.9501744350546,0.05448968504114641,0.0,0.0,1141.0046641200956,575
1145.0894818326676,0.054107232279145205,0.0,0.0,1145.1435890649468,576
1149.2528621806864,0.05372740912184558,0.0,0.0,1149.3065895898083,577
1153.4403097434024,0.05335017486617886,0.0,0.0,1153.4936599182686,578
1157.6518183855078,0.05297548903937754,0.0,0.0,1157.7047938745472,579
1161.887381572095,0.052603311398975276,0.0,0.0,1161.939984883494,580
1166.146992368656,0.05223360193280674,0.0,0.0,1166.1992259705887,581
1170.4306434410823,0.05186632085900783,0.0,0.0,1170.4825097619414,582
1174.7383272254403,0.051501428678837384,0.0,0.0,1174.7898286541192,583
1179.0705878187234,0.0511390563138615,0.0,0.0,1179.1217268750372,584
1183.4279987966506,0.050779338041725894,0.0,0.0,1183.4787781346924,585
1187.810651766628,0.05042225680126615,0.0,0.0,1187.8610740234294,586
1192.218638312414,0.05006779557906771,0.0,0.0,1192.268706107993,587
1196.6520499941178,0.04971593740946584,0.0,0.0,1196.7017659315272,588
1201.1109783482011,0.04936666537454566,0.0,0.0,1201.1603450135756,589
1205.595514887478,0.04901996260414211,0.0,0.0,1205.6445348500822,590
1210.1057511011134,0.048675812275839975,0.0,0.0,1210.1544269133892,591
1214.6417784546245,0.04833419761497388,0.0,0.0,1214.6901126522396,592
1219.2036883898804,0.04799510189462828,0.0,0.0,1219.251683491775,593
1223.7915723251022,0.04765850843563747,0.0,0.0,1223.8392308335378,594
1228.405521654862,0.04732440060658558,0.0,0.0,1228.4528460554686,595
1233.045627750085,0.04699276182380659,0.0,0.0,1233.0926205119088,596
1237.711981958047,0.046663575551384305,0.0,0.0,1237.7586455335984,597
1242.4046756023768,0.04633682530115236,0.0,0.0,1242.4510124276778,598
1247.1237999830541,0.04601249463269424,0.0,0.0,1247.169812477687,599
1251.8694463764107,0.04569056715334326,0.0,0.0,1251.915136943564,600
1256.6417060351305,0.04537102651818259,0.0,0.0,1256.6870770616488,601
1261.440670188249,0.04505385643004521,0.0,0.0,1261.485724044679,602
1266.2664300411539,0.04473904063951395,0.0,0.0,1266.3111690817934,603
1271.1190767755838,0.044426562944921484,0.0,0.0,1271.1635033385287,604
1275.9987015496304,0.04411640719235031,0.0,0.0,1276.0428179568228,605
1280.9053954977362,0.04380855727563278,0.0,0.0,1280.949204055012,606
1285.839249730696,0.04350299713635106,0.0,0.0,1285.8827527278324,607
1290.8003553356568,0.043199710763837176,0.0,0.0,1290.8435550464208,608
1295.7888033761167,0.04289868219517297,0.0,0.0,1295.8317020583117,609
1300.804684891926,0.04259989551519014,0.0,0.0,1300.8472847874411,610
1305.8480908992867,0.042303334856470205,0.0,0.0,1305.8903942341433,611
1310.9191123907528,0.04200898439934454,0.0,0.0,1310.9611213751523,612
1316.0178403352304,0.041716828371894346,0.0,0.0,1316.0595571636022,613
1321.1443656779766,0.041426851049950655,0.0,0.0,1321.1857925290265,614
1326.2987793406012,0.04113903675709435,0.0,0.0,1326.3399183773583,615
1331.4811722210654,0.04085336986465613,0.0,0.0,1331.52202559093,616
1336.6916351936825,0.040569834791716566,0.0,0.0,1336.7322050284743,617
1341.9302591091173,0.040288416005106034,0.0,0.0,1341.9705475251224,618
1347.1971347943866,0.040009098019404755,0.0,0.0,1347.237143892406,619
1352.4923530528588,0.039731865396942796,0.0,0.0,1352.5320849182558,620
1357.816004664255,0.039456702747800054,0.0,0.0,1357.8554613670028,621
1363.168180384647,0.03918359472980627,0.0,0.0,1363.2073639793769,622
1368.5489709464591,0.03891252604854101,0.0,0.0,1368.5878834725077,623
1373.9584670584675,0.038643481457333685,0.0,0.0,1373.9971105399247,624
1379.3967594058,0.03837644575726355,0.0,0.0,1379.435135851557,625
1384.8639386499358,0.03811140379715969,0.0,0.0,1384.9020500537329,626
1390.360095428707,0.037848340473601014,0.0,0.0,1390.3979437691805,627
1395.8853203562965,0.03758724073091628,0.0,0.0,1395.9229075970275,628
1401.4397040232398,0.03732808956118411,0.0,0.0,1401.477032112801,629
1407.023336996424,0.03707087200423291,0.0,0.0,1407.0604078684282,630
1412.6363098190875,0.03681557314764096,0.0,0.0,1412.673125392235,631
1418.2787130108213,0.03656217812673637,0.0,0.0,1418.3152751889481,632
1423.950637067568,0.036310672124597085,0.0,0.0,1423.9869477396926,633
1429.652172461622,0.036061040372050886,0.0,0.0,1429.688233501994,634
1435.3834096416294,0.03581326814767539,0.0,0.0,1435.419222909777,635
1441.1444390325885,0.03556734077779806,0.0,0.0,1441.1800063733663,636
1446.9353510358487,0.03532324363649617,0.0,0.0,1446.9706742794851,637
1452.756236029112,0.035080962145596875,0.0,0.0,1452.7913169912576,638
1458.607184366432,0.03484048177467713,0.0,0.0,1458.6420248482066,639
1464.488286378214,0.03460178804106374,0.0,0.0,1464.5228881662551,640
1470.3996323712154,0.03436486650983335,0.0,0.0,1470.4339972377252,641
1476.3413126285452,0.03412970279381244,0.0,0.0,1476.375442331339,642
1482.3134174096642,0.03389628255357732,0.0,0.0,1482.3473136922178,643
1488.3160369503853,0.033664591497454155,0.0,0.0,1488.3497015418827,644
1494.349261462873,0.03343461538151893,0.0,0.0,1494.3826960782546,645
1500.413181135644,0.03320634000959747,0.0,0.0,1500.4463874756536,646
1506.5078861335662,0.032979751233265436,0.0,0.0,1506.5408658847996,647
1512.63346659786,0.03275483495184835,0.0,0.0,1512.6662214328119,648
1518.7900126460972,0.03253157711242152,0.0,0.0,1518.8225442232097,649
1524.9776143722013,0.03230996370981015,0.0,0.0,1525.0099243359111,650
1531.1963618464486,0.03208998078658925,0.0,0.0,1531.2284518272352,651
1537.446345115466,0.03187161443308366,0.0,0.0,1537.4782167298993,652
1543.7276542022328,0.03165485078736807,0.0,0.0,1543.7593090530202,653
1550.0403791060808,0.03143967603526701,0.0,0.0,1550.071818782116,654
1556.384609802692,0.031226076410354835,0.0,0.0,1556.4158358791024,655
1562.7604362441018,0.03101403819395576,0.0,0.0,1562.7914502822957,656
1569.167948358697,0.030803547715143802,0.0,0.0,1569.198751906412,657
1575.6072360512158,0.030594591350742845,0.0,0.0,1575.6378306425665,658
1582.0783892027482,0.030387155525326604,0.0,0.0,1582.1087763582736,659
1588.581497670737,0.030181226711218624,0.0,0.0,1588.6116788974482,660
1595.1166512889758,0.029976791428492286,0.0,0.0,1595.1466280804043,661
1601.6839398676107,0.029773836244970812,0.0,0.0,1601.7137137038555,662
1608.283453193139,0.029572347776227265,0.0,0.0,1608.313025540915,663
1614.9152810284106,0.029372312685584545,0.0,0.0,1614.9446533410962,664
1621.5795131126267,0.029173717684115377,0.0,0.0,1621.608686830311,665
1628.2762391613405,0.028976549530642343,0.0,0.0,1628.3052157108712,666
1635.005548866457,0.02878079503173784,0.0,0.0,1635.0343296614888,667
1641.7675318962329,0.028586441041724118,0.0,0.0,1641.7961183372745,668
1648.5622778952772,0.028393474462673266,0.0,0.0,1648.59067136974,669
1655.3898764845505,0.0282018822444072,0.0,0.0,1655.418078366795,670
1662.2504172613649,0.028011651384497672,0.0,0.0,1662.2784289127494,671
1669.1439897993846,0.02782276892826628,0.0,0.0,1669.1718125683128,672
1676.070683648626,0.027635221968784453,0.0,0.0,1676.0983188705948,673
1683.0305883354567,0.027448997646873464,0.0,0.0,1683.0580373331036,674
1690.0237933625963,0.02726408315110441,0.0,0.0,1690.0510574457473,675
1697.0503882091168,0.027080465717798242,0.0,0.0,1697.0774686748346,676
1704.1104623304414,0.026898132631025737,0.0,0.0,1704.1373604630724,677
1711.204105158345,0.026717071222607514,0.0,0.0,1711.2308222295678,678
1718.3314061009553,0.026537268872114023,0.0,0.0,1718.3579433698274,679
1725.4924545427511,0.026358713006865556,0.0,0.0,1725.518813255758,680
1732.6873398445625,0.026181391101932246,0.0,0.0,1732.7135212356645,681
1739.916151343573,0.02600529068013405,0.0,0.0,1739.942156634253,682
1747.1789783533163,0.025830399312040783,0.0,0.0,1747.2048087526284,683
1754.475910163679,0.02565670461597207,0.0,0.0,1754.501566868295,684
1761.8070360408992,0.025484194257997403,0.0,0.0,1761.8325202351573,685
1769.172445227567,0.02531285595193609,0.0,0.0,1769.197758083519,686
1776.572226942624,0.02514267745935728,0.0,0.0,1776.5973696200833,687
1784.0064703813637,0.024973646589579967,0.0,0.0,1784.0314440279533,688
1791.4752647154319,0.02480575119967297,0.0,0.0,1791.5000704666315,689
1798.9786990928255,0.024638979194454954,0.0,0.0,1799.00333807202,690
1806.516862637894,0.02447331852649442,0.0,0.0,1806.5413359564207,691
1814.0898444513382,0.02430875719610971,0.0,0.0,1814.1141532085344,692
1821.697733610211,0.024145283251368988,0.0,0.0,1821.7218788934622,693
1829.3406191679169,0.023982884788090277,0.0,0.0,1829.3646020527049,694
1837.0185901542127,0.023821549949841418,0.0,0.0,1837.0424117041625,695
1844.7317355752061,0.0236612669279401,0.0,0.0,1844.7553968421341,696
1852.480144413358,0.023502023961453844,0.0,0.0,1852.5036464373195,697
1860.2639056274797,0.023343809337200015,0.0,0.0,1860.2872494368169,698
1868.0831081527356,0.023186611389745804,0.0,0.0,1868.1062947641253,699
1875.9378409006413,0.023030418501408252,0.0,0.0,1875.9608713191426,700
1883.8281927590642,0.02287521910225422,0.0,0.0,1883.8510679781664,701
1891.7542525922236,0.022721001670100424,0.0,0.0,1891.7769735938937,702
1899.7161092406905,0.02256775473051342,0.0,0.0,1899.738676995421,703
1907.7138515213885,0.022415466856809573,0.0,0.0,1907.7362669882452,704
1915.7475688060808,0.02226412680165453,0.0,0.0,1915.7698329328825,705
1923.8176049249741,0.022113780862600643,0.0,0.0,1923.8397187058367,706
1931.9242785000754,0.021964468235858254,0.0,0.0,1931.9462429683113,707
1940.0677066777669,0.02181618203863746,0.0,0.0,1940.0895228598056,708
1948.2480063984974,0.021668915420190404,0.0,0.0,1948.2696753139176,709
1956.4652943967824,0.021522661561811266,0.0,0.0,1956.4868170583443,710
1964.7196872012037,0.021377413676836265,0.0,0.0,1964.7410646148805,711
1973.0113011344095,0.02123316501064367,0.0,0.0,1973.0325342994201,712
1981.3402523131147,0.02108990884065379,0.0,0.0,1981.3613422219553,713
1989.7066566481003,0.020947638476328967,0.0,0.0,1989.7276042865767,714
1998.1106298442144,0.020806347259173595,0.0,0.0,1998.1314361914735,715
2006.5522874003707,0.020666028562734102,0.0,0.0,2006.5729534289335,716
2015.03174460955,0.020526675792598967,0.0,0.0,2015.0522712853426,717
2023.5491165587994,0.020388282386398702,0.0,0.0,2023.5695048411858,718
2032.1045181292325,0.02025084181380586,0.0,0.0,2032.1247689710463,719
2040.698063996029,0.020114347576535047,0.0,0.0,2040.7181783436056,720
2049.3298686284356,0.0199787932083429,0.0,0.0,2049.349847421644,721
2058.000046289765,0.0198441722750281,0.0,0.0,2058.01989046204,722
2066.7087110373973,0.01971047837443137,0.0,0.0,2066.7284215157715,723
2075.4559767227775,0.01957770513643548,0.0,0.0,2075.4755544279137,724
2084.241956991418,0.019445846222965232,0.0,0.0,2084.261402837641,725
2093.0667652828984,0.019314895327987476,0.0,0.0,2093.0860801782264,726
2101.930514830863,0.019184846177511105,0.0,0.0,2101.949699677041,727
2110.8333186630243,0.019055692529587047,0.0,0.0,2110.852374355554,728
2119.77528960116,0.01892742817430828,0.0,0.0,2119.794217029334,729
2128.7565402611144,0.01880004693380982,0.0,0.0,2128.7753403080483,730
2137.777183052799,0.01867354266226872,0.0,0.0,2137.7958565954614,731
2146.8373301801917,0.018547909245904083,0.0,0.0,2146.8558780894377,732
2155.9370936413357,0.018423140602977048,0.0,0.0,2155.9555167819385,733
2165.0765852283425,0.018299230683790798,0.0,0.0,2165.094884459026,734
2174.2559165273883,0.01817617347069056,0.0,0.0,2174.274092700859,735
2183.475198918717,0.018053962978063595,0.0,0.0,2183.4932528816953,736
2192.734543576638,0.017932593252339216,0.0,0.0,2192.75247616989,737
2202.034061469528,0.017812058371988765,0.0,0.0,2202.0518735278997,738
2211.3738633598296,0.017692352447525643,0.0,0.0,2211.3915557122773,739
2220.7540598040523,0.017573469621505272,0.0,0.0,2220.7716332736736,740
2230.1747611527717,0.017455404068525138,0.0,0.0,2230.1922165568403,741
2239.6360775506296,0.01733814999522475,0.0,0.0,2239.653415700625,742
2249.1381189363356,0.017221701640285667,0.0,0.0,2249.1553406379758,743
2258.680995042664,0.01710605327443149,0.0,0.0,2258.6981010959385,744
2268.264815396457,0.01699119920042786,0.0,0.0,2268.281806595657,745
2277.889689318622,0.01687713375308246,0.0,0.0,2277.906566452375,746
2287.555725924134,0.016763851299245014,0.0,0.0,2287.5724897754335,747
2297.2630341220342,0.01665134623780729,0.0,0.0,2297.279685468272,748
2307.01172261543,0.016539612999703093,0.0,0.0,2307.0282622284294,749
2316.801899901494,0.01642864604790828,0.0,0.0,2316.818328547542,750
2326.6336742714684,0.016318439877440735,0.0,0.0,2326.649992711346,751
2336.5071538106586,0.0162089890153604,0.0,0.0,2336.523362799674,752
2346.422446398439,0.01610028802076924,0.0,0.0,2346.43854668646,753
2356.379659708249,0.01599233148481128,0.0,0.0,2356.395652039734,754
2366.3789012075945,0.015885114030672578,0.0,0.0,2366.3947863216254,755
2376.4202781580484,0.01577863031358123,0.0,0.0,2376.436056788362,756
2386.50389761525,0.015672875020807376,0.0,0.0,2386.519570490271,757
2396.629866428905,0.015567842871663209,0.0,0.0,2396.645434271777,758
2406.798291242785,0.015463528617502947,0.0,0.0,2406.8137547714027,759
2417.009278494729,0.01535992704172286,0.0,0.0,2417.0246384217708,760
2427.262934416642,0.015257032959761257,0.0,0.0,2427.2781914496018,761
2437.5593650344954,0.01515484121909849,0.0,0.0,2437.5745198757145,762
2447.8986761683273,0.015053346699256946,0.0,0.0,2447.9137295150267,763
2458.2809734322414,0.014952544311801066,0.0,0.0,2458.295925976553,764
2468.706362234409,0.01485242900033732,0.0,0.0,2468.7212146634092,765
2479.1749477770677,0.014752995740514228,0.0,0.0,2479.189700772808,766
2489.686835056521,0.01465423954002235,0.0,0.0,2489.701489296061,767
2500.2421288631394,0.014556155438594285,0.0,0.0,2500.256685018578,768
2510.8409337813596,0.014458738508004679,0.0,0.0,2510.8553925198676,769
2521.483354189684,0.01436198385207021,0.0,0.0,2521.4977161735364,770
2532.1694942606837,0.01426588660664961,0.0,0.0,2532.1837601472903,771
2542.899457960994,0.014170441939643645,0.0,0.0,2542.9136284029337,772
2553.673349051317,0.014075645050995124,0.0,0.0,2553.687424696368,773
2564.4912710864223,0.0139814911726889,0.0,0.0,2564.505252577595,774
2575.3533274151455,0.013887975568751862,0.0,0.0,2575.367215390714,775
2586.2596211803884,0.013795093535252947,0.0,0.0,2586.273416273924,776
2597.2102553191194,0.013702840400303135,0.0,0.0,2597.2239581595195,777
2608.2053325623738,0.013611211524055438,0.0,0.0,2608.218943773898,778
2619.2449554352525,0.013520202298704919,0.0,0.0,2619.2584756375513,779
2630.329226256923,0.01342980814848868,0.0,0.0,2630.3426560650714,780
2641.45824714062,0.013340024529685864,0.0,0.0,2641.4715871651497,781
2652.632119993645,0.013250846930617649,0.0,0.0,2652.6453708405757,782
2663.8509465173643,0.013162270871647275,0.0,0.0,2663.864108788236,783
2675.1148282072113,0.013074291905179999,0.0,0.0,2675.1279024991163,784
2686.423866352687,0.012986905615663139,0.0,0.0,2686.436853258303,785
2697.7781620373576,0.01290010761958604,0.0,0.0,2697.7910621449773,786
2709.177816138856,0.012813893565480102,0.0,0.0,2709.1906300324217,787
2720.622929328882,0.012728259133918753,0.0,0.0,2720.635657588016,788
2732.1136020732015,0.012643200037517477,0.0,0.0,2732.126245273239,789
2743.6499346316473,0.012558712020933789,0.0,0.0,2743.6624933436683,790
2755.2320270581176,0.012474790860867249,0.0,0.0,2755.2445018489784,791
2766.8599792005784,0.01239143236605946,0.0,0.0,2766.8723706329447,792
2778.5338907010614,0.012308632377294067,0.0,0.0,2778.546199333439,793
2790.253860995665,0.012226386767396756,0.0,0.0,2790.2660873824325,794
2802.0199893145536,0.01214469144123525,0.0,0.0,2802.032134005995,795
2813.8323746819588,0.012063542335719322,0.0,0.0,2813.8444382242947,796
2825.691078972857,0.011982652264197481,0.0,0.0,2825.7030616251213,797
2837.596073486681,0.011901062683572586,0.0,0.0,2837.6079745493644,798
2849.547454115221,0.011818801061787747,0.0,0.0,2849.559272916283,799
2861.5453271636698,0.011735984636385555,0.0,0.0,2861.557063148306,800
2873.5897973985197,0.011652727860292832,0.0,0.0,2873.60145012638,801
2885.6809680475653,0.011569142401820637,0.0,0.0,2885.692537189967,802
2897.818940799902,0.011485337144664255,0.0,0.0,2897.8304261370467,803
2910.0038158059274,0.011401418187903214,0.0,0.0,2910.015217224115,804
2922.2356916773388,0.011317488846001266,0.0,0.0,2922.247009166185,805
2934.514665487136,0.011233649648806401,0.0,0.0,2934.5258991367846,806
2946.8408327696197,0.011149998341550844,0.0,0.0,2946.851982767961,807
2959.2142875203926,0.011066629884851046,0.0,0.0,2959.2253541502773,808
2971.635122196358,0.0109836364547077,0.0,0.0,2971.6461058328127,809
2984.1034277157205,0.010901107442505725,0.0,0.0,2984.114328823163,810
2996.6192934579863,0.010819129455014277,0.0,0.0,2996.630112587441,811
3009.182807263963,0.010737786314386741,0.0,0.0,3009.193545050277,812
3021.7940554357583,0.010657159058160741,0.0,0.0,3021.8047125948165,813
3034.453122736784,0.010577325939258132,0.0,0.0,3034.463700062723,814
3047.1600923917495,0.010498362425985,0.0,0.0,3047.1705907541755,815
3059.915046086669,0.010420341202031665,0.0,0.0,3059.925466427871,816
3072.718063968856,0.010343332166472683,0.0,0.0,3072.7284073010223,817
3085.5692246469252,0.010267402433766839,0.0,0.0,3085.579492049359,818
3098.468605190794,0.010192616333757154,0.0,0.0,3098.4787978071276,819
3111.41628113168,0.01011903541167088,0.0,0.0,3111.4264001670917,820
3124.412326462102,0.010046718428119505,0.0,0.0,3124.42237318053,821
3137.456813635881,0.009975721359098747,0.0,0.0,3137.4667893572405,822
3150.549813568139,0.009906097395988559,0.0,0.0,3150.5597196655353,823
3163.691395635299,0.009837896945553128,0.0,0.0,3163.7012335322447,824
3176.881627675085,0.009771167629940871,0.0,0.0,3176.891398842715,825
3190.1205759865234,0.009705954286684443,0.0,0.0,3190.13028194081,826
3203.4083053299405,0.009642298968700724,0.0,0.0,3203.417947628909,827
3216.7448789269656,0.00958024094429084,0.0,0.0,3216.7544591679098,828
3230.130358460528,0.009519816697140136,0.0,0.0,3230.1398782772253,829
3243.564804074859,0.0094610599263182,0.0,0.0,3243.574265134785,830
3257.04827437549,0.009404001546278849,0.0,0.0,3257.0576783770366,831
3270.580826429256,0.009348669686860135,0.0,0.0,3270.590175098943,832
3284.1625157642907,0.009295089693284339,0.0,0.0,3284.171810853984,833
3297.793396370031,0.009243284126157984,0.0,0.0,3297.8026396541572,834
3311.4735206972146,0.009193272761471815,0.0,0.0,3311.482713969976,835
3325.20293965788,0.009145072590600819,0.0,0.0,3325.2120847304705,836
3338.981702625368,0.00909869782030421,0.0,0.0,3338.9908013231884,837
3352.80985743432,0.00905415987272544,0.0,0.0,3352.8189115941927,838
3366.6874503806775,0.00901146738539219,0.0,0.0,3366.696461848063,839
3380.6145262216864,0.00897062621121638,0.0,0.0,3380.6234968478975,840
3394.5911281758918,0.008931639418494158,0.0,0.0,3394.60005981531,841
3408.617297923139,0.008894507290905903,0.0,0.0,3408.62619243043,842
3422.693075604578,0.008859227327516235,0.0,0.0,3422.7019348319054,843
3436.8184998226575,0.008825794242774002,0.0,0.0,3436.8273256169005,844
3450.9936076411277,0.008794199966512284,0.0,0.0,3451.002401841094,845
3465.218434585041,0.008764433643948398,0.0,0.0,3465.227199018685,846
3479.4930146407505,0.008736481635683892,0.0,0.0,3479.5017511223864,847
3493.8173802559113,0.008710327517704546,0.0,0.0,3493.826090583429,848
3508.1915623394793,0.008685952081380377,0.0,0.0,3508.200248291561,849
3522.615590261711,0.008663333333465632,0.0,0.0,3522.6242535950446,850
3537.089491854166,0.00864244649609879,0.0,0.0,3537.0981343006624,851
3551.613293409704,0.008623264006802567,0.0,0.0,3551.621916673711,852
3566.1870196824852,0.008605755518483912,0.0,0.0,3566.195625438004,853
3580.810693887973,0.008589887899433999,0.0,0.0,3580.819283775872,854
3595.484337702931,0.008575625233328249,0.0,0.0,3595.4929133281644,855
3610.2079712654245,0.008562928819226304,0.0,0.0,3610.2165341942436,856
3624.98161317482,0.008551757171572045,0.0,0.0,3624.9901649319913,857
3639.8052804917843,0.008542066020193586,0.0,0.0,3639.8138225578045,858
3654.678988738288,0.00853380831030327,0.0,0.0,3654.6875225465983,859
3669.6027518976002,0.00852693420249768,0.0,0.0,3669.611278831803,860
3684.5765824142927,0.008521391072757628,0.0,0.0,3684.5851038053656,861
3699.6004911942396,0.008517123512448157,0.0,0.0,3699.609008317752,862
3714.674487604614,0.008514073328318546,0.0,0.0,3714.6830016779422,863
3729.7985794738925,0.00851217954250231,0.0,0.0,3729.807091653435,864
3744.972773091851,0.008511378392517192,0.0,0.0,3744.9812844702437,865
3760.1970732095688,0.008511603331265171,0.0,0.0,3760.2055848129,866
3775.471483039425,0.008512785027032455,0.0,0.0,3775.479995824452,867
3790.7960042551,0.008514851363489492,0.0,0.0,3790.8045191064634,868
3806.1706369915764,0.008517727439690962,0.0,0.0,3806.179154719016,869
3821.5953798451383,0.008521335570075768,0.0,0.0,3821.6039011807084,870
3837.070229873369,0.008525595284467061,0.0,0.0,3837.0787554686535,871
3852.595182595156,0.008530423328072216,0.0,0.0,3852.603713018484,872
3868.1702319906863,0.008535733661482841,0.0,0.0,3868.178767724348,873
3883.795370501449,0.008541437460674782,0.0,0.0,3883.8039119389096,874
3899.470589030233,0.008547443117008115,0.0,0.0,3899.47913647335,875
3915.1958769411312,0.008553656237227147,0.0,0.0,3915.2044305973686,876
3930.9712220595347,0.008559979643460426,0.0,0.0,3930.979782039178,877
3946.7966106721387,0.008566313373220726,0.0,0.0,3946.805176985512,878
3962.672027526938,0.008572554679405054,0.0,0.0,3962.6806000816177,879
3978.597455833229,0.008578598030294652,0.0,0.0,3978.6060344312596,880
3994.5728772616108,0.008584335109555,0.0,0.0,3994.58146159672,881
4010.5982719439817,0.008589654816235803,0.0,0.0,4010.606861598798,882
4026.6736184735414,0.008594443264771004,0.0,0.0,4026.6822129168063,883
4042.798893904793,0.008598583784978778,0.0,0.0,4042.807492488578,884
4058.97407375354,0.008601956922061532,0.0,0.0,4058.982675710462,885
4075.1991319968856,0.008604440436605906,0.0,0.0,4075.207736437322,886
4091.4740410732365,0.008605909304582778,0.0,0.0,4091.482646982541,887
4107.79875994793,0.0,0.0,0.0,4107.79875994793,888
4124.172954508931,0.0,0.0,0.0,4124.172954508931,889
4140.596471471573,0.0,0.0,0.0,4140.596471471573,890
4157.069289968864,0.0,0.0,0.0,4157.069289968864,891
4173.591384551327,0.0,0.0,0.0,4173.591384551327,892
4190.162725186997,0.0,0.0,0.0,4190.162725186997,893
4206.783277261424,0.0,0.0,0.0,4206.783277261424,894
4223.45300157767,0.0,0.0,0.0,4223.45300157767,895
4240.171854356312,0.0,0.0,0.0,4240.171854356312,896
4256.93978723544,0.0,0.0,0.0,4256.93978723544,897
4273.75674727066,0.0,0.0,0.0,4273.75674727066,898
4290.622676935087,0.0,0.0,0.0,4290.622676935087,899
4307.5375141193545,0.0,0.0,0.0,4307.5375141193545,900
4324.501192131606,0.0,0.0,0.0,4324.501192131606,901
4341.513639697503,0.0,0.0,0.0,4341.513639697503,902
4358.574780960214,0.0,0.0,0.0,4358.574780960214,903
4375.684535480429,0.0,0.0,0.0,4375.684535480429,904
4392.842818236346,0.0,0.0,0.0,4392.842818236346,905
4410.049539623678,0.0,0.0,0.0,4410.049539623678,906
4427.304605455654,0.0,0.0,0.0,4427.304605455654,907
4444.607916963014,0.0,0.0,0.0,4444.607916963014,908
4461.959370794013,0.0,0.0,0.0,4461.959370794013,909
4479.358859014418,0.0,0.0,0.0,4479.358859014418,910
4496.806269107513,0.0,0.0,0.0,4496.806269107513,911
4514.301483974093,0.0,0.0,0.0,4514.301483974093,912
4531.844381932466,0.0,0.0,0.0,4531.844381932466,913
4549.434836718457,0.0,0.0,0.0,4549.434836718457,914
4567.072717485402,0.0,0.0,0.0,4567.072717485402,915
4584.757888804151,0.0,0.0,0.0,4584.757888804151,916
4602.490210663069,0.0,0.0,0.0,4602.490210663069,917
4620.269538468034,0.0,0.0,0.0,4620.269538468034,918
4638.0957230424365,0.0,0.0,0.0,4638.0957230424365,919
4655.968610627182,0.0,0.0,0.0,4655.968610627182,920
4673.88804288069,0.0,0.0,0.0,4673.88804288069,921
4691.853856878893,0.0,0.0,0.0,4691.853856878893,922
4709.865885115237,0.0,0.0,0.0,4709.865885115237,923
4727.923955500682,0.0,0.0,0.0,4727.923955500682,924
4746.027891363701,0.0,0.0,0.0,4746.027891363701,925
4764.177511450283,0.0,0.0,0.0,4764.177511450283,926
4782.372629923928,0.0,0.0,0.0,4782.372629923928,927
4800.613056365651,0.0,0.0,0.0,4800.613056365651,928
4818.89859577398,0.0,0.0,0.0,4818.89859577398,929
4837.229048564957,0.0,0.0,0.0,4837.229048564957,930
4855.604210572139,0.0,0.0,0.0,4855.604210572139,931
4874.023873046595,0.0,0.0,0.0,4874.023873046595,932
4892.487822656907,0.0,0.0,0.0,4892.487822656907,933
4910.9958414891735,0.0,0.0,0.0,4910.9958414891735,934
4929.547707047005,0.0,0.0,0.0,4929.547707047005,935
4948.143192251524,0.0,0.0,0.0,4948.143192251524,936
4966.78206544137,0.0,0.0,0.0,4966.78206544137,937
4985.464090372694,0.0,0.0,0.0,4985.464090372694,938
5004.189026219162,0.0,0.0,0.0,5004.189026219162,939
5022.956627571952,0.0,0.0,0.0,5022.956627571952,940
5041.766644439757,0.0,0.0,0.0,5041.766644439757,941
5060.618822248784,0.0,0.0,0.0,5060.618822248784,942
5079.512901842753,0.0,0.0,0.0,5079.512901842753,943
5098.448619482898,0.0,0.0,0.0,5098.448619482898,944
5117.425706847966,0.0,0.0,0.0,5117.425706847966,945
5136.443891034216,0.0,0.0,0.0,5136.443891034216,946
5155.502894555427,0.0,0.0,0.0,5155.502894555427,947
5174.602435342885,0.0,0.0,0.0,5174.602435342885,948
5193.742226745392,0.0,0.0,0.0,5193.742226745392,949
5212.921977529266,0.0,0.0,0.0,5212.921977529266,950
5232.141391878334,0.0,0.0,0.0,5232.141391878334,951
5251.400169393941,0.0,0.0,0.0,5251.400169393941,952
5270.698005094943,0.0,0.0,0.0,5270.698005094943,953
5290.034589417712,0.0,0.0,0.0,5290.034589417712,954
5309.40960821613,0.0,0.0,0.0,5309.40960821613,955
5328.822742761598,0.0,0.0,0.0,5328.822742761598,956
5348.273669743026,0.0,0.0,0.0,5348.273669743026,957
5367.76206126684,0.0,0.0,0.0,5367.76206126684,958
5387.287584856977,0.0,0.0,0.0,5387.287584856977,959
5406.849903454894,0.0,0.0,0.0,5406.849903454894,960
5426.448675419553,0.0,0.0,0.0,5426.448675419553,961
5446.083554527438,0.0,0.0,0.0,5446.083554527438,962
5465.75418997254,0.0,0.0,0.0,5465.75418997254,963
5485.460226366368,0.0,0.0,0.0,5485.460226366368,964
5505.201303737944,0.0,0.0,0.0,5505.201303737944,965
5524.977057533801,0.0,0.0,0.0,5524.977057533801,966
5544.787118617987,0.0,0.0,0.0,5544.787118617987,967
5564.631113272068,0.0,0.0,0.0,5564.631113272068,968
5584.508663195117,0.0,0.0,0.0,5584.508663195117,969
5604.419385503725,0.0,0.0,0.0,5604.419385503725,970
5624.362892731995,0.0,0.0,0.0,5624.362892731995,971
5644.338792831543,0.0,0.0,0.0,5644.338792831543,972
5664.346689171502,0.0,0.0,0.0,5664.346689171502,973
5684.386180538515,0.0,0.0,0.0,5684.386180538515,974
5704.4568611367395,0.0,0.0,0.0,5704.4568611367395,975
5724.558320587848,0.0,0.0,0.0,5724.558320587848,976
5744.690143931028,0.0,0.0,0.0,5744.690143931028,977
5764.851911622975,0.0,0.0,0.0,5764.851911622975,978
5785.043199537905,0.0,0.0,0.0,5785.043199537905,979
5805.263578967543,0.0,0.0,0.0,5805.263578967543,980
5825.51261662113,0.0,0.0,0.0,5825.51261662113,981
5845.7898746254195,0.0,0.0,0.0,5845.7898746254195,982
5866.09491052468,0.0,0.0,0.0,5866.09491052468,983
5886.427863113522,0.0,0.0,0.0,5886.427863113522,984
5906.810800667963,0.0,0.0,0.0,5906.810800667963,985
5927.25395104937,0.0,0.0,0.0,5927.25395104937,986
5947.755690781863,0.0,0.0,0.0,5947.755690781863,987
5968.314401140863,0.0,0.0,0.0,5968.314401140863,988
5988.928468153085,0.0,0.0,0.0,5988.928468153085,989
6009.596282596542,0.0,0.0,0.0,6009.596282596542,990
6030.316240000542,0.0,0.0,0.0,6030.316240000542,991
6051.086740645693,0.0,0.0,0.0,6051.086740645693,992
6071.906189563898,0.0,0.0,0.0,6071.906189563898,993
6092.772996538358,0.0,0.0,0.0,6092.772996538358,994
6113.685576103571,0.0,0.0,0.0,6113.685576103571,995
6134.642347545331,0.0,0.0,0.0,6134.642347545331,996
6155.64173490073,0.0,0.0,0.0,6155.64173490073,997
6176.682166958156,0.0,0.0,0.0,6176.682166958156,998
6197.762077257295,0.0,0.0,0.0,6197.762077257295,999
6218.87990408913,0.0,0.0,0.0,6218.87990408913,1000
6240.034090495939,0.0,0.0,0.0,6240.034090495939,1001
6261.223084271301,0.0,0.0,0.0,6261.223084271301,1002
6282.445337960087,0.0,0.0,0.0,6282.445337960087,1003
6303.6993088584695,0.0,0.0,0.0,6303.6993088584695,1004
6324.983459013915,0.0,0.0,0.0,6324.983459013915,1005
6346.296255225189,0.0,0.0,0.0,6346.296255225189,1006
6367.636169042352,0.0,0.0,0.0,6367.636169042352,1007
6389.001676766763,0.0,0.0,0.0,6389.001676766763,1008
6410.3912594510775,0.0,0.0,0.0,6410.3912594510775,1009
6431.803402899248,0.0,0.0,0.0,6431.803402899248,1010
6453.236597666523,0.0,0.0,0.0,6453.236597666523,1011
6474.689339059451,0.0,0.0,0.0,6474.689339059451,1012
6496.160127135874,0.0,0.0,0.0,6496.160127135874,1013
6517.647466704933,0.0,0.0,0.0,6517.647466704933,1014
6539.149867327065,0.0,0.0,0.0,6539.149867327065,1015
6560.6658433140055,0.0,0.0,0.0,6560.6658433140055,1016
6582.193913728785,0.0,0.0,0.0,6582.193913728785,1017
6603.732602385733,0.0,0.0,0.0,6603.732602385733,1018
6625.280437850473,0.0,0.0,0.0,6625.280437850473,1019
6646.83595343993,0.0,0.0,0.0,6646.83595343993,1020
6668.397687222321,0.0,0.0,0.0,6668.397687222321,1021
6689.964182017164,0.0,0.0,0.0,6689.964182017164,1022
6711.533985395272,0.0,0.0,0.0,6711.533985395272,1023
6733.105649678755,0.0,0.0,0.0,6733.105649678755,1024
6754.67773194102,0.0,0.0,0.0,6754.67773194102,1025
6776.248794006773,0.0,0.0,0.0,6776.248794006773,1026
6797.817402452016,0.0,0.0,0.0,6797.817402452016,1027
6819.382128604044,0.0,0.0,0.0,6819.382128604044,1028
6840.941548541454,0.0,0.0,0.0,6840.941548541454,1029
6862.494243094139,0.0,0.0,0.0,6862.494243094139,1030
6884.038797843288,0.0,0.0,0.0,6884.038797843288,1031
6905.573803121389,0.0,0.0,0.0,6905.573803121389,1032
6927.097854012221,0.0,0.0,0.0,6927.097854012221,1033
6948.6095503508695,0.0,0.0,0.0,6948.6095503508695,1034
6970.107496723707,0.0,0.0,0.0,6970.107496723707,1035
6991.590302468412,0.0,0.0,0.0,6991.590302468412,1036
7013.056581673954,0.0,0.0,0.0,7013.056581673954,1037
7034.5049531806,0.0,0.0,0.0,7034.5049531806,1038
7055.934040579918,0.0,0.0,0.0,7055.934040579918,1039
7077.342472214768,0.0,0.0,0.0,7077.342472214768,1040
7098.72888117931,0.0,0.0,0.0,7098.72888117931,1041
7120.091905319001,0.0,0.0,0.0,7120.091905319001,1042
7141.430187230594,0.0,0.0,0.0,7141.430187230594,1043
7162.742374262139,0.0,0.0,0.0,7162.742374262139,1044
7184.027118512982,0.0,0.0,0.0,7184.027118512982,1045
7205.28307683377,0.0,0.0,0.0,7205.28307683377,1046
7226.508910826443,0.0,0.0,0.0,7226.508910826443,1047
7247.703286844238,0.0,0.0,0.0,7247.703286844238,1048
7268.864875991692,0.0,0.0,0.0,7268.864875991692,1049
7289.992354124635,0.0,0.0,0.0,7289.992354124635,1050
7311.084401850199,0.0,0.0,0.0,7311.084401850199,1051
7332.1397045268095,0.0,0.0,0.0,7332.1397045268095,1052
7353.1569522641885,0.0,0.0,0.0,7353.1569522641885,1053
7374.134839923357,0.0,0.0,0.0,7374.134839923357,1054
7395.072067116631,0.0,0.0,0.0,7395.072067116631,1055
7415.967338207626,0.0,0.0,0.0,7415.967338207626,1056
7436.819362311254,0.0,0.0,0.0,7436.819362311254,1057
7457.626853293721,0.0,0.0,0.0,7457.626853293721,1058
7478.388529772533,0.0,0.0,0.0,7478.388529772533,1059
7499.1031151164925,0.0,0.0,0.0,7499.1031151164925,1060
7519.7693374456985,0.0,0.0,0.0,7519.7693374456985,1061
7540.385929631548,0.0,0.0,0.0,7540.385929631548,1062
7560.951629296733,0.0,0.0,0.0,7560.951629296733,1063
7581.465178815242,0.0,0.0,0.0,7581.465178815242,1064
7601.925325312365,0.0,0.0,0.0,7601.925325312365,1065
7622.330820664686,0.0,0.0,0.0,7622.330820664686,1066
7642.680421500086,0.0,0.0,0.0,7642.680421500086,1067
7662.97288919774,0.0,0.0,0.0,7662.97288919774,1068
7683.206989888127,0.0,0.0,0.0,7683.206989888127,1069
7703.381494453017,0.0,0.0,0.0,7703.381494453017,1070
7723.495178525479,0.0,0.0,0.0,7723.495178525479,1071
7743.5468224898805,0.0,0.0,0.0,7743.5468224898805,1072
7763.535211481883,0.0,0.0,0.0,7763.535211481883,1073
7783.459135388448,0.0,0.0,0.0,7783.459135388448,1074
7803.31738884783,0.0,0.0,0.0,7803.31738884783,1075
7823.108771249586,0.0,0.0,0.0,7823.108771249586,1076
7842.8320867345665,0.0,0.0,0.0,7842.8320867345665,1077
7862.486144194918,0.0,0.0,0.0,7862.486144194918,1078
7882.069757274086,0.0,0.0,0.0,7882.069757274086,1079
7901.581744366815,0.0,0.0,0.0,7901.581744366815,1080
7921.02092861914,0.0,0.0,0.0,7921.02092861914,1081
7940.3861379284,0.0,0.0,0.0,7940.3861379284,1082
7959.676204943226,0.0,0.0,0.0,7959.676204943226,1083
7978.889967063549,0.0,0.0,0.0,7978.889967063549,1084
7998.026266440596,0.0,0.0,0.0,7998.026266440596,1085
8017.083949976892,0.0,0.0,0.0,8017.083949976892,1086
8036.061869326255,0.0,0.0,0.0,8036.061869326255,1087
8054.958880893806,0.0,0.0,0.0,8054.958880893806,1088
8073.773845835957,0.0,0.0,0.0,8073.773845835957,1089
8092.505630060423,0.0,0.0,0.0,8092.505630060423,1090
8111.15310422621,0.0,0.0,0.0,8111.15310422621,1091
8129.715143743628,0.0,0.0,0.0,8129.715143743628,1092
8148.190628774277,0.0,0.0,0.0,8148.190628774277,1093
8166.578444231056,0.0,0.0,0.0,8166.578444231056,1094
8184.877479778163,0.0,0.0,0.0,8184.877479778163,1095
8203.086629831094,0.0,0.0,0.0,8203.086629831094,1096
8221.204793556637,0.0,0.0,0.0,8221.204793556637,1097
8239.23087487288,0.0,0.0,0.0,8239.23087487288,1098
8257.16378244921,0.0,0.0,0.0,8257.16378244921,1099
8275.002429706306,0.0,0.0,0.0,8275.002429706306,1100
8292.745734816152,0.0,0.0,0.0,8292.745734816152,1101
8310.392620702016,0.0,0.0,0.0,8310.392620702016,1102
8327.942015038476,0.0,0.0,0.0,8327.942015038476,1103
8345.392850251403,0.0,0.0,0.0,8345.392850251403,1104
8362.744063517961,0.0,0.0,0.0,8362.744063517961,1105
8379.994596766615,0.0,0.0,0.0,8379.994596766615,1106
8397.143396677126,0.0,0.0,0.0,8397.143396677126,1107
8414.18941468055,0.0,0.0,0.0,8414.18941468055,1108
8431.131606959243,0.0,0.0,0.0,8431.131606959243,1109
8447.968934446857,0.0,0.0,0.0,8447.968934446857,1110
8464.700362828342,0.0,0.0,0.0,8464.700362828342,1111
8481.324862539943,0.0,0.0,0.0,8481.324862539943,1112
8497.8414087692,0.0,0.0,0.0,8497.8414087692,1113
8514.248981454957,0.0,0.0,0.0,8514.248981454957,1114
8530.546565287348,0.0,0.0,0.0,8530.546565287348,1115
8546.733149707807,0.0,0.0,0.0,8546.733149707807,1116
8562.807728909065,0.0,0.0,0.0,8562.807728909065,1117
8578.769301835153,0.0,0.0,0.0,8578.769301835153,1118
8594.61687218139,0.0,0.0,0.0,8594.61687218139,1119
8610.349448394401,0.0,0.0,0.0,8610.349448394401,1120
8625.966043672104,0.0,0.0,0.0,8625.966043672104,1121
8641.465675963716,0.0,0.0,0.0,8641.465675963716,1122
8656.847367969747,0.0,0.0,0.0,8656.847367969747,1123
8672.110147142012,0.0,0.0,0.0,8672.110147142012,1124
8687.25304568361,0.0,0.0,0.0,8687.25304568361,1125
8702.275100548948,0.0,0.0,0.0,8702.275100548948,1126
8717.17535344373,0.0,0.0,0.0,8717.17535344373,1127
8731.952850824951,0.0,0.0,0.0,8731.952850824951,1128
8746.606643900906,0.0,0.0,0.0,8746.606643900906,1129
8761.135788631185,0.0,0.0,0.0,8761.135788631185,1130
8775.53934572668,0.0,0.0,0.0,8775.53934572668,1131
8789.816380649572,0.0,0.0,0.0,8789.816380649572,1132
8803.965963613347,0.0,0.0,0.0,8803.965963613347,1133
8817.987169582786,0.0,0.0,0.0,8817.987169582786,1134
8831.879078273962,0.0,0.0,0.0,8831.879078273962,1135
8845.64077415425,0.0,0.0,0.0,8845.64077415425,1136
8859.271346442321,0.0,0.0,0.0,8859.271346442321,1137
8872.769889108144,0.0,0.0,0.0,8872.769889108144,1138
8886.13550087298,0.0,0.0,0.0,8886.13550087298,1139
8899.367285209393,0.0,0.0,0.0,8899.367285209393,1140
8912.46435034124,0.0,0.0,0.0,8912.46435034124,1141
8925.42580924368,0.0,0.0,0.0,8925.42580924368,1142
8938.250779643162,0.0,0.0,0.0,8938.250779643162,1143
8950.938384017438,0.0,0.0,0.0,8950.938384017438,1144
8963.48774959555,0.0,0.0,0.0,8963.48774959555,1145
8975.898008357848,0.0,0.0,0.0,8975.898008357848,1146
8988.168297035969,0.0,0.0,0.0,8988.168297035969,1147
9000.29775711285,0.0,0.0,0.0,9000.29775711285,1148
9012.285534822728,0.0,0.0,0.0,9012.285534822728,1149
9024.13078115113,0.0,0.0,0.0,9024.13078115113,1150
9035.83265183489,0.0,0.0,0.0,9035.83265183489,1151
9047.39030736213,0.0,0.0,0.0,9047.39030736213,1152
9058.802912972274,0.0,0.0,0.0,9058.802912972274,1153
9070.069638656041,0.0,0.0,0.0,9070.069638656041,1154
9081.189659155447,0.0,0.0,0.0,9081.189659155447,1155
9092.162153963807,0.0,0.0,0.0,9092.162153963807,1156
9102.98630732573,0.0,0.0,0.0,9102.98630732573,1157
9113.661308237124,0.0,0.0,0.0,9113.661308237124,1158
9124.18635044519,0.0,0.0,0.0,9124.18635044519,1159
9134.560632448438,0.0,0.0,0.0,9134.560632448438,1160
9144.783357496657,0.0,0.0,0.0,9144.783357496657,1161
9154.85373359095,0.0,0.0,0.0,9154.85373359095,1162
9164.770973483704,0.0,0.0,0.0,9164.770973483704,1163
9174.53429467861,0.0,0.0,0.0,9174.53429467861,1164
9184.142919430657,0.0,0.0,0.0,9184.142919430657,1165
9193.596074746123,0.0,0.0,0.0,9193.596074746123,1166
9202.892992382594,0.0,0.0,0.0,9202.892992382594,1167
9212.032908848945,0.0,0.0,0.0,9212.032908848945,1168
9221.01506540535,0.0,0.0,0.0,9221.01506540535,1169
9229.83870806328,0.0,0.0,0.0,9229.83870806328,1170
9238.503087585505,0.0,0.0,0.0,9238.503087585505,1171
9247.007459486089,0.0,0.0,0.0,9247.007459486089,1172
9255.351084030395,0.0,0.0,0.0,9255.351084030395,1173
9263.533226235082,0.0,0.0,0.0,9263.533226235082,1174
9271.553155868107,0.0,0.0,0.0,9271.553155868107,1175
9279.410147448722,0.0,0.0,0.0,9279.410147448722,1176
9287.103480247479,0.0,0.0,0.0,9287.103480247479,1177
9294.632438286222,0.0,0.0,0.0,9294.632438286222,1178
9301.996310338101,0.0,0.0,0.0,9301.996310338101,1179
9309.194389927554,0.0,0.0,0.0,9309.194389927554,1180
9316.225975330317,0.0,0.0,0.0,9316.225975330317,1181
9323.090369573429,0.0,0.0,0.0,9323.090369573429,1182
9329.786880435222,0.0,0.0,0.0,9329.786880435222,1183
9336.314820445321,0.0,0.0,0.0,9336.314820445321,1184
9342.673506884657,0.0,0.0,0.0,9342.673506884657,1185
9348.862261785453,0.0,0.0,0.0,9348.862261785453,1186
9354.880411931226,0.0,0.0,0.0,9354.880411931226,1187
9360.727288856797,0.0,0.0,0.0,9360.727288856797,1188
9366.40222884828,0.0,0.0,0.0,9366.40222884828,1189
9371.904572943082,0.0,0.0,0.0,9371.904572943082,1190
9377.233666929913,0.0,0.0,0.0,9377.233666929913,1191
9382.38886134878,0.0,0.0,0.0,9382.38886134878,1192
9387.369511490986,0.0,0.0,0.0,9387.369511490986,1193
9392.174977399125,0.0,0.0,0.0,9392.174977399125,1194
9396.8046238671,0.0,0.0,0.0,9396.8046238671,1195
9401.2578204401,0.0,0.0,0.0,9401.2578204401,1196
9405.533941414616,0.0,0.0,0.0,9405.533941414616,1197
9409.632365838435,0.0,0.0,0.0,9409.632365838435,1198
9413.552477510642,0.0,0.0,0.0,9413.552477510642,1199
9417.293664981617,0.0,0.0,0.0,9417.293664981617,1200
9420.85532155304,0.0,0.0,0.0,9420.85532155304,1201
9424.236845277883,0.0,0.0,0.0,9424.236845277883,1202
9427.43763896042,0.0,0.0,0.0,9427.43763896042,1203
9430.457110156221,0.0,0.0,0.0,9430.457110156221,1204
9433.29467117215,0.0,0.0,0.0,9433.29467117215,1205
9435.949739066373,0.0,0.0,0.0,9435.949739066373,1206
9438.42173564835,0.0,0.0,0.0,9438.42173564835,1207
9440.710087478832,0.0,0.0,0.0,9440.710087478832,1208
9442.81422586988,0.0,0.0,0.0,9442.81422586988,1209
9444.733586884842,0.0,0.0,0.0,9444.733586884842,1210
9446.467611338368,0.0,0.0,0.0,9446.467611338368,1211
9448.015744796401,0.0,0.0,0.0,9448.015744796401,1212
9449.377437576186,0.0,0.0,0.0,9449.377437576186,1213
9450.552144746258,0.0,0.0,0.0,9450.552144746258,1214
9451.539326126454,0.0,0.0,0.0,9451.539326126454,1215
9452.338446287911,0.0,0.0,0.0,9452.338446287911,1216
9452.948974553055,0.0,0.0,0.0,9452.948974553055,1217
9453.370384995613,0.0,0.0,0.0,9453.370384995613,1218
9453.602156440611,0.0,0.0,0.0,9453.602156440611,1219
9453.64377246437,0.0,0.0,0.0,9453.64377246437,1220
9453.494721394507,0.0,0.0,0.0,9453.494721394507,1221
9453.154496309935,0.0,0.0,0.0,9453.154496309935,1222
9452.62259504087,0.0,0.0,0.0,9452.62259504087,1223
9451.89852016882,0.0,0.0,0.0,9451.89852016882,1224
9450.981779026588,0.0,0.0,0.0,9450.981779026588,1225
9449.87188369828,0.0,0.0,0.0,9449.87188369828,1226
9448.568351019298,0.0,0.0,0.0,9448.568351019298,1227
9447.070702576331,0.0,0.0,0.0,9447.070702576331,1228
9445.37846470738,0.0,0.0,0.0,9445.37846470738,1229
9443.491168501736,0.0,0.0,0.0,9443.491168501736,1230
9441.408349799984,0.0,0.0,0.0,9441.408349799984,1231
9439.129549194009,0.0,0.0,0.0,9439.129549194009,1232
9436.654312026994,0.0,0.0,0.0,9436.654312026994,1233
9433.982188393418,0.0,0.0,0.0,9433.982188393418,1234
9431.112733139056,0.0,0.0,0.0,9431.112733139056,1235
9428.04550586098,0.0,0.0,0.0,9428.04550586098,1236
9424.780070907565,0.0,0.0,0.0,9424.780070907565,1237
9421.315997378471,0.0,0.0,0.0,9421.315997378471,1238
9417.652859124668,0.0,0.0,0.0,9417.652859124668,1239
9413.790234748412,0.0,0.0,0.0,9413.790234748412,1240
9409.727707603262,0.0,0.0,0.0,9409.727707603262,1241
9405.464865794076,0.0,0.0,0.0,9405.464865794076,1242
9401.001302177003,0.0,0.0,0.0,9401.001302177003,1243
9396.336614359492,0.0,0.0,0.0,9396.336614359492,1244
9391.470404700289,0.0,0.0,0.0,9391.470404700289,1245
9386.402280309438,0.0,0.0,0.0,9386.402280309438,1246
9381.131853048279,0.0,0.0,0.0,9381.131853048279,1247
9375.658739529445,0.0,0.0,0.0,9375.658739529445,1248
9369.98256111687,0.0,0.0,0.0,9369.98256111687,1249
9364.102943925795,0.0,0.0,0.0,9364.102943925795,1250
9358.019518822734,0.0,0.0,0.0,9358.019518822734,1251
9351.731921425519,0.0,0.0,0.0,9351.731921425519,1252
9345.239792103272,0.0,0.0,0.0,9345.239792103272,1253
9338.542775976412,0.0,0.0,0.0,9338.542775976412,1254
9331.64052291665,0.0,0.0,0.0,9331.64052291665,1255
9324.532687547004,0.0,0.0,0.0,9324.532687547004,1256
9317.21892924178,0.0,0.0,0.0,9317.21892924178,1257
9309.698912126587,0.0,0.0,0.0,9309.698912126587,1258
9301.97230507833,0.0,0.0,0.0,9301.97230507833,1259
9294.038781725207,0.0,0.0,0.0,9294.038781725207,1260
9285.898020446715,0.0,0.0,0.0,9285.898020446715,1261
9277.549704373652,0.0,0.0,0.0,9277.549704373652,1262
9269.004876021902,0.0,0.0,0.0,9269.004876021902,1263
9260.287027411221,0.0,0.0,0.0,9260.287027411221,1264
9251.398337468181,0.0,0.0,0.0,9251.398337468181,1265
9242.340358391184,0.0,0.0,0.0,9242.340358391184,1266
9233.114645591191,0.0,0.0,0.0,9233.114645591191,1267
9223.722757691712,0.0,0.0,0.0,9223.722757691712,1268
9214.166256528815,0.0,0.0,0.0,9214.166256528815,1269
9204.446707151115,0.0,0.0,0.0,9204.446707151115,1270
9194.565677819784,0.0,0.0,0.0,9194.565677819784,1271
9184.524740008546,0.0,0.0,0.0,9184.524740008546,1272
9174.325468403678,0.0,0.0,0.0,9174.325468403678,1273
9163.969440904008,0.0,0.0,0.0,9163.969440904008,1274
9153.45823862092,0.0,0.0,0.0,9153.45823862092,1275
9142.793445878347,0.0,0.0,0.0,9142.793445878347,1276
9131.976650212782,0.0,0.0,0.0,9131.976650212782,1277
9121.009442373263,0.0,0.0,0.0,9121.009442373263,1278
9109.893416321385,0.0,0.0,0.0,9109.893416321385,1279
9098.630169231297,0.0,0.0,0.0,9098.630169231297,1280
9087.221301489699,0.0,0.0,0.0,9087.221301489699,1281
9075.668416695842,0.0,0.0,0.0,9075.668416695842,1282
9063.973121661535,0.0,0.0,0.0,9063.973121661535,1283
9052.137026411136,0.0,0.0,0.0,9052.137026411136,1284
9040.161744181558,0.0,0.0,0.0,9040.161744181558,1285
9028.048891422266,0.0,0.0,0.0,9028.048891422266,1286
9015.800087795278,0.0,0.0,0.0,9015.800087795278,1287
9003.416956175166,0.0,0.0,0.0,9003.416956175166,1288
8990.901122649053,0.0,0.0,0.0,8990.901122649053,1289
8978.254216516616,0.0,0.0,0.0,8978.254216516616,1290
8965.477870290086,0.0,0.0,0.0,8965.477870290086,1291
8952.573719694245,0.0,0.0,0.0,8952.573719694245,1292
8939.54340366643,0.0,0.0,0.0,8939.54340366643,1293
8926.38856435653,0.0,0.0,0.0,8926.38856435653,1294
8913.110847126985,0.0,0.0,0.0,8913.110847126985,1295
8899.711900552795,0.0,0.0,0.0,8899.711900552795,1296
8886.193376421501,0.0,0.0,0.0,8886.193376421501,1297
8872.55692973321,0.0,0.0,0.0,8872.55692973321,1298
8858.80421870057,0.0,0.0,0.0,8858.80421870057,1299
8844.936904748793,0.0,0.0,0.0,8844.936904748793,1300
8830.956652515635,0.0,0.0,0.0,8830.956652515635,1301
8816.86512985141,0.0,0.0,0.0,8816.86512985141,1302
8802.664007818985,0.0,0.0,0.0,8802.664007818985,1303
8788.354960693776,0.0,0.0,0.0,8788.354960693776,1304
8773.939665963757,0.0,0.0,0.0,8773.939665963757,1305
8759.419804329451,0.0,0.0,0.0,8759.419804329451,1306
8744.797059703937,0.0,0.0,0.0,8744.797059703937,1307
8730.073119212844,0.0,0.0,0.0,8730.073119212844,1308
8715.249673194357,0.0,0.0,0.0,8715.249673194357,1309
8700.32841519921,0.0,0.0,0.0,8700.32841519921,1310
8685.311041990695,0.0,0.0,0.0,8685.311041990695,1311
8670.199253544653,0.0,0.0,0.0,8670.199253544653,1312
8654.99475304948,0.0,0.0,0.0,8654.99475304948,1313
8639.699246906122,0.0,0.0,0.0,8639.699246906122,1314
8624.314444728085,0.0,0.0,0.0,8624.314444728085,1315
8608.84205934142,0.0,0.0,0.0,8608.84205934142,1316
8593.283806784731,0.0,0.0,0.0,8593.283806784731,1317
8577.641406309185,0.0,0.0,0.0,8577.641406309185,1318
8561.91658037849,0.0,0.0,0.0,8561.91658037849,1319
8546.111054668916,0.0,0.0,0.0,8546.111054668916,1320
8530.22655806928,0.0,0.0,0.0,8530.22655806928,1321
8514.264822680952,0.0,0.0,0.0,8514.264822680952,1322
8498.22758381786,0.0,0.0,0.0,8498.22758381786,1323
8482.116580006481,0.0,0.0,0.0,8482.116580006481,1324
8465.933552985845,0.0,0.0,0.0,8465.933552985845,1325
8449.680247707538,0.0,0.0,0.0,8449.680247707538,1326
8433.358412335694,0.0,0.0,0.0,8433.358412335694,1327
8416.969798247006,0.0,0.0,0.0,8416.969798247006,1328
8400.516160030715,0.0,0.0,0.0,8400.516160030715,1329
8383.999255488616,0.0,0.0,0.0,8383.999255488616,1330
8367.420845635059,0.0,0.0,0.0,8367.420845635059,1331
8350.782694696945,0.0,0.0,0.0,8350.782694696945,1332
8334.08657011373,0.0,0.0,0.0,8334.08657011373,1333
8317.33424253742,0.0,0.0,0.0,8317.33424253742,1334
8300.527485832576,0.0,0.0,0.0,8300.527485832576,1335
8283.668077076312,0.0,0.0,0.0,8283.668077076312,1336
8266.757796558295,0.0,0.0,0.0,8266.757796558295,1337
8249.798427780743,0.0,0.0,0.0,8249.798427780743,1338
8232.791757458428,0.0,0.0,0.0,8232.791757458428,1339
8215.739575518679,0.0,0.0,0.0,8215.739575518679,1340
8198.64367510137,0.0,0.0,0.0,8198.64367510137,1341
8181.505852558936,0.0,0.0,0.0,8181.505852558936,1342
8164.327907456358,0.0,0.0,0.0,8164.327907456358,1343
8147.111642571175,0.0,0.0,0.0,8147.111642571175,1344
8129.858863893478,0.0,0.0,0.0,8129.858863893478,1345
8112.571380625908,0.0,0.0,0.0,8112.571380625908,1346
8095.251005183664,0.0,0.0,0.0,8095.251005183664,1347
8077.899553194493,0.0,0.0,0.0,8077.899553194493,1348
8060.5188434986985,0.0,0.0,0.0,8060.5188434986985,1349
8043.110698149134,0.0,0.0,0.0,8043.110698149134,1350
8025.676942411208,0.0,0.0,0.0,8025.676942411208,1351
8008.219404762883,0.0,0.0,0.0,8008.219404762883,1352
7990.739916894671,0.0,0.0,0.0,7990.739916894671,1353
7973.240313709641,0.0,0.0,0.0,7973.240313709641,1354
7955.72243332341,0.0,0.0,0.0,7955.72243332341,1355
7938.188117064154,0.0,0.0,0.0,7938.188117064154,1356
7920.639209472596,0.0,0.0,0.0,7920.639209472596,1357
7903.077558302018,0.0,0.0,0.0,7903.077558302018,1358
7885.505014518249,0.0,0.0,0.0,7885.505014518249,1359
7867.9234322996745,0.0,0.0,0.0,7867.9234322996745,1360
7850.334669037232,0.0,0.0,0.0,7850.334669037232,1361
7832.7405853344135,0.0,0.0,0.0,7832.7405853344135,1362
7815.143045007261,0.0,0.0,0.0,7815.143045007261,1363
7797.543915084372,0.0,0.0,0.0,7797.543915084372,1364
7779.945065806896,0.0,0.0,0.0,7779.945065806896,1365
7762.348370628536,0.0,0.0,0.0,7762.348370628536,1366
7744.7557062155465,0.0,0.0,0.0,7744.7557062155465,1367
7727.1689524467365,0.0,0.0,0.0,7727.1689524467365,1368
7709.5899924134665,0.0,0.0,0.0,7709.5899924134665,1369
7692.020712419653,0.0,0.0,0.0,7692.020712419653,1370
7674.463001981761,0.0,0.0,0.0,7674.463001981761,1371
7656.918753828812,0.0,0.0,0.0,7656.918753828812,1372
7639.38986390238,0.0,0.0,0.0,7639.38986390238,1373
7621.87823135659,0.0,0.0,0.0,7621.87823135659,1374
7604.385758558122,0.0,0.0,0.0,7604.385758558122,1375
7586.914351086207,0.0,0.0,0.0,7586.914351086207,1376
7569.465917732631,0.0,0.0,0.0,7569.465917732631,1377
7552.042370501733,0.0,0.0,0.0,7552.042370501733,1378
7534.645624610403,0.0,0.0,0.0,7534.645624610403,1379
7517.2775984880855,0.0,0.0,0.0,7517.2775984880855,1380
7499.9402137767775,0.0,0.0,0.0,7499.9402137767775,1381
7482.635395331028,0.0,0.0,0.0,7482.635395331028,1382
7465.365071217941,0.0,0.0,0.0,7465.365071217941,1383
7448.131172717172,0.0,0.0,0.0,7448.131172717172,1384
7430.935634320931,0.0,0.0,0.0,7430.935634320931,1385
7413.780393733979,0.0,0.0,0.0,7413.780393733979,1386
7396.66739187363,0.0,0.0,0.0,7396.66739187363,1387
7379.598572869752,0.0,0.0,0.0,7379.598572869752,1388
7362.575884064767,0.0,0.0,0.0,7362.575884064767,1389
7345.601276013648,0.0,0.0,0.0,7345.601276013648,1390
7328.676702483922,0.0,0.0,0.0,7328.676702483922,1391
7311.804120455668,0.0,0.0,0.0,7311.804120455668,1392
7294.98549012152,0.0,0.0,0.0,7294.98549012152,1393
7278.222774886662,0.0,0.0,0.0,7278.222774886662,1394
7261.517434965583,0.0,0.0,0.0,7261.517434965583,1395
7244.857358740158,0.0,0.0,0.0,7244.857358740158,1396
7228.237562855581,0.0,0.0,0.0,7228.237562855581,1397
7211.659234366897,0.0,0.0,0.0,7211.659234366897,1398
7195.123544916226,0.0,0.0,0.0,7195.123544916226,1399
7178.631650732758,0.0,0.0,0.0,7178.631650732758,1400
7162.184692632759,0.0,0.0,0.0,7162.184692632759,1401
7145.783796019564,0.0,0.0,0.0,7145.783796019564,1402
7129.430070883584,0.0,0.0,0.0,7129.430070883584,1403
7113.124611802305,0.0,0.0,0.0,7113.124611802305,1404
7096.868497940279,0.0,0.0,0.0,7096.868497940279,1405
7080.662793049137,0.0,0.0,0.0,7080.662793049137,1406
7064.508545467581,0.0,0.0,0.0,7064.508545467581,1407
7048.406788121387,0.0,0.0,0.0,7048.406788121387,1408
7032.358538523401,0.0,0.0,0.0,7032.358538523401,1409
7016.364798773546,0.0,0.0,0.0,7016.364798773546,1410
7000.4265555588145,0.0,0.0,0.0,7000.4265555588145,1411
6984.544780153274,0.0,0.0,0.0,6984.544780153274,1412
6968.720428418063,0.0,0.0,0.0,6968.720428418063,1413
6952.954440801397,0.0,0.0,0.0,6952.954440801397,1414
6937.247742338559,0.0,0.0,0.0,6937.247742338559,1415
6921.601242651909,0.0,0.0,0.0,6921.601242651909,1416
6906.015835950878,0.0,0.0,0.0,6906.015835950878,1417
6890.492401031971,0.0,0.0,0.0,6890.492401031971,1418
6875.031801278766,0.0,0.0,0.0,6875.031801278766,1419
6859.634884661911,0.0,0.0,0.0,6859.634884661911,1420
6844.302483739133,0.0,0.0,0.0,6844.302483739133,1421
6829.035415655226,0.0,0.0,0.0,6829.035415655226,1422
6813.834482142061,0.0,0.0,0.0,6813.834482142061,1423
6798.700469518578,0.0,0.0,0.0,6798.700469518578,1424
6783.634148690793,0.0,0.0,0.0,6783.634148690793,1425
6768.636275151795,0.0,0.0,0.0,6768.636275151795,1426
6753.707588981745,0.0,0.0,0.0,6753.707588981745,1427
6738.848814847877,0.0,0.0,0.0,6738.848814847877,1428
6724.060662004498,0.0,0.0,0.0,6724.060662004498,1429
6709.343824292988,0.0,0.0,0.0,6709.343824292988,1430
6694.698980141799,0.0,0.0,0.0,6694.698980141799,1431
6680.126792566458,0.0,0.0,0.0,6680.126792566458,1432
6665.627909169564,0.0,0.0,0.0,6665.627909169564,1433
6651.202962140788,0.0,0.0,0.0,6651.202962140788,1434
6636.852568256875,0.0,0.0,0.0,6636.852568256875,1435
6622.577328881644,0.0,0.0,0.0,6622.577328881644,1436
6608.3778299659825,0.0,0.0,0.0,6608.3778299659825,1437
6594.2546420478575,0.0,0.0,0.0,6594.2546420478575,1438
6580.208320252304,0.0,0.0,0.0,6580.208320252304,1439
6566.239404291431,0.0,0.0,0.0,6566.239404291431,1440
6552.348418464421,0.0,0.0,0.0,6552.348418464421,1441
6538.535871657532,0.0,0.0,0.0,6538.535871657532,1442
6524.802257344089,0.0,0.0,0.0,6524.802257344089,1443
6511.148053584495,0.0,0.0,0.0,6511.148053584495,1444
6497.573723026225,0.0,0.0,0.0,6497.573723026225,1445
6484.079712903824,0.0,0.0,0.0,6484.079712903824,1446
6470.666455038914,0.0,0.0,0.0,6470.666455038914,1447
6457.334365840187,0.0,0.0,0.0,6457.334365840187,1448
6444.083846303411,0.0,0.0,0.0,6444.083846303411,1449
6430.915282011422,0.0,0.0,0.0,6430.915282011422,1450
6417.829043134135,0.0,0.0,0.0,6417.829043134135,1451
6404.825484428533,0.0,0.0,0.0,6404.825484428533,1452
6391.904945238674,0.0,0.0,0.0,6391.904945238674,1453
6379.067749495691,0.0,0.0,0.0,6379.067749495691,1454
6366.314205717785,0.0,0.0,0.0,6366.314205717785,1455
6353.644607010234,0.0,0.0,0.0,6353.644607010234,1456
6341.059231065388,0.0,0.0,0.0,6341.059231065388,1457
6328.558340162669,0.0,0.0,0.0,6328.558340162669,1458
6316.142181168572,0.0,0.0,0.0,6316.142181168572,1459
6303.810985536668,0.0,0.0,0.0,6303.810985536668,1460
6291.564969307597,0.0,0.0,0.0,6291.564969307597,1461
6279.4043331090725,0.0,0.0,0.0,6279.4043331090725,1462
6267.329262155884,0.0,0.0,0.0,6267.329262155884,1463
6255.33992624989,0.0,0.0,0.0,6255.33992624989,1464
6243.4364797800245,0.0,0.0,0.0,6243.4364797800245,1465
6231.619061722295,0.0,0.0,0.0,6231.619061722295,1466
6219.887795639777,0.0,0.0,0.0,6219.887795639777,1467
6208.242789682628,0.0,0.0,0.0,6208.242789682628,1468
6196.684136588069,0.0,0.0,0.0,6196.684136588069,1469
6185.2119136804,0.0,0.0,0.0,6185.2119136804,1470
6173.826182870992,0.0,0.0,0.0,6173.826182870992,1471
6162.526990658288,0.0,0.0,0.0,6162.526990658288,1472
6151.314368127805,0.0,0.0,0.0,6151.314368127805,1473
6140.1883309521345,0.0,0.0,0.0,6140.1883309521345,1474
6129.1488793909375,0.0,0.0,0.0,6129.1488793909375,1475
6118.19599829095,0.0,0.0,0.0,6118.19599829095,1476
6107.329657085983,0.0,0.0,0.0,6107.329657085983,1477
6096.549809796916,0.0,0.0,0.0,6096.549809796916,1478
6085.856395031703,0.0,0.0,0.0,6085.856395031703,1479
6075.249335985373,0.0,0.0,0.0,6075.249335985373,1480
6064.728540440027,0.0,0.0,0.0,6064.728540440027,1481
6054.293900764838,0.0,0.0,0.0,6054.293900764838,1482
6043.945293916053,0.0,0.0,0.0,6043.945293916053,1483
6033.6825814369895,0.0,0.0,0.0,6033.6825814369895,1484
6023.505609458042,0.0,0.0,0.0,6023.505609458042,1485
6013.414208696675,0.0,0.0,0.0,6013.414208696675,1486
6003.408194457425,0.0,0.0,0.0,6003.408194457425,1487
5993.487366631907,0.0,0.0,0.0,5993.487366631907,1488
5983.651509698802,0.0,0.0,0.0,5983.651509698802,1489
5973.900392723869,0.0,0.0,0.0,5973.900392723869,1490
5964.2337693599375,0.0,0.0,0.0,5964.2337693599375,1491
5954.651377846911,0.0,0.0,0.0,5954.651377846911,1492
5945.152941011764,0.0,0.0,0.0,5945.152941011764,1493
5935.738166268547,0.0,0.0,0.0,5935.738166268547,1494
5926.40674561838,0.0,0.0,0.0,5926.40674561838,1495
5917.158355649461,0.0,0.0,0.0,5917.158355649461,1496
5907.992657537055,0.0,0.0,0.0,5907.992657537055,1497
5898.909297043503,0.0,0.0,0.0,5898.909297043503,1498
5889.907904518221,0.0,0.0,0.0,5889.907904518221,1499
5880.988094897693,0.0,0.0,0.0,5880.988094897693,1500
5872.14946770548,0.0,0.0,0.0,5872.14946770548,1501
5863.391607052215,0.0,0.0,0.0,5863.391607052215,1502
5854.714081635601,0.0,0.0,0.0,5854.714081635601,1503
5846.11644474042,0.0,0.0,0.0,5846.11644474042,1504
5837.598234238521,0.0,0.0,0.0,5837.598234238521,1505
5829.158972588829,0.0,0.0,0.0,5829.158972588829,1506
5820.798166837341,0.0,0.0,0.0,5820.798166837341,1507
5812.515308617129,0.0,0.0,0.0,5812.515308617129,1508
5804.3098741483345,0.0,0.0,0.0,5804.3098741483345,1509
5796.181324238174,0.0,0.0,0.0,5796.181324238174,1510
5788.129104280937,0.0,0.0,0.0,5788.129104280937,1511
5780.152644257984,0.0,0.0,0.0,5780.152644257984,1512
5772.251358737753,0.0,0.0,0.0,5772.251358737753,1513
5764.42464687575,0.0,0.0,0.0,5764.42464687575,1514
5756.671892414556,0.0,0.0,0.0,5756.671892414556,1515
5748.992463683826,0.0,0.0,0.0,5748.992463683826,1516
5741.385713600285,0.0,0.0,0.0,5741.385713600285,1517
5733.850979667735,0.0,0.0,0.0,5733.850979667735,1518
5726.387583977047,0.0,0.0,0.0,5726.387583977047,1519
5718.994833206168,0.0,0.0,0.0,5718.994833206168,1520
5711.6720186201155,0.0,0.0,0.0,5711.6720186201155,1521
5704.418416070981,0.0,0.0,0.0,5704.418416070981,1522
5697.2332859979315,0.0,0.0,0.0,5697.2332859979315,1523
5690.115873427201,0.0,0.0,0.0,5690.115873427201,1524
5683.065407972104,0.0,0.0,0.0,5683.065407972104,1525
5676.08110383302,0.0,0.0,0.0,5676.08110383302,1526
5669.162159797407,0.0,0.0,0.0,5669.162159797407,1527
5662.310247533101,0.0,0.0,0.0,5662.310247533101,1528
5655.533852673244,0.0,0.0,0.0,5655.533852673244,1529
5648.83357686621,0.0,0.0,0.0,5648.83357686621,1530
5642.209211962648,0.0,0.0,0.0,5642.209211962648,1531
5635.660549389688,0.0,0.0,0.0,5635.660549389688,1532
5629.187380150945,0.0,0.0,0.0,5629.187380150945,1533
5622.789494826516,0.0,0.0,0.0,5622.789494826516,1534
5616.466683572984,0.0,0.0,0.0,5616.466683572984,1535
5610.218736123415,0.0,0.0,0.0,5610.218736123415,1536
5604.045441787355,0.0,0.0,0.0,5604.045441787355,1537
5597.9465894508385,0.0,0.0,0.0,5597.9465894508385,1538
5591.921967576379,0.0,0.0,0.0,5591.921967576379,1539
5585.971364202976,0.0,0.0,0.0,5585.971364202976,1540
5580.094566946112,0.0,0.0,0.0,5580.094566946112,1541
5574.291362997752,0.0,0.0,0.0,5574.291362997752,1542
5568.561539126347,0.0,0.0,0.0,5568.561539126347,1543
5562.904881676828,0.0,0.0,0.0,5562.904881676828,1544
5557.321176570612,0.0,0.0,0.0,5557.321176570612,1545
5551.810209305598,0.0,0.0,0.0,5551.810209305598,1546
5546.371764956169,0.0,0.0,0.0,5546.371764956169,1547
5541.005628173192,0.0,0.0,0.0,5541.005628173192,1548
5535.7115831840165,0.0,0.0,0.0,5535.7115831840165,1549
5530.489413792476,0.0,0.0,0.0,5530.489413792476,1550
5525.338903378887,0.0,0.0,0.0,5525.338903378887,1551
5520.25983490005,0.0,0.0,0.0,5520.25983490005,1552
5515.251990889249,0.0,0.0,0.0,5515.251990889249,1553
5510.315153456251,0.0,0.0,0.0,5510.315153456251,1554
5505.449104287307,0.0,0.0,0.0,5505.449104287307,1555
5500.653624645151,0.0,0.0,0.0,5500.653624645151,1556
5495.9284953689985,0.0,0.0,0.0,5495.9284953689985,1557
5491.273496874553,0.0,0.0,0.0,5491.273496874553,1558
5486.688409153998,0.0,0.0,0.0,5486.688409153998,1559
5482.173011776001,0.0,0.0,0.0,5482.173011776001,1560
5477.727083885714,0.0,0.0,0.0,5477.727083885714,1561
5473.350404204771,0.0,0.0,0.0,5473.350404204771,1562
5469.04275103129,0.0,0.0,0.0,5469.04275103129,1563
5464.803902239874,0.0,0.0,0.0,5464.803902239874,1564
5460.633635281608,0.0,0.0,0.0,5460.633635281608,1565
5456.5317271840595,0.0,0.0,0.0,5456.5317271840595,1566
5452.497954551281,0.0,0.0,0.0,5452.497954551281,1567
5448.532093563807,0.0,0.0,0.0,5448.532093563807,1568
5444.633919978659,0.0,0.0,0.0,5444.633919978659,1569
5440.803209129336,0.0,0.0,0.0,5440.803209129336,1570
5437.039735925827,0.0,0.0,0.0,5437.039735925827,1571
5433.343274854598,0.0,0.0,0.0,5433.343274854598,1572
5429.713599978605,0.0,0.0,0.0,5429.713599978605,1573
5426.150484937281,0.0,0.0,0.0,5426.150484937281,1574
5422.653702946549,0.0,0.0,0.0,5422.653702946549,1575
5419.223026798809,0.0,0.0,0.0,5419.223026798809,1576
5415.8582288629495,0.0,0.0,0.0,5415.8582288629495,1577
5412.559081084339,0.0,0.0,0.0,5412.559081084339,1578
5409.325354984832,0.0,0.0,0.0,5409.325354984832,1579
5406.156821662765,0.0,0.0,0.0,5406.156821662765,1580
5403.053251792958,0.0,0.0,0.0,5403.053251792958,1581
5400.014415626714,0.0,0.0,0.0,5400.014415626714,1582
5397.040082991823,0.0,0.0,0.0,5397.040082991823,1583
5394.130023292553,0.0,0.0,0.0,5394.130023292553,1584
5391.2840055096585,0.0,0.0,0.0,5391.2840055096585,1585
5388.501798200378,0.0,0.0,0.0,5388.501798200378,1586
5385.7831694984325,0.0,0.0,0.0,5385.7831694984325,1587
5383.127887114025,0.0,0.0,0.0,5383.127887114025,1588
5380.535718333845,0.0,0.0,0.0,5380.535718333845,1589
5378.006430021062,0.0,0.0,0.0,5378.006430021062,1590
5375.539788615333,0.0,0.0,0.0,5375.539788615333,1591
5373.135560132795,0.0,0.0,0.0,5373.135560132795,1592
5370.7935101660705,0.0,0.0,0.0,5370.7935101660705,1593
5368.513403884263,0.0,0.0,0.0,5368.513403884263,1594
5366.295006032963,0.0,0.0,0.0,5366.295006032963,1595
5364.138080934241,0.0,0.0,0.0,5364.138080934241,1596
5362.042392486654,0.0,0.0,0.0,5362.042392486654,1597
5360.007704165239,0.0,0.0,0.0,5360.007704165239,1598
5358.03377902152,0.0,0.0,0.0,5358.03377902152,1599
5356.1203796835025,0.0,0.0,0.0,5356.1203796835025,1600
5354.267268355676,0.0,0.0,0.0,5354.267268355676,1601
5352.474206819013,0.0,0.0,0.0,5352.474206819013,1602
5350.740956430968,0.0,0.0,0.0,5350.740956430968,1603
5349.067278125484,0.0,0.0,0.0,5349.067278125484,1604
5347.452932412982,0.0,0.0,0.0,5347.452932412982,1605
5345.897679380368,0.0,0.0,0.0,5345.897679380368,1606
5344.401278691033,0.0,0.0,0.0,5344.401278691033,1607
5342.963489584851,0.0,0.0,0.0,5342.963489584851,1608
5341.584070878178,0.0,0.0,0.0,5341.584070878178,1609
5340.262780963854,0.0,0.0,0.0,5340.262780963854,1610
5338.999377811204,0.0,0.0,0.0,5338.999377811204,1611
5337.793618966034,0.0,0.0,0.0,5337.793618966034,1612
5336.645261550635,0.0,0.0,0.0,5336.645261550635,1613
5335.554062263782,0.0,0.0,0.0,5335.554062263782,1614
5334.519777380731,0.0,0.0,0.0,5334.519777380731,1615
5333.542162753225,0.0,0.0,0.0,5333.542162753225,1616
5332.620973809488,0.0,0.0,0.0,5332.620973809488,1617
5331.755965554225,0.0,0.0,0.0,5331.755965554225,1618
5330.9468925686315,0.0,0.0,0.0,5330.9468925686315,1619
5330.193509010381,0.0,0.0,0.0,5330.193509010381,1620
5329.495568613631,0.0,0.0,0.0,5329.495568613631,1621
5328.852824689023,0.0,0.0,0.0,5328.852824689023,1622
5328.265030123683,0.0,0.0,0.0,5328.265030123683,1623
5327.73193738122,0.0,0.0,0.0,5327.73193738122,1624
5327.253298501725,0.0,0.0,0.0,5327.253298501725,1625
5326.828865101774,0.0,0.0,0.0,5326.828865101774,1626
5326.458388374426,0.0,0.0,0.0,5326.458388374426,1627
5326.141619089223,0.0,0.0,0.0,5326.141619089223,1628
5325.878307592193,0.0,0.0,0.0,5325.878307592193,1629
5325.6682038058425,0.0,0.0,0.0,5325.6682038058425,1630
5325.511057229165,0.0,0.0,0.0,5325.511057229165,1631
5325.406616937638,0.0,0.0,0.0,5325.406616937638,1632
5325.35463158322,0.0,0.0,0.0,5325.35463158322,1633
5325.3548493943545,0.0,0.0,0.0,5325.3548493943545,1634
5325.407018175969,0.0,0.0,0.0,5325.407018175969,1635
5325.510885309472,0.0,0.0,0.0,5325.510885309472,1636
5325.6661977527565,0.0,0.0,0.0,5325.6661977527565,1637
5325.872702040201,0.0,0.0,0.0,5325.872702040201,1638
5326.130144282666,0.0,0.0,0.0,5326.130144282666,1639
5326.438270167494,0.0,0.0,0.0,5326.438270167494,1640
5326.796824958514,0.0,0.0,0.0,5326.796824958514,1641
5327.205553496035,0.0,0.0,0.0,5327.205553496035,1642
5327.664200196851,0.0,0.0,0.0,5327.664200196851,1643
5328.172509054241,0.0,0.0,0.0,5328.172509054241,1644
5328.730223637966,0.0,0.0,0.0,5328.730223637966,1645
5329.33708709427,0.0,0.0,0.0,5329.33708709427,1646
5329.992842145881,0.0,0.0,0.0,5329.992842145881,1647
5330.69723109201,0.0,0.0,0.0,5330.69723109201,1648
5331.449995808353,0.0,0.0,0.0,5331.449995808353,1649
5332.2508777470875,0.0,0.0,0.0,5332.2508777470875,1650
5333.099617936876,0.0,0.0,0.0,5333.099617936876,1651
5333.995956982862,0.0,0.0,0.0,5333.995956982862,1652
5334.939635066676,0.0,0.0,0.0,5334.939635066676,1653
5335.930391946429,0.0,0.0,0.0,5335.930391946429,1654
5336.967966956717,0.0,0.0,0.0,5336.967966956717,1655
5338.052099008619,0.0,0.0,0.0,5338.052099008619,1656
5339.182526589698,0.0,0.0,0.0,5339.182526589698,1657
5340.358987763999,0.0,0.0,0.0,5340.358987763999,1658
5341.581220172052,0.0,0.0,0.0,5341.581220172052,1659
5342.848961030869,0.0,0.0,0.0,5342.848961030869,1660
5344.161947133947,0.0,0.0,0.0,5344.161947133947,1661
5345.519914851266,0.0,0.0,0.0,5345.519914851266,1662
5346.922600129288,0.0,0.0,0.0,5346.922600129288,1663
5348.369738490961,0.0,0.0,0.0,5348.369738490961,1664
5349.861065035715,0.0,0.0,0.0,5349.861065035715,1665
5351.396314439462,0.0,0.0,0.0,5351.396314439462,1666
5352.9752209546,0.0,0.0,0.0,5352.9752209546,1667
5354.59751841001,0.0,0.0,0.0,5354.59751841001,1668
5356.262940211054,0.0,0.0,0.0,5356.262940211054,1669
5357.971219339581,0.0,0.0,0.0,5357.971219339581,1670
5359.722088353921,0.0,0.0,0.0,5359.722088353921,1671
5361.515279388889,0.0,0.0,0.0,5361.515279388889,1672
5363.350524155781,0.0,0.0,0.0,5363.350524155781,1673
5365.227553942381,0.0,0.0,0.0,5365.227553942381,1674
5367.14609961295,0.0,0.0,0.0,5367.14609961295,1675
