subclone_1,subclone_2,subclone_3,subclone_4,total_tumor,days
7651.0,17758.0,59857.0,14734.0,100000.0,1
7707.03665660449,17875.85134356608,60208.70095304942,14783.05815294577,100574.64710616576,2
7763.4805087446775,17993.816951379238,60544.733552479054,14823.606041630792,101125.63705423375,3
7820.334647612692,18111.87728516,60861.733355072916,14854.630703956493,101648.57599180209,4
7877.6021957887315,18230.01215574629,61155.97692562932,14874.988784794186,102138.58006195854,5
7935.286340880447,18348.200658441965,61422.928913816446,14883.436770733182,102589.85268387204,6
7993.390347704879,18466.42114498289,61657.10700598505,14878.649205942094,102995.56770461492,7
8051.917558288458,18584.651223536956,61852.08192516852,14859.218692168826,103347.86939916277,8
8110.871391867006,18702.86775870405,62000.47743108281,14823.655888740586,103637.87247039445,9
8170.255344885737,18821.04687151609,62093.9703201265,14770.389512563877,103855.6620490922,10
8230.07299328836,18939.1639183884,62123.676492338345,14697.815961749633,103990.72936576472,11
8290.328028452404,19057.19332526592,62082.27262059559,14604.63041020038,104034.42438451429,12
8351.024262879644,19175.109057338585,61954.16188962361,14488.734249831376,103969.02945967321,13
8412.165667031824,19292.884350923727,61721.90159668231,14348.070978038551,103775.02259267641,14
8473.756378958096,19410.49161150286,61368.28646899869,14180.8881016026,103433.42256106225,15
8535.800704295027,19527.902413721695,60876.34866376681,13985.737136688991,102925.78891847252,16
8598.303116266592,19645.087501390128,60229.357768147784,13761.473608847959,102234.22199465246,17
8661.26825568418,19762.016787482244,59410.82079926981,13507.25705301451,101341.36289545073,18
8724.700930946592,19878.65935413632,58404.48220422814,13222.551013508419,100230.39350281947,19
8788.606118040043,19994.98345265483,57194.323860085104,12907.123044034231,98885.0364748142,20
8852.988960538154,20110.956503504432,55764.56507387009,12561.044707681263,97289.55524559395,21
8917.854582743672,20226.544463926264,54102.34698790808,12184.644916546806,95431.39095112482,22
8983.208384290723,20341.712338147943,52202.83844419974,11779.162134372073,93306.92130101049,23
9049.056323732322,20456.425245864186,50066.0103411538,11346.853008404769,90918.34491915508,24
9115.40415803551,20570.64627323935,47700.96758144742,10890.386080391965,88277.40409311425,25
9182.25742487429,20684.3364194689,45126.09467137515,10412.830545565273,85405.5190612836,26
9249.621442629614,20797.454596779393,42369.055720848904,9917.656252640847,82333.78801289876,27
9317.501310389398,20909.957630428496,39466.79444339797,9408.733703819385,79102.98708803525,28
9385.901907948515,21021.800258704978,36465.53415616906,8890.334054786135,75763.57037760867,29
9454.827895808789,21132.935132928695,33420.77777992618,8367.129114710884,72375.66992337455,30
9524.283715179203,21243.31281745082,30397.30782730089,7844.191345745924,69009.09570567684,31
9594.273618984136,21352.881614892176,27450.741264024182,7326.284237135655,65724.18073503615,32
9664.801028538714,21461.586248362724,24614.43330007405,6817.4566309451875,62558.27720792068,33
9735.868932628944,21569.368849299808,21921.54366794388,6321.609087222611,59548.39053709524,34
9807.480264417718,21676.16954961012,19398.406656157884,5842.112301812157,56724.16877199788,35
9879.637901444796,21781.926481669703,17064.531109271113,5381.807106354196,54107.902598739805,36
9952.344665626815,21886.57577832393,14932.600427869442,4943.00446828524,51714.52534010543,37
10025.603323257285,21990.051572887547,13008.472568569596,4527.485490837944,49551.61295555237,38
10099.416585006587,22092.285999144624,11291.180044019111,4136.501413041105,47619.38404121143,39
10173.787105921983,22193.209191348582,9772.929922896372,3770.773609719655,45910.69982988659,40
10248.717481619375,22292.749271518143,8439.14491071273,3430.4947346461404,44411.106398496384,41
10324.210275684083,22390.83223759821,7271.973960294994,3115.3594889038786,43102.375962481165,42
10400.268473711621,22487.383019352357,6255.333839565074,2824.665932143235,41967.65126477229,43
10476.895221230516,22582.324908985083,5373.827325417937,2557.535472963417,40990.58292859696,44
10554.093712861526,22675.57926445553,4612.744921948421,2312.9514799713224,40155.36937923679,45
10631.867192317655,22767.06550947747,3958.0648604512353,2089.7592817815384,39446.75684402791,46
10710.21895240414,22856.70113351933,3396.4530994209654,1886.6661670163414,38850.03935236078,47
10789.15234500456,22944.40171447239,2915.274525695327,1702.2456526819362,38351.07423785422,48
10868.671035624358,23030.081466578988,2503.0873661368587,1535.0870067038763,37936.92687504408,49
10948.778828872017,23113.652819537252,2149.977549428381,1383.8543326190802,37596.26353045673,50
11029.479564046906,23195.02626412674,1847.3026350245937,1247.2521279785549,37319.06059117679,51
11110.777164165442,23274.110475227015,1587.7019903831595,1124.0406633815364,37096.630293157155,52
11192.675635961086,23350.81231181763,1365.0967909647009,1013.0359824754927,36921.62072121891,53
11275.179069884349,23425.036816978143,1174.6900202328025,913.1099019561201,36788.015809051416,54
11358.291627053299,23496.687212660043,1012.6591586060723,823.1887512572152,36690.82674957663,55
11442.017440176132,23565.6648951753,872.9820409172175,742.2762655281597,36622.94064179681,56
11526.360904597039,23631.869709892908,753.468414727205,669.5219523970761,36581.22098161423,57
11611.32647480284,23695.199936524874,652.7055408419794,604.1439496438846,36563.375901813575,58
11696.918594839652,23755.55226207839,568.6443428780933,545.4143302440581,36566.529530040185,59
11783.141698312882,23812.82178085582,498.5994072627068,492.65910236862163,36587.221988800025,60
11870.000208387235,23866.90199445473,439.2489832335881,445.2582093841534,36621.409395459705,61
11957.498537786705,23917.684811767867,386.6349828391126,402.64552985278357,36664.46386224647,62
12045.641165497877,23965.06082963908,337.3327174412252,364.3101726895696,36712.344885267754,63
12134.43300792422,24008.92058775794,294.04096622179895,329.8157151238087,36767.21027702777,64
12223.878836890286,24049.15287843323,256.6316542514995,298.78213908993763,36828.445508664954,65
12313.983418181951,24085.645798551388,224.32213223980128,270.8587708168002,36894.81011978994,66
12404.751558677748,24118.286947738496,196.3988955291988,245.7234189280596,36965.1608208735,67
12496.188106348864,24146.96342836028,172.21758409520712,223.08237444219878,37038.451493246546,68
12588.297950259135,24171.561845522094,151.20298254636148,202.67041077252028,37113.733189100116,69
12681.086022036194,24191.96847189307,132.859654814155,184.25092823904504,37190.16507698246,70
12774.557306859362,24208.070085523683,116.85495877282337,167.62114265735056,37267.10349381322,71
12868.716831123253,24219.753197511258,102.90749732224927,152.6054464463241,37343.982972403086,72
12963.569661559939,24226.905278901017,90.75369029799595,139.04231753695194,37420.2709482959,73
13059.120906271037,24229.41495723684,80.15379533674086,126.78361470396982,37495.47327354859,74
13155.375714727712,24227.172016561242,70.89190787627545,115.69457756586247,37569.134216731094,75
13252.339277770678,24220.067397415398,62.775961155505314,105.65382658486396,37640.83646292645,76
13350.016828043726,24207.993476255157,55.63858177727579,96.55293181220092,37710.20181788836,77
13448.413643706223,24190.845542934803,49.35396774596818,88.296598597166,37776.90975298416,78
13547.535044665321,24168.519609965195,43.82727988567266,80.8058726747964,37840.68780719098,79
13647.386393068224,24140.915030768076,38.97093832081674,74.00834223030267,37901.28070438741,80
13747.973093812672,24107.935009227054,34.70371021324668,67.83688881491987,37958.44870206789,81
13849.300594546945,24069.486599687592,30.95070976222749,62.229687345907735,38011.96759134267,82
13951.374385669858,24025.480706957027,27.643398204442953,57.13020610655056,38061.62869693788,83
14054.200000330766,23975.832086304537,24.719583813995634,52.48720674615721,38107.23887719545,84
14157.783014429557,23920.45934346118,22.123421902406832,48.25474428006121,38148.62052407321,85
14262.129048866156,23859.28680765623,19.811339457027742,44.39252958541214,38185.61972556482,86
14367.243769520986,23792.244672640205,17.75684662703647,40.86730851941216,38218.11259730764,87
14473.132883926835,23719.267376391366,15.932840321777789,37.649330704147445,38245.98243134413,88
14579.802144659876,23640.296845693356,14.313970688897763,34.71082924410547,38269.123790286234,89
14687.257349376237,23555.282527900516,12.87670770000624,32.02601744713818,38287.4426024239,90
14795.504340812004,23464.181390937883,11.599341150676853,29.57108882446194,38300.85616172503,91
14904.549006783212,23366.957923301205,10.46198066044703,27.324217090657573,38309.293127835525,92
15014.397280185858,23263.584134056917,9.446555672817984,25.265556163670336,38312.69352607927,93
15125.055138995891,23154.03955284216,8.536815455254722,23.377240164809937,38311.008747458116,94
15236.528607438184,23038.31240938756,7.719271694164176,21.643416149059416,38304.203704668966,95
15348.823756530177,22916.401819021783,6.985586477547666,20.050799051600418,38292.2619610811,96
15461.946700438226,22788.31457837563,6.327701576745055,18.5877555685855,38275.17673595919,97
15575.903600511067,22654.067907327397,5.737972888443758,17.24338210060832,38252.95286282751,98
15690.700665488028,22513.689619267243,5.20926362290135,16.007486851676862,38225.60703522984,99
15806.344151499043,22367.21812109716,4.734944303945557,14.870589829213475,38193.167806729354,100
15922.840362064637,22214.702413231,4.308892768974262,13.823922844054856,38155.67559090867,101
16040.195648095934,22056.202089594448,3.925494168955505,12.859429510452046,38113.182661369785,102
16158.416407894656,21891.78733762504,3.5796409684274826,11.969765246070438,38065.75315173419,103
16277.509087153123,21721.538938272162,3.2667329454985428,11.148297271989783,38013.46305564277,104
16397.480180031973,21545.547967373528,2.982916921386727,10.38910699879662,37956.40017132568,105
16518.336229210596,21363.91755555845,2.725760175379344,9.687183946498315,37894.66672889092,106
16640.08382192489,21176.764099873853,2.492906509897983,9.038147133243193,37828.37897544189,107
16762.7295946588,20984.214125309172,2.282107536279393,8.43787241125912,37757.66369991551,108
16886.280233414225,20786.404150085564,2.091253634932473,7.88248276187602,37682.658119896594,109
17010.742473711067,20583.48068565594,1.9183739553382733,7.36834829552587,37603.50988161787,110
17136.123100587192,20375.600236704926,1.7616364160499944,6.892086251742694,37520.37705995991,111
17262.428948598452,20162.9293011489,1.6193477046929872,6.450560999162577,37433.42815845121,112
17389.66690181868,19945.644370135957,1.489953277964753,6.040884035523649,37342.842109268124,113
17517.843893839683,19723.931928045942,1.3720373616349448,5.6604139876660975,37248.80827323493,114
17646.966907771246,19497.988452490426,1.2643229505453633,5.306756611532156,37151.526439823756,115
17777.04297757281,19268.017272174693,1.1657255257268502,4.9777599647647515,37051.20373523799,116
17908.07918818491,19034.225451461854,1.0755371358449461,4.671572531652206,36948.05174931427,117
18040.082669090323,18796.837951199443,0.9930795543738148,4.386585684921618,36842.30028552906,118
18173.06060123188,18556.0840607746,0.9177014143972317,4.121279799349983,36734.18364322023,119
18307.020217522113,18312.19631500469,0.848788425888038,3.87421808015896,36623.93953903284,120
18441.96880284326,18065.410494137308,0.7857633757081404,3.644046563014875,36511.80910691929,121
18577.913694047274,17815.96562385027,0.7280861276085117,3.429494114028717,36398.03689813918,122
18714.86227995579,17564.103975251608,0.6752536222291902,3.2293724297561397,36282.87088125938,123
18852.822001360153,17310.0710648796,0.62679987709928,3.042576037197461,36166.56244215405,124
18991.800351021422,17054.11565470273,0.5822959866369516,2.868082293797662,36049.366384004585,125
19131.80487367035,16796.489752119724,0.5413501221494399,2.7049513874463913,35931.54092729967,126
19272.84316600739,16537.448609959512,0.5036075318330466,2.55232633647796,35813.34770983522,127
19414.922877629924,16277.249108426382,0.46875414734216303,2.4094312048200877,35695.05017140846,128
19558.05171729265,16016.134022358961,0.43656775645402823,2.2755721251092837,35576.89787953318,129
19702.237435616065,15754.356381931153,0.40685775604400265,2.1501615113590997,35459.150836814624,130
19847.487835813823,15492.168394985209,0.3794368140378896,2.032649780378667,35342.068317393445,131
19993.81077722463,15229.816273595328,0.3541272252527775,1.9225140410853032,35225.9036920863,132
20141.214175312245,14967.540234067657,0.3307609113970398,1.81925809450451,35110.9044283858,133
20289.706001665498,14705.574496940288,0.3091794210703349,1.7224124337699742,34997.31209046063,134
20439.29428399827,14444.147286983256,0.28923392976360673,1.6315342441235674,34885.362339155414,135
20589.987106149507,14183.48083319854,0.2707852398590837,1.5462074029153448,34775.28493199082,136
20741.792608083204,13923.791368820073,0.25370378063027976,1.4660424796035483,34667.30372316351,137
20894.718985888423,13665.289131313726,0.23786960824199355,1.390676735754603,34561.636663546145,138
21048.774491779284,13408.178362377315,0.22317240575030906,1.3197741250431203,34458.495800687386,139
21203.967434094964,13152.657307940608,0.20951148310259526,1.2530252932518942,34358.08727881192,140
21360.3061772997,12898.918218165314,0.19679577713750618,1.1901475782719044,34260.61133882042,141
21517.799146203106,12647.146002426878,0.18494555086952855,1.1308829462557308,34166.26097712711,142
21676.454835754073,12397.509528908324,0.17390267011052393,1.0749977574985117,34075.21326509,143
21836.281776281463,12150.169787543698,0.16361410059153025,1.0222938002541602,33987.63747172601,144
21997.288557650525,11905.279486791129,0.15402850190174133,0.9725835610757748,33903.694656504624,145
22159.48383294171,11662.982381367206,0.14509694498904427,0.9256877362378985,33823.53699899014,146
22322.876318450646,11423.413272247,0.13677291216001922,0.8814352317365177,33747.307798841546,147
22487.474793688147,11186.698006664052,0.1290122970799396,0.8396631632890628,33675.14147581257,148
22653.28810138022,10952.953478110368,0.12177340477277203,0.8002168563344074,33607.1635697517,149
22820.325147468062,10722.287626336434,0.11501695162117623,0.7629498460328694,33543.490740602145,150
22988.594901108052,10494.799437351207,0.10870606536650522,0.7277238772662105,33484.23076840189,151
23158.106394671762,10270.578943422108,0.10280628510880513,0.6944089046376363,33429.48255328362,152
23328.868723745945,10049.70722307504,0.09728556130681534,0.6628830924717952,33379.33611547477,153
23500.891047132554,9832.25640109437,0.0921142557779683,0.6330328148147809,33333.87259529752,154
23674.182586848714,9618.289648522941,0.08726514169838975,0.6047526554341295,33293.16425316879,155
23848.75262812675,9407.861182662065,0.08271340360289861,0.5779454078188215,33257.274469600234,156
24024.610519414164,9201.01626707153,0.07843663738500696,0.5525220751792815,33226.25774519826,157
24201.765682450314,8997.795507866529,0.07441591883308872,0.5284018013844372,33200.16400803706,158
24380.227614084146,8798.235723142461,0.07063697008077341,0.5055127181318532,33179.03948691482,159
24560.005853650473,8602.356223269971,0.06708495113370193,0.4837886981067374,33162.912950569684,160
24741.110011438755,8410.170975192661,0.06374559554366577,0.46316637785078135,33151.80789860481,161
24923.5497699494,8221.689137738673,0.060605309013773895,0.4435851023358397,33145.743098099425,162
25107.334883893756,8036.915061620684,0.05765116939845279,0.42498692496393015,33144.732583608806,163
25292.475180194113,7855.848289435907,0.05487092670344643,0.4073166075672336,33148.78565716429,164
25478.9805579837,7678.483555666093,0.052253003085816305,0.3905216204080942,33157.90688827329,165
25666.860988606702,7504.810786677531,0.049786492853941426,0.3745521421790191,33172.096113919266,166
25856.126515618234,7334.815100721043,0.04746116246751825,0.35936106000267876,33191.34843856174,167
26046.78725478436,7168.47680793199,0.04526745053756079,0.3449039694319066,33215.65423413632,168
26238.853394082085,7005.7714103302715,0.043196467826400554,0.3311391744496994,33244.999140054635,169
26432.335193699357,6846.669601820318,0.041239997247686545,0.31802768746921717,33279.3640632044,170
26627.242986035064,6691.137268191105,0.03939049386638525,0.3055332293337825,33318.725177949374,171
26823.58717569905,6539.135487116138,0.03764108489878072,0.293622229316882,33363.053926129396,172
27021.378239549922,6390.62054319369,0.0359855693792095,0.2822638227016458,33412.317032135696,173
27220.62674673626,6245.553001129417,0.03441823962260634,0.27142853048961346,33466.485594635786,174
27421.34333238475,6103.890313360478,0.03293397434032322,0.26108944552768815,33525.527669165094,175
27623.53869271309,5965.5819144622255,0.031528067177433075,0.2512220016849111,33589.40335724418,176
27827.22360556221,5830.576472600695,0.030196018442926627,0.24180260652472033,33658.072076787874,177
28032.40893039629,5698.821889532613,0.028933535109712385,0.23280864130495055,33731.49256210532,178
28239.105608302743,5570.26530060539,0.02773653081461664,0.22421846097783338,33809.622863899924,179
28447.324661992232,5444.853074757126,0.026601125858383486,0.21601139418999712,33892.42034926941,180
28657.077195798654,5322.530814516606,0.025523647205674793,0.20816774328246687,33979.84170170575,181
28868.37439567916,5203.243356003305,0.024500628485070224,0.2006687842906646,34071.84292109523,182
29081.22752921412,5086.934768927381,0.02352880998906724,0.19349676694440893,34168.37932371843,183
29295.647945607176,4973.548356589682,0.022605138674081073,0.18663491466791535,34269.40554225019,184
29511.647075685185,4863.026655881743,0.02172676816044477,0.18006742457979613,34374.87552575967,185
29729.236431898265,4755.311437285784,0.020891058732409137,0.17377946749306022,34484.74253971027,186
29948.427608319762,4650.3437048747155,0.020095577338142788,0.16775718791511357,34598.95916595973,187
30169.232280646273,4548.06369631213,0.01933809758973212,0.1619877040477587,34717.477302760046,188
30391.662207401594,4448.4111334368745,0.01861659102597826,0.15645907209677093,34840.24841650159,189
30615.729242529025,4351.328659109047,0.01792909598712191,0.15115977775570316,34967.226990511816,190
30841.445314522654,4256.758262877908,0.017273795766794307,0.146079072508121,35098.36693026884,191
31068.822437020805,4164.641824179379,0.016648982774399853,0.14120676256086692,35233.622116945524,192
31297.872713722372,4074.9219264847948,0.016053030181674092,0.13653308539728112,35372.94722632274,193
31528.608338386803,3987.541857300903,0.015484391922683692,0.13204870977720162,35516.2977287894,194
31761.04159483411,3902.4456081698654,0.014941602693826446,0.12774473573696418,35663.6298893424,195
31995.184856944878,3819.5778746692567,0.01442327795383128,0.12361269458940231,35814.90076758668,196
32231.050588660244,3738.884056412065,0.01392811392375825,0.11964454892384731,35970.06821773516,197
32468.65134398192,3660.3102570466926,0.013454887586998534,0.1158326926061282,36129.09088860881,198
32707.99976697217,3583.803284256955,0.013002456689274444,0.11216995077857185,36291.92822363659,199
32949.10859175384,3509.31064976208,0.01256975973863942,0.1086495798600028,36458.54046085552,200
33191.990644107376,3436.78061611458,0.012151126048015364,0.10526523291765111,36628.88867658092,201
33436.658850033644,3366.1626492515534,0.011718364276615807,0.10201070695474956,36802.93522835644,202
33683.12621564264,3297.4070219236155,0.011293558619753006,0.0988803034197911,36980.6434114283,203
33931.40584131809,3230.464925129899,0.010903363962550473,0.09586861066328592,37161.97753842261,204
34181.51092533054,3165.288541723926,0.010567632947790064,0.09297043566464676,37346.90300512308,205
34433.45476383736,3101.83104641361,0.010299415975911982,0.0901808040321888,37535.386290470975,206
34687.25075088274,3040.046605761253,0.010104961205014772,0.0874949600031297,37727.3949565652,207
34942.912378397676,2979.890378183548,0.009983714550855323,0.08490836644358961,37922.89764866222,208
35200.453236199995,2921.3185139515776,0.009928319686848873,0.08241670484859111,38121.864095176104,209
35459.88701199434,2864.288155190815,0.009924618044069,0.08001587534205928,38324.26510767854,210
35721.22749137218,2808.7574358811216,0.009951648811247629,0.07770199667682168,38530.07258089879,211
35984.48855781178,2754.685481856751,0.009981648934775034,0.07547140623460831,38739.25949272371,212
36249.68419610015,2702.03236429847,0.0,0.07332062847503902,38951.7898810271,213
36516.82850264295,2650.7589452894,0.0,0.0712462391248494,39167.65869417148,214
36785.9356535882,2600.8273118806505,0.0,0.06924512313654436,39386.832210591994,215
37057.019927940004,2552.200490558768,0.0,0.06731430917844947,39609.28773280795,216
37330.095711644106,2504.842393689585,0.0,0.06545093602618669,39835.003556269716,217
37605.177497587894,2458.7178195182255,0.0,0.06365225256267443,40063.95896935868,218
37882.27988560041,2413.7924521690993,0.0,0.061915617778127485,40296.13425338729,219
38161.41758245232,2370.032861645906,0.0,0.060238500770057116,40531.510682599,220
38442.60540185595,2327.406503831633,0.0,0.05861848074327098,40770.070524168324,221
38725.85826446528,2285.881720488556,0.0,0.057053247009873166,41011.79703820084,222
39011.1911978759,2245.427739258239,0.0,0.05554059898926418,41256.674477733126,223
39298.619336625095,2206.0146736615347,0.0,0.054078446208140965,41504.68808873284,224
39588.15792219175,2167.6135230985838,0.0,0.05266480830049686,41755.824110098634,225
39879.822302996414,2130.196172848815,0.0,0.051297815007621664,42010.06977366024,226
40173.62823413861,2093.734928897741,0.0,0.04997684466280685,42267.41313988101,227
40469.59151749269,2058.203177631416,0.0,0.0487012122046203,42527.84339633631,228
40767.72769635478,2023.5755827764538,0.0,0.047468893212269665,42791.350748024444,229
41068.052442695924,1989.8273476534705,0.0,0.046277932713598924,43057.92606828211,230
41370.581557393976,1956.934214781941,0.0,0.045126446049218366,43327.56089862197,231
41675.33097023357,1924.8724658801968,0.0,0.04401261887250465,43600.24744873263,232
41982.316739906106,1893.618921865427,0.0,0.042934707149600744,43875.97859647868,233
42291.55505400981,1863.1509428536779,0.0,0.04189103715941598,44154.74788790065,234
42603.06222904968,1833.446428159853,0.0,0.040880005493626026,44436.54953721503,235
42916.854710437496,1804.4838162977132,0.0,0.039900079056672866,44721.37842681426,236
43232.94907249183,1776.242084979877,0.0,0.03894979506576486,45009.230107266776,237
43551.36201843805,1748.7007511178203,0.0,0.03802776105087667,45300.100797316925,238
43872.11038040831,1721.8398708218758,0.0,0.03713265485474934,45593.98738388504,239
44195.21111944155,1695.640039401234,0.0,0.0362632246328902,45890.88742206741,240
44520.6813254835,1670.0823913639424,0.0,0.03541828885357297,46190.799135136294,241
44848.53821738668,1645.1486004169058,0.0,0.03459673629783768,46493.72141453988,242
45178.7991429104,1620.820879465887,0.0,0.0337975260594907,46799.65381990235,243
45511.48157872075,1597.081980615505,0.0,0.03301968754510476,47108.5965790238,244
45846.60313039062,1573.915195169238,0.0,0.0322623204740189,47420.55058788034,245
46184.18153239968,1551.304353629419,0.0,0.03152459487833853,47735.51741062398,246
46524.2346481344,1529.2338256972403,0.0,0.03080575110293537,48053.49927958275,247
46866.78046988803,1507.6885202727512,0.0,0.030105099805447504,48374.49909526058,248
47211.8371188606,1486.6538854548576,0.0,0.029422021956279333,48698.52042633742,249
47559.42284515896,1466.1159085413233,0.0,0.028755968838601632,49025.56750966912,250
47909.55602779671,1446.0611160287692,0.0,0.028106462048351467,49355.645250287525,251
48262.25517469426,1426.4765736126742,0.0,0.027473093494232288,49688.759221400425,252
48617.538922678825,1407.3498861873732,0.0,0.026855525397713843,50024.9156643916,253
48975.42603748436,1388.6691978460594,0.0,0.026253490293032263,50364.12148882071,254
49335.935413751664,1370.4231918807836,0.0,0.025666791027189995,50706.38427242348,255
49699.08607502828,1352.6010907824534,0.0,0.025095300759955804,51051.7122611115,256
50064.89717376857,1335.1926562408335,0.0,0.02453896296386485,51400.11436897237,257
50433.38799133367,1318.1881891445464,0.0,0.023997791424218578,51751.60017826964,258
50804.57793799151,1301.5785295810722,0.0,0.023471870239084803,52106.17993944282,259
51178.48655291682,1285.3550568367473,0.0,0.02296135381929765,52463.864571107384,260
51555.13350419108,1269.5096893967661,0.0,0.022466466888457656,52824.66566005473,261
51934.5385888026,1254.0348849451811,0.0,0.021987504482931578,53188.59546125227,262
52316.72173264647,1238.9236403649004,0.0,0.02152483195185263,53555.666897843315,263
52701.70299052455,1224.1694917376908,0.0,0.021078884957120292,53925.8935611472,264
53089.50254614551,1209.7665143441764,0.0,0.020650169473400412,54299.289710659155,265
53480.14078836036,1195.7066872208254,0.0,0.020238350538031042,54675.86771393172,266
53873.638631013455,1181.9675730664296,0.0,0.01983804049507102,55055.626042120384,267
54270.016738895596,1168.5387443786537,0.0,0.01944799953447474,55438.57493127378,268
54669.29585642155,1155.4126318447452,0.0,0.019067932233806123,55824.72755619853,269
55071.4968904817,1142.5818241627358,0.0,0.01869754978669817,56214.09741219422,270
55476.640910442045,1130.0390680414428,0.0,0.01833657000285295,56606.69831505349,271
55884.7491481442,1117.7772682004668,0.0,0.01798471730804162,57002.54440106197,272
56295.8429979054,1105.7894873701935,0.0,0.017641722744104405,57401.650126998335,273
56709.94401651849,1094.0689462917933,0.0,0.017307323968950607,57804.03027013426,274
57127.07392325195,1082.609023717221,0.0,0.016981265256558607,58209.69992823442,275
57547.254599849846,1071.4032564092151,0.0,0.016663297496975857,58618.67451955655,276
57970.508090531875,1060.4453391412999,0.0,0.01635317819631889,59030.96978285137,277
58396.856601993364,1049.7291246977832,0.0,0.016050671476773318,59446.60177736262,278
58826.32250340524,1039.2486238737579,0.0,0.015755548076593823,59865.58688282707,279
59258.92832641405,1028.998005475101,0.0,0.01546758535010416,60287.941799474494,280
59694.69676514194,1018.9715963184746,0.0,0.015186567267697173,60713.68354802768,281
60133.65067618672,1009.1638812313245,0.0,0.01491228441583477,61142.82946970246,282
60575.81307862176,999.5695030518815,0.0,0.014644533997047944,61575.39722620764,283
61021.20715399609,990.1832626291608,0.0,0.014383119829936756,62011.404799745076,284
61469.85624633432,981.0001188229623,0.0,0.014127852349170349,62450.870493009636,285
61921.78386213671,972.0151885038701,0.0,0.013878548605486941,62893.81292918919,286
62377.01367037912,963.223746553253,0.0,0.013635032265693825,63340.25105196464,287
62835.569502513026,954.6212258632644,0.0,0.01339713361266737,63790.2041255099,288
63297.475352465524,946.2032173368418,0.0,0.013164689545353023,64243.69173449191,289
63762.75537663932,937.9654698877075,0.0,0.01293754357876531,64700.7337840706,290
64231.433893912734,929.9038904403683,0.0,0.012715545843987822,65161.35049989895,291
64703.53538563973,922.0145439301156,0.0,0.012498553088173237,65625.56242812292,292
65179.08449564983,914.293653303025,0.0,0.012286428674543309,66093.39043538153,293
65658.10603024825,906.7375995159571,0.0,0.012079042582388863,66564.85570880679,294
66140.62495821576,899.3429215365564,0.0,0.011876271407069799,67039.97975602373,295
66626.66651013044,892.1060324200962,0.0,0.011676212805387744,67518.78421876334,296
67116.25636164995,885.0225132189577,0.0,0.011472565844184773,68001.29034743475,297
67609.41996942928,878.0889623965103,0.0,0.011267004460321058,68487.52019883024,298
68106.1829409098,871.3021632359643,0.0,0.011061888082946534,68977.49616603384,299
68606.57108107806,864.6589617004545,0.0,0.010859384336225537,69471.24090216284,300
69110.6103924657,858.1562664330401,0.0,0.010661469039336808,69968.7773203678,301
69618.32707514953,851.7910487567046,0.0,0.010469926206473487,70470.12859383243,302
70129.74752675145,845.5603426743564,0.0,0.01028634804684312,70975.31815577386,303
70644.89834243851,839.4612448688279,0.0,0.010112134964667658,71484.3696994423,304
71163.80631492284,833.4909147028761,0.0,0.009948495559183455,71997.30717812128,305
71686.49843446178,827.6465742191826,0.0,0.009796446624641261,72514.15480512759,306
72213.00188885773,821.9255081403534,0.0,0.009656813150306236,73034.93705381124,307
72743.34406345822,816.3250638689187,0.0,0.009530228320457945,73559.67865755546,308
73277.55254115596,810.8426514873336,0.0,0.009417133514390347,74088.4046097768,309
73815.65510238874,805.4757437579773,0.0,0.009317778306411815,74621.14016392504,310
74357.67972513947,800.2218761231536,0.0,0.009232220465845114,75157.9108334831,311
74903.65458493624,795.0786467050907,0.0,0.009160325957027421,75698.74239196729,312
75453.60805485221,790.0437163059414,0.0,0.009101768939310313,76243.6608729271,313
76007.5687055057,785.1148084077829,0.0,0.009056031767059769,76792.69256994525,314
76565.56530506015,780.2897091726168,0.0,0.009022404989656172,77345.86403663777,315
77127.62681922413,775.566267442369,0.0,0.008999987351494307,77903.20208665384,316
77693.78241125133,770.9423947388902,0.0,0.008987685791983367,78464.73379367602,317
78264.06144194056,766.4160652639555,0.0,0.00898421544554694,79030.48649141996,318
78838.49346963577,761.9853158992643,0.0,0.008988099641623021,79600.48777363467,319
79417.10825022605,757.6482462064403,0.0,0.008997669904664014,80174.76549410241,320
79999.93573714558,753.4030184270321,0.0,0.009011065954136716,80753.34776663857,321
80587.00608137372,749.2478574825126,0.0,0.00902623570452233,81336.26296509194,322
81178.3496314349,745.1810509742788,0.0,0.009040935265316467,81923.53972334445,323
81773.99693339872,741.2009491836527,0.0,0.009052728941029136,82515.20693531132,324
82373.97873087988,737.3059650718806,0.0,0.009058989231184754,83111.293754941,325
82978.32616690797,733.4944246243596,0.0,0.0,83711.82059153232,326
83587.07089899444,729.7644141704051,0.0,0.0,84316.83531316485,327
84200.24421775353,726.114428724524,0.0,0.0,84926.35864647805,328
84817.87761815646,722.5430139863639,0.0,0.0,85540.42063214282,329
85440.00283611013,719.0487411746491,0.0,0.0,86159.05157728477,330
86066.65184845698,715.6302070271807,0.0,0.0,86782.28205548416,331
86697.85687297513,712.2860338008369,0.0,0.0,87410.14290677596,332
87333.65036837824,709.0148692715726,0.0,0.0,88042.66523764981,333
87974.06503431564,705.8153867344193,0.0,0.0,88679.88042105007,334
88619.13381137224,702.6862850034858,0.0,0.0,89321.82009637573,335
89268.88988106856,699.6262884119573,0.0,0.0,89968.51616948053,336
89923.36666586075,696.6341468120961,0.0,0.0,90620.00081267285,337
90582.59782914053,693.7086355752413,0.0,0.0,91276.30646471577,338
91246.61727523529,690.8485555918087,0.0,0.0,91937.4658308271,339
91915.45914940797,688.0527332712911,0.0,0.0,92603.51188267926,340
92589.15783785713,685.320020542258,0.0,0.0,93274.47785839939,341
93267.74796771699,682.6492948523558,0.0,0.0,93950.39726256934,342
93951.26440705733,680.0394591683078,0.0,0.0,94631.30386622564,343
94639.74226488355,677.4894419759139,0.0,0.0,95317.23170685946,344
95333.21689113666,674.9981972800512,0.0,0.0,96008.2150884167,345
96031.7238766933,672.5647046046731,0.0,0.0,96704.28858129798,346
96735.29905336568,670.1879689928106,0.0,0.0,97405.4870223585,347
97443.97849390168,667.8670210065709,0.0,0.0,98111.84551490826,348
98157.79851198473,665.6009167271382,0.0,0.0,98823.39942871187,349
98876.7956622339,663.3887377547735,0.0,0.0,99540.18439998868,350
99601.00674020384,661.2295912088149,0.0,0.0,100262.23633141266,351
100330.46878238488,659.122609727677,0.0,0.0,100989.59139211256,352
101065.21906620287,657.0669514688514,0.0,0.0,101722.28601767172,353
101805.29511001935,655.0618001089065,0.0,0.0,102460.35691012825,354
102550.73467313139,653.1063648434875,0.0,0.0,103203.84103797488,355
103301.57575577174,651.1998803873166,0.0,0.0,103952.77563615906,356
104057.85659910875,649.3416069741927,0.0,0.0,104707.19820608295,357
104819.61568524633,647.5308303569915,0.0,0.0,105467.14651560332,358
105586.89867843932,645.7626646099114,0.0,0.0,106232.66134304923,359
106359.75282592463,644.0311630892002,0.0,0.0,107003.78398901383,360
107138.21563248607,642.3362976972387,0.0,0.0,107780.55193018331,361
107922.32490586014,640.6780676816969,0.0,0.0,108563.00297354184,362
108712.11881142299,639.0564670673263,0.0,0.0,109351.17527849031,363
109507.63587219047,637.4714846559598,0.0,0.0,110145.10735684643,364
110308.91496881803,635.9231040265122,0.0,0.0,110944.83807284455,365
111115.99533960083,634.4113035349794,0.0,0.0,111750.40664313581,366
111928.91658047368,632.9360563144392,0.0,0.0,112561.85263678813,367
112747.71864501103,631.4973302750508,0.0,0.0,113379.21597528608,368
113572.441844427,630.095088104055,0.0,0.0,114202.53693253105,369
114403.12684757536,628.7292872657741,0.0,0.0,115031.85613484113,370
115239.81468094958,627.3998800016121,0.0,0.0,115867.2145609512,371
116082.54672868273,626.1068133300544,0.0,0.0,116708.65354201279,372
116931.36473254758,624.8500290466678,0.0,0.0,117556.21476159424,373
117786.31079195655,623.629463724101,0.0,0.0,118409.94025568066,374
118647.42736396172,622.4450487120841,0.0,0.0,119269.8724126738,375
119514.75726325483,621.2967101374288,0.0,0.0,120136.05397339225,376
120388.34366216724,620.1843689040281,0.0,0.0,121008.52803107127,377
121268.23009067007,619.1079406928569,0.0,0.0,121887.33803136293,378
122154.46043637399,618.0673359619716,0.0,0.0,122772.52777233596,379
123047.07894452939,617.0624599465098,0.0,0.0,123664.1414044759,380
123946.1302180263,616.093212658691,0.0,0.0,124562.22343068499,381
124851.65921739442,615.1594888878161,0.0,0.0,125466.81870628224,382
125763.7112608031,614.2611782002678,0.0,0.0,126377.97243900337,383
126682.33202406135,613.3981649395099,0.0,0.0,127295.73018900087,384
127607.56754061786,612.5703282260882,0.0,0.0,128220.13786884396,385
128539.46420156094,611.7775419576299,0.0,0.0,129151.24174351858,386
129478.0687556186,611.0196748088435,0.0,0.0,130089.08843042745,387
130423.4283091585,610.2965902315194,0.0,0.0,131033.72489939001,388
131375.5903261879,609.6081464545294,0.0,0.0,131985.19847264243,389
132334.60262835384,608.954196483827,0.0,0.0,132943.55682483767,390
133300.5133949429,608.3345881024468,0.0,0.0,133908.84798304533,391
134273.37116288138,607.7491638705055,0.0,0.0,134881.12032675187,392
135253.22482673524,607.197761125201,0.0,0.0,135860.42258786043,393
136240.12363871007,606.680211980813,0.0,0.0,136846.8038506909,394
137234.11720865118,606.1963433287027,0.0,0.0,137840.3135519799,395
138235.25550404345,605.7459768373126,0.0,0.0,138841.00148088078,396
139243.5888500115,605.3289289521668,0.0,0.0,139848.91777896366,397
140259.16792931958,604.9450108958714,0.0,0.0,140864.11294021545,398
141282.04378237153,604.5940286681135,0.0,0.0,141886.63781103963,399
142312.267807211,604.2757830456621,0.0,0.0,142916.54359025665,400
143349.89175952118,603.9900695823677,0.0,0.0,143953.88182910354,401
144394.96775262494,603.7366786091621,0.0,0.0,144998.7044312341,402
145447.54825748486,603.515395234059,0.0,0.0,146051.0636527189,403
146507.68610270313,603.3259993421534,0.0,0.0,147111.0121020453,404
147575.4344745216,603.168265595622,0.0,0.0,148178.60274011723,405
148650.84691682179,603.0419634337228,0.0,0.0,149253.88888025552,406
149733.97733112492,602.9468570727959,0.0,0.0,150336.9241881977,407
150824.8799765918,602.8827055062621,0.0,0.0,151427.76268209805,408
151923.6094700229,602.8492625046248,0.0,0.0,152526.45873252754,409
153030.22078585846,602.8462766154681,0.0,0.0,153633.0670624739,410
154144.76925617823,602.873491163458,0.0,0.0,154747.64274734168,411
155267.31057070172,602.930644250342,0.0,0.0,155870.24121495205,412
156397.9007767881,603.017468754949,0.0,0.0,157000.91824554306,413
157536.5962794361,603.13369233319,0.0,0.0,158139.7299717693,414
158683.45384128427,603.2790374180568,0.0,0.0,159286.7328787023,415
159838.53058261063,603.4532212196232,0.0,0.0,160441.98380383026,416
161001.883981333,603.6559557250445,0.0,0.0,161605.53993705806,417
162173.57187300883,603.8869476985575,0.0,0.0,162777.4588207074,418
163353.65245083522,604.1458986814805,0.0,0.0,163957.7983495167,419
164542.1842656489,604.4325049922136,0.0,0.0,165146.6167706411,420
165739.22622592628,604.7464577262381,0.0,0.0,166343.9726836525,421
166944.83759778345,605.087442756117,0.0,0.0,167549.92504053956,422
168159.07800497618,605.455140731495,0.0,0.0,168764.53314570768,423
169382.00742889981,605.8492270790981,0.0,0.0,169987.85665597892,424
170613.68620858947,606.2693720027341,0.0,0.0,171219.9555805922,425
171854.17504071977,606.7152404832922,0.0,0.0,172460.89028120306,426
173103.53497960512,607.186492278743,0.0,0.0,173710.72147188385,427
174361.8274371996,607.6827819241391,0.0,0.0,174969.51021912374,428
175629.11418309686,608.2037587316141,0.0,0.0,176237.31794182846,429
176905.45734453024,608.7490667903837,0.0,0.0,177514.20641132063,430
178190.91940637276,609.3183449667448,0.0,0.0,178800.2377513395,431
179485.56321113714,609.9112269040758,0.0,0.0,180095.47443804122,432
180789.45195897564,610.5273410228369,0.0,0.0,181399.97929999846,433
182102.6492076803,611.1663105205697,0.0,0.0,182713.8155182009,434
183425.21887268272,611.8277533718974,0.0,0.0,184037.04662605462,435
184757.2252270543,612.5112823285249,0.0,0.0,185369.7365093828,436
186098.7329015059,613.2165049192382,0.0,0.0,186711.94940642512,437
187449.80688438818,613.9430234499054,0.0,0.0,188063.7499078381,438
188810.51252169145,614.6904350034756,0.0,0.0,189425.20295669493,439
190180.91551704565,615.4583314399802,0.0,0.0,190796.37384848564,440
191561.08193172037,616.2462993965312,0.0,0.0,192177.3282311169,441
192951.0781846249,617.053920287323,0.0,0.0,193568.13210491222,442
194350.97105230822,617.880770303631,0.0,0.0,194968.85182261185,443
195760.82766895875,618.7264204138127,0.0,0.0,196379.55408937257,444
197180.71552640488,619.5904363633063,0.0,0.0,197800.30596276818,445
198610.70247411446,620.4723786746324,0.0,0.0,199231.1748527891,446
200050.85671919506,621.3718026473928,0.0,0.0,200672.22852184245,447
201501.24682639388,622.2882583582707,0.0,0.0,202123.53508475216,448
202961.94171809783,623.221290661031,0.0,0.0,203585.16300875886,449
204433.0106743335,624.1704391865204,0.0,0.0,205057.18111352,450
205914.52333276698,625.1352383426668,0.0,0.0,206539.65857110964,451
207406.54968870422,626.1152173144797,0.0,0.0,208032.6649060187,452
208909.16009509072,627.1099000640502,0.0,0.0,209536.26999515475,453
210422.4252625116,628.118805330551,0.0,0.0,211050.54406784213,454
211946.4162591918,629.1414466302365,0.0,0.0,212575.55770582205,455
213481.20451099574,630.1773322564424,0.0,0.0,214111.3818432522,456
215026.8618014276,631.2259652795858,0.0,0.0,215658.0877667072,457
216583.46027163125,632.2868435471657,0.0,0.0,217215.7471151784,458
218151.07242039003,633.3594596837627,0.0,0.0,218784.4318800738,459
219729.77110412729,634.4433010910386,0.0,0.0,220364.2144052183,460
221319.62953690562,635.537849947737,0.0,0.0,221955.16738685334,461
222920.72129042758,636.6425832096829,0.0,0.0,223557.36387363725,462
224533.1202940353,637.756972609783,0.0,0.0,225170.87726664508,463
226156.90083471045,638.8804846580256,0.0,0.0,226795.78131936849,464
227792.1375570746,640.0125806414802,0.0,0.0,228432.1501377161,465
229438.90546338877,641.1527166242984,0.0,0.0,230080.05818001306,466
231097.27991355374,642.3003434477126,0.0,0.0,231739.58025700145,467
232767.3366251099,643.4549067300377,0.0,0.0,233410.79153183993,468
234449.15167323733,644.6158468666692,0.0,0.0,235093.767520104,469
236142.80149075575,645.782599030085,0.0,0.0,236788.58408978584,470
237848.36286812456,646.9545931698437,0.0,0.0,238495.3174612944,471
239565.91295344284,648.1312540125863,0.0,0.0,240214.04420745542,472
241295.52925244928,649.3120010620348,0.0,0.0,241944.84125351132,473
243037.28962852224,650.4962485989929,0.0,0.0,243687.78587712123,474
244791.28221962313,651.68730225379,0.0,0.0,245442.96952187692,475
246557.60763869836,652.8929403738027,0.0,0.0,247210.50057907216,476
248336.34841758315,654.1134122384182,0.0,0.0,248990.46182982158,477
250127.5870125712,655.3487257535219,0.0,0.0,250782.9357383247,478
251931.40640837964,656.5988880630649,0.0,0.0,252588.00529644272,479
253747.89011814905,657.8639055490636,0.0,0.0,254405.7540236981,480
255577.12218344343,659.1437838315999,0.0,0.0,256236.26596727502,481
257419.18717425005,660.4385277688209,0.0,0.0,258079.62570201888,482
259274.17018897974,661.7481414569394,0.0,0.0,259935.9183304367,483
261142.15685446665,663.0726282302332,0.0,0.0,261805.2294826969,484
263023.2333259684,664.411990661046,0.0,0.0,263687.64531662944,485
264917.4862871658,665.7662305597867,0.0,0.0,265583.2525177256,486
266825.0029501634,667.1353489749293,0.0,0.0,267492.1382991383,487
268745.8710554889,668.5193461930136,0.0,0.0,269414.3904016819,488
270680.17887209344,669.9182217386448,0.0,0.0,271350.0970938321,489
272628.01519735163,671.3319743744931,0.0,0.0,273299.3471717261,490
274589.4693570615,672.7606021012947,0.0,0.0,275262.22995916277,491
276564.6312054444,674.2041021578507,0.0,0.0,277238.83530760225,492
278553.5911251451,675.6624710210277,0.0,0.0,279229.2535961661,493
280556.4400272319,677.1357044057581,0.0,0.0,281233.57573163765,494
282573.2693511962,678.6237972650393,0.0,0.0,283251.89314846124,495
284604.17106495315,680.1267437899343,0.0,0.0,285284.2978087431,496
286649.2376648411,681.6445374095712,0.0,0.0,287330.8822022507,497
288708.56217562186,683.1771707911438,0.0,0.0,289391.739346413,498
290782.2381504806,684.7246358399113,0.0,0.0,291466.96278632054,499
292870.359671026,686.2869236991984,0.0,0.0,293556.6465947252,500
294973.02134729,687.8640247503948,0.0,0.0,295660.88537204044,501
297090.31831772806,689.455928612956,0.0,0.0,297779.774246341,502
299222.346249219,691.0626241444027,0.0,0.0,299913.4088733634,503
301369.20133706497,692.684099440321,0.0,0.0,302061.8854365053,504
303530.98030499165,694.3203418343627,0.0,0.0,304225.30064682604,505
305707.78040514805,695.9713378982445,0.0,0.0,306403.7517430463,506
307899.69941810664,697.6370734417492,0.0,0.0,308597.3364915484,507
310106.83565286314,699.3175335127241,0.0,0.0,310806.15318637586,508
312329.2879468369,701.0127023970828,0.0,0.0,313030.300649234,509
314567.15566587046,702.7225636188036,0.0,0.0,315269.87822948926,510
316820.5387042299,704.4470999399307,0.0,0.0,317524.98580416985,511
319089.5374846047,706.1862933605736,0.0,0.0,319795.7237779653,512
321374.2529581076,707.9401251189068,0.0,0.0,322082.1930832265,513
323674.786604275,709.708575691171,0.0,0.0,324384.49517996615,514
325991.24043106637,711.4916247916715,0.0,0.0,326702.73205585807,515
328323.71697486483,713.2892513727794,0.0,0.0,329037.00622623763,516
330672.31930047687,715.1014336249311,0.0,0.0,331387.4207341018,517
333037.1510011323,716.9281489766287,0.0,0.0,333754.07915010897,518
335418.3161984845,718.7693740944392,0.0,0.0,336137.08557257894,519
337815.91954260995,720.6250848829955,0.0,0.0,338536.54462749296,520
340230.06621200877,722.4952564849954,0.0,0.0,340952.5614684938,521
342660.8619136045,724.3798632812026,0.0,0.0,343385.2417768857,522
345108.4128827439,726.2788788904459,0.0,0.0,345834.69176163437,523
347572.82588319737,728.1922761696196,0.0,0.0,348301.01815936697,524
350054.2082071585,730.1200272136836,0.0,0.0,350784.3282343722,525
352552.66767524433,732.0621033556627,0.0,0.0,353284.7297786,526
355068.31263649545,734.0184751666476,0.0,0.0,355802.3311116621,527
357601.25196837564,735.9891124557942,0.0,0.0,358337.24108083145,528
360151.59507677227,737.9739842703237,0.0,0.0,360889.56906104257,529
362719.451895996,739.973058895523,0.0,0.0,363459.4249548915,530
365304.93288878084,741.9863038547442,0.0,0.0,366046.91919263557,531
367908.1490462844,744.0136859094048,0.0,0.0,368652.16273219377,532
370529.21188808745,746.0551710589876,0.0,0.0,371275.2670591464,533
373168.2334621944,748.1107245410413,0.0,0.0,373916.34418673546,534
375825.3263450329,750.1803108311796,0.0,0.0,376575.50665586407,535
378500.6036414541,752.2638936430815,0.0,0.0,379252.8675350972,536
381194.1789847324,754.3614359284915,0.0,0.0,381948.5404206609,537
383906.16653656587,756.4728998772198,0.0,0.0,384662.6394364431,538
386636.68098707567,758.5982469171418,0.0,0.0,387395.2792339928,539
389385.8375548066,760.7374377141981,0.0,0.0,390146.5749925208,540
392153.75198672677,762.8904321723951,0.0,0.0,392916.64241889917,541
394940.5405582277,765.0571894338043,0.0,0.0,395705.59774766146,542
397746.32007312425,767.2376678785627,0.0,0.0,398513.5577410028,543
400571.20786365477,769.4318251248728,0.0,0.0,401340.63968877966,544
403415.32179048104,771.6396180290023,0.0,0.0,404186.96140851005,545
406278.78024268814,773.8610026852847,0.0,0.0,407052.6412453734,546
409161.7021377847,776.0959344261183,0.0,0.0,409937.7980722108,547
412064.2069217025,778.3443678219674,0.0,0.0,412842.5512895245,548
414986.41456879687,780.6062566813614,0.0,0.0,415767.02082547825,549
417928.44558184675,782.8815540508949,0.0,0.0,418711.32713589765,550
420890.4209920541,785.1702122152286,0.0,0.0,421675.5912042693,551
423872.4623590445,787.4721826970879,0.0,0.0,424659.9345417416,552
426874.69177086704,789.7874162572639,0.0,0.0,427664.4791871243,553
429897.23184399394,792.1158628946132,0.0,0.0,430689.34770688857,554
432940.20572332095,794.4574718460575,0.0,0.0,433734.663195167,555
436003.73708216724,796.8121915865843,0.0,0.0,436800.54927375383,556
439087.9501222754,799.1799698292461,0.0,0.0,439887.13009210466,557
442192.9695738114,801.5607535251612,0.0,0.0,442994.5303273366,558
445318.9206953645,803.954488863513,0.0,0.0,446122.875184228,559
448465.92927394755,806.3611212715504,0.0,0.0,449272.2903952191,560
451634.12162499677,808.7805954145879,0.0,0.0,452442.90222041134,561
454823.62459237163,811.212855196005,0.0,0.0,455634.8374475676,562
458034.5655483552,813.657843757247,0.0,0.0,458848.2233921125,563
461267.0723936538,816.1155034778243,0.0,0.0,462083.1878971316,564
464521.27355739725,818.585775975313,0.0,0.0,465339.85933337256,565
467797.2979971387,821.0686021053546,0.0,0.0,468618.36659924407,566
471095.2751988546,823.5639219616554,0.0,0.0,471918.83912081626,567
474415.3351769453,826.0716748759879,0.0,0.0,475241.4068518213,568
477757.60847423377,828.5917994181897,0.0,0.0,478586.200273652,569
481122.2261619671,831.1242333961636,0.0,0.0,481953.35039536323,570
484509.3198398154,833.6689138558783,0.0,0.0,485342.98875367123,571
487919.0216358722,836.2257770813673,0.0,0.0,488755.2474129536,572
491351.46420665464,838.7947585947297,0.0,0.0,492190.25896524935,573
494806.780737103,841.3757931561306,0.0,0.0,495648.1565302592,574
498285.10494058114,843.9688147637995,0.0,0.0,499129.07375534496,575
501786.57105887623,846.5737566540322,0.0,0.0,502633.1448155303,576
505311.31386219896,849.1905513011892,0.0,0.0,506160.50441350014,577
508859.4686491833,851.819130417697,0.0,0.0,509711.287779601,578
512431.1712468866,854.4594249540471,0.0,0.0,513285.6306718406,579
516026.55801078986,857.1113650987966,0.0,0.0,516883.66937588865,580
519645.7658247972,859.7748802785679,0.0,0.0,520505.5407050758,581
523288.9321012362,862.449899158049,0.0,0.0,524151.3820003942,582
526956.1947808579,865.1363496399931,0.0,0.0,527821.3311304979,583
530647.670474806,867.834233383584,0.0,0.0,531515.5047081895,584
534363.3535936149,870.5440231389348,0.0,0.0,535233.8976167538,585
538103.3717735555,873.2658263116485,0.0,0.0,538976.6375998672,586
541867.8823855524,875.9996552765701,0.0,0.0,542743.8820408289,587
545657.0428607297,878.745521392376,0.0,0.0,546535.7883821221,588
549471.0106904121,881.5034350015744,0.0,0.0,550352.5141254137,589
553309.9434261242,884.273405430505,0.0,0.0,554194.2168315547,590
557173.9986795905,887.0554409893392,0.0,0.0,558061.0541205799,591
561063.334122736,889.8495489720799,0.0,0.0,561953.1836717081,592
564978.1074876855,892.6557356565618,0.0,0.0,565870.7632233421,593
568918.476566764,895.474006304451,0.0,0.0,569813.9505730683,594
572884.5992124965,898.3043651612454,0.0,0.0,573782.9035776578,595
576876.6333376083,901.1468154562743,0.0,0.0,577777.7801530645,596
580894.7369150245,904.0013594026989,0.0,0.0,581798.7382744271,597
584939.0679778706,906.8679981975116,0.0,0.0,585845.9359760681,598
589009.784619472,909.7467320215369,0.0,0.0,589919.5313514936,599
593107.0449933541,912.6375600394305,0.0,0.0,594019.6825533935,600
597231.0073132428,915.54048039968,0.0,0.0,598146.5477936425,601
601381.8298530637,918.4554902346044,0.0,0.0,602300.2853432983,602
605559.6709469426,921.3825856603545,0.0,0.0,606481.053532603,603
609764.6889892055,924.3217617769125,0.0,0.0,610689.0107509824,604
613997.0424343783,927.2730126680924,0.0,0.0,614924.3154470464,605
618256.8897971873,930.2363314015398,0.0,0.0,619187.1261285888,606
622544.3896525585,933.2117100287317,0.0,0.0,623477.6013625872,607
626859.7006356183,936.1991395849769,0.0,0.0,627795.8997752033,608
631202.9814416931,939.198610089416,0.0,0.0,632142.1800517825,609
635574.3908263094,942.2101105450206,0.0,0.0,636516.6009368545,610
639974.0876051937,945.2336289385947,0.0,0.0,640919.3212341323,611
644402.2306542728,948.2691522407732,0.0,0.0,645350.4998065137,612
648858.9789096734,951.3166664060232,0.0,0.0,649810.2955760794,613
653344.4913677224,954.3761563726429,0.0,0.0,654298.867524095,614
657858.9270849468,957.4476060627624,0.0,0.0,658816.3746910095,615
662402.4451780734,960.5309983823433,0.0,0.0,663362.9761764557,616
666975.2048240297,963.6263152211792,0.0,0.0,667938.8311392509,617
671577.3652599427,966.7335374528946,0.0,0.0,672544.0987973956,618
676209.0857831398,969.8526449349462,0.0,0.0,677178.9384280747,619
680870.5257511486,972.983616508622,0.0,0.0,681843.5093676572,620
685561.8445816964,976.1264299990419,0.0,0.0,686537.9710116955,621
690283.201752711,979.281062215157,0.0,0.0,691262.4828149261,622
695034.75680232,982.4474889497504,0.0,0.0,696017.2042912698,623
699816.6693288512,985.6256849794368,0.0,0.0,700802.2950138306,624
704629.0989908326,988.815624064662,0.0,0.0,705617.9146148972,625
709472.2055069921,992.0172789497038,0.0,0.0,710464.2227859418,626
714346.1486562579,995.2306213626721,0.0,0.0,715341.3792776206,627
719251.088277758,998.4556220155073,0.0,0.0,720249.5438997735,628
724187.1842708209,1001.6922506039824,0.0,0.0,725188.8765214249,629
729154.596594975,1004.9404758077014,0.0,0.0,730159.5370707827,630
734153.4852699486,1008.2002652901004,0.0,0.0,735161.6855352387,631
739184.0103756703,1011.4715856984467,0.0,0.0,740195.4819613687,632
744246.3320522688,1014.7544026638393,0.0,0.0,745261.0864549326,633
749340.6105000728,1018.048680801209,0.0,0.0,750358.659180874,634
754467.0059796113,1021.354383709318,0.0,0.0,755488.3603633207,635
759625.6788116132,1024.6714739707602,0.0,0.0,760650.350285584,636
764816.7893770074,1027.9999131519612,0.0,0.0,765844.7892901594,637
770040.4981169231,1031.3396618031782,0.0,0.0,771071.8377787264,638
775296.9655326897,1034.6906794584995,0.0,0.0,776331.6562121483,639
780586.3521858363,1038.052924635846,0.0,0.0,781624.4051104721,640
785908.8186980924,1041.4263548369695,0.0,0.0,786950.2450529294,641
791264.5257513875,1044.8109265474534,0.0,0.0,792309.336677935,642
796653.6340878512,1048.206595236713,0.0,0.0,797701.8406830878,643
802076.3045098131,1051.613315357995,0.0,0.0,803127.917825171,644
807532.6978798031,1055.0310403483777,0.0,0.0,808587.7289201515,645
813022.9751205513,1058.4597226287717,0.0,0.0,814081.4348431801,646
818547.2972149875,1061.899313603918,0.0,0.0,819609.1965285913,647
824105.8252062416,1065.3497636623902,0.0,0.0,825171.174969904,648
829698.720197644,1068.811022176593,0.0,0.0,830767.5312198206,649
835326.1433527248,1072.283037502763,0.0,0.0,836398.4263902276,650
840988.2558952146,1075.765756980968,0.0,0.0,842064.0216521956,651
846685.2191090437,1079.2591269351083,0.0,0.0,847764.4782359789,652
852417.1943383426,1082.7630926729144,0.0,0.0,853499.9574310156,653
858184.3429874422,1086.2775984859497,0.0,0.0,859270.6205859281,654
863986.8265208728,1089.8025876496088,0.0,0.0,865076.6291085223,655
869824.8064633656,1093.3380024231176,0.0,0.0,870918.1444657887,656
875698.4443998515,1096.883784049534,0.0,0.0,876795.328183901,657
881607.9019754613,1100.439872755747,0.0,0.0,882708.3418482171,658
887553.3408955263,1104.0062077524783,0.0,0.0,888657.3471032789,659
893534.9229255777,1107.58272723428,0.0,0.0,894642.505652812,660
899552.8098913468,1111.169368379536,0.0,0.0,900663.9792597264,661
905607.163678765,1114.766067350463,0.0,0.0,906721.9297461155,662
911698.1462339637,1118.3727592931077,0.0,0.0,912816.5189932567,663
917825.9195632746,1121.9893783373493,0.0,0.0,918947.908941612,664
923990.6457332292,1125.6158575968984,0.0,0.0,925116.2615908261,665
930192.4868705596,1129.2521291692976,0.0,0.0,931321.7389997289,666
936431.6051621974,1132.8981241359204,0.0,0.0,937564.5032863333,667
942708.1628552749,1136.5537725619727,0.0,0.0,943844.7166278368,668
949022.3222571237,1140.219003496491,0.0,0.0,950162.5412606201,669
955374.2457352763,1143.8937449723444,0.0,0.0,956518.1394802486,670
961764.0957174647,1147.5779240062334,0.0,0.0,962911.673641471,671
968192.0346916215,1151.2714665986894,0.0,0.0,969343.3061582203,672
974658.225205879,1154.9742977340763,0.0,0.0,975813.199503613,673
981162.8298685697,1158.6863413805893,0.0,0.0,982321.5162099503,674
987706.0113482263,1162.407520490255,0.0,0.0,988868.4188687166,675
994287.9323735817,1166.1377569989318,0.0,0.0,995454.0701305806,676
1000908.7557335682,1169.8769718263097,0.0,0.0,1002078.6327053945,677
1007568.6442773193,1173.6250848759105,0.0,0.0,1008742.2693621953,678
1014267.7609141677,1177.3820150350873,0.0,0.0,1015445.1429292029,679
1021006.2686136465,1181.1476801750248,0.0,0.0,1022187.4162938215,680
1027784.3304054891,1184.9219971507396,0.0,0.0,1028969.2524026398,681
1034602.1093796283,1188.7048818010794,0.0,0.0,1035790.8142614294,682
1041459.7686861982,1192.4962489487245,0.0,0.0,1042652.2649351469,683
1048357.4715355317,1196.2960124001856,0.0,0.0,1049553.767547932,684
1055295.3811981627,1200.104084945806,0.0,0.0,1056495.4852831084,685
1062273.6610048246,1203.92037835976,0.0,0.0,1063477.5813831843,686
1069292.4743464512,1207.744803400054,0.0,0.0,1070500.2191498512,687
1076351.9846741767,1211.5772698085252,0.0,0.0,1077563.5619439853,688
1083452.3554993346,1215.4176863108432,0.0,0.0,1084667.7731856455,689
1090593.750393459,1219.265960616509,0.0,0.0,1091813.0163540756,690
1097776.3329882845,1223.121999418855,0.0,0.0,1098999.4549877034,691
1105000.266975745,1226.9857083950458,0.0,0.0,1106227.25268414,692
1112265.716107975,1230.8569922060765,0.0,0.0,1113496.573100181,693
1119572.8441973086,1234.7357544967751,0.0,0.0,1120807.5799518055,694
1126921.8151162805,1238.6218978958004,0.0,0.0,1128160.4370141763,695
1134312.7927976255,1242.515324015643,0.0,0.0,1135555.3081216412,696
1141745.9412342778,1246.4159334526253,0.0,0.0,1142992.3571677303,697
1149221.4244793728,1250.323625786901,0.0,0.0,1150471.7481051597,698
1156739.406646245,1254.2382995824553,0.0,0.0,1157993.6449458273,699
1164300.0519084295,1258.1598523871057,0.0,0.0,1165558.2117608166,700
1171903.5244996613,1262.0881807325004,0.0,0.0,1173165.6126803937,701
1179549.9887138759,1266.0231801341206,0.0,0.0,1180816.01189401,702
1187239.608905208,1269.964745091277,0.0,0.0,1188509.5736502993,703
1194972.5494879936,1273.9127690871142,0.0,0.0,1196246.4622570807,704
1202748.974936768,1277.8671445886066,0.0,0.0,1204026.8420813566,705
1210569.0497862664,1281.8277630465614,0.0,0.0,1211850.877549313,706
1218432.9386314247,1285.7945148956164,0.0,0.0,1219718.7331463203,707
1226340.8061273787,1289.7672895542423,0.0,0.0,1227630.573416933,708
1234292.816989464,1293.7459754247402,0.0,0.0,1235586.5629648888,709
1242289.1359932171,1297.7304598932433,0.0,0.0,1243586.8664531105,710
1250329.4256926773,1301.7208471617105,0.0,0.0,1251631.146539839,711
1258413.2532721306,1305.717305610985,0.0,0.0,1259718.9705777415,712
1266540.837933295,1309.7197332309906,0.0,0.0,1267850.557666526,713
1274712.3982129039,1313.728026244149,0.0,0.0,1276026.126239148,714
1282928.1498442525,1317.7420800090922,0.0,0.0,1284245.8919242616,715
1291188.305757198,1321.7617890206627,0.0,0.0,1292510.0675462186,716
1299493.0760781593,1325.7870469099134,0.0,0.0,1300818.863125069,717
1307842.6681301175,1329.8177464441076,0.0,0.0,1309172.4858765616,718
1316237.2864326148,1333.8537795267184,0.0,0.0,1317571.1402121414,719
1324677.1327017562,1337.8950371974302,0.0,0.0,1326015.0277389537,720
1333162.4058502081,1341.941409632137,0.0,0.0,1334504.3472598402,721
1341693.3019871982,1345.9927861429433,0.0,0.0,1343039.2947733412,722
1350270.0144185172,1350.0490551781645,0.0,0.0,1351620.0634736954,723
1358892.7336465167,1354.1101043223255,0.0,0.0,1360246.8437508391,724
1367561.6473701103,1358.175820296162,0.0,0.0,1368919.8231904064,725
1376276.9404847738,1362.2460889566203,0.0,0.0,1377639.1865737305,726
1385038.7950825447,1366.3207952968567,0.0,0.0,1386405.1158778416,727
1393847.3904520222,1370.3998234462376,0.0,0.0,1395217.7902754685,728
1402702.9030783677,1374.4830566703404,0.0,0.0,1404077.386135038,729
1411605.506643304,1378.5703773709527,0.0,0.0,1412984.077020675,730
1420555.3720251156,1382.661667086072,0.0,0.0,1421938.0336922018,731
1429552.6672986497,1386.7568064899062,0.0,0.0,1430939.4241051397,732
1438597.5577353146,1390.8556753928744,0.0,0.0,1439988.4134107074,733
1447690.2058030807,1394.9581527416053,0.0,0.0,1449085.1639558224,734
1456830.7711664801,1399.064116618938,0.0,0.0,1458229.835283099,735
1466019.4106866072,1403.173444243922,0.0,0.0,1467422.584130851,736
1475256.2784211177,1407.2860119718173,0.0,0.0,1476663.5644330895,737
1484541.5256242296,1411.401695294094,0.0,0.0,1485952.9273195236,738
1493875.300746722,1415.5203688384331,0.0,0.0,1495290.8211155604,739
1503257.7494359366,1419.6419063687256,0.0,0.0,1504677.3913423053,740
1512689.0145357768,1423.7661807850723,0.0,0.0,1514112.780716562,741
1522169.2360867078,1427.8930641237855,0.0,0.0,1523597.1291508316,742
1531698.5513257564,1432.022427557387,0.0,0.0,1533130.5737533139,743
1541277.0946865114,1436.154141394609,0.0,0.0,1542713.248827906,744
1550904.9977991239,1440.2880750803945,0.0,0.0,1552345.2858742042,745
1560582.389490306,1444.4240971958966,0.0,0.0,1562026.8135875019,746
1570309.3957833322,1448.5620754584788,0.0,0.0,1571757.9578587906,747
1580086.1398980387,1452.7018767217148,0.0,0.0,1581538.8417747605,748
1589912.7422508236,1456.843366975389,0.0,0.0,1591369.585617799,749
1599789.3204546468,1460.9864113454958,0.0,0.0,1601250.3068659923,750
1609715.9893190302,1465.1308740942397,0.0,0.0,1611181.1201931245,751
1619692.860850057,1469.2766186200365,0.0,0.0,1621162.1374686772,752
1629720.0442503733,1473.4235074575117,0.0,0.0,1631193.4677578309,753
1639797.6459191858,1477.5714022775012,0.0,0.0,1641275.2173214634,754
1649925.769452264,1481.720163887051,0.0,0.0,1651407.4896161512,755
1660104.515641939,1485.869652229418,0.0,0.0,1661590.3852941683,756
1670333.9824771031,1490.0197263840696,0.0,0.0,1671824.002203487,757
1680614.2651432112,1494.1702445666824,0.0,0.0,1682108.4353877779,758
1690945.45602228,1498.3210641291446,0.0,0.0,1692443.7770864093,759
1701327.644692888,1502.4720415595543,0.0,0.0,1702830.1167344477,760
1711760.9179301753,1506.6230324822197,0.0,0.0,1713267.5409626574,761
1722245.3597058435,1510.7738916576598,0.0,0.0,1723756.133597501,762
1732781.0511881572,1514.9244729826034,0.0,0.0,1734295.9756611397,763
1743368.070741942,1519.0746294899905,0.0,0.0,1744887.145371432,764
1754006.493928585,1523.2242133489706,0.0,0.0,1755529.718141934,765
1764696.3935060361,1527.373075864904,0.0,0.0,1766223.766581901,766
1775437.8394288067,1531.5210674793611,0.0,0.0,1776969.360496286,767
1786230.8988479697,1535.668037770123,0.0,0.0,1787766.5668857398,768
1797075.6361111603,1539.813835451181,0.0,0.0,1798615.4499466114,769
1807972.112762575,1543.9583083727366,0.0,0.0,1809516.0710709477,770
1818920.3875429728,1548.1013035212018,0.0,0.0,1820468.4888464941,771
1829920.516389674,1552.242667019199,0.0,0.0,1831472.7590566932,772
1840972.552436561,1556.3822441255606,0.0,0.0,1842528.9346806866,773
1852076.5460140784,1560.5198792353299,0.0,0.0,1853637.0658933138,774
1863232.5446492317,1564.6554158797605,0.0,0.0,1864797.2000651115,775
1874440.5930655894,1568.7886967263157,0.0,0.0,1876009.3817623158,776
1885700.7331832808,1572.91956357867,0.0,0.0,1887273.6527468595,777
1897013.0041189976,1577.0478573767073,0.0,0.0,1898590.0519763744,778
1908377.4421859933,1581.173418196523,0.0,0.0,1909958.61560419,779
1919794.0808940837,1585.296085250422,0.0,0.0,1921379.376979334,780
1931262.9509496447,1589.41569688692,0.0,0.0,1932852.3666465315,781
1942784.0802556165,1593.5320905907424,0.0,0.0,1944377.6123462073,782
1954357.4939114992,1597.6451029828258,0.0,0.0,1955955.139014482,783
1965983.2142133564,1601.754569820317,0.0,0.0,1967584.9687831767,784
1977661.2606538115,1605.8603259965726,0.0,0.0,1979267.120979808,785
1989391.6499220515,1609.9622055411596,0.0,0.0,1991001.6121275926,786
2001174.3959038244,1614.0600416198565,0.0,0.0,2002788.4559454443,787
2013009.5096814404,1618.1536665346503,0.0,0.0,2014627.6633479751,788
2024896.999533771,1622.2429117237402,0.0,0.0,2026519.2424454947,789
2036836.8709362512,1626.3276077615344,0.0,0.0,2038463.1985440128,790
2048829.1265608752,1630.4075843586522,0.0,0.0,2050459.534145234,791
2060873.7662762012,1634.4826703619228,0.0,0.0,2062508.248946563,792
2072970.7871473483,1638.5526937543864,0.0,0.0,2074609.3398411027,793
2085120.183435997,1642.6174816552925,0.0,0.0,2086762.8009176522,794
2097321.9466003915,1646.6768603201022,0.0,0.0,2098968.6234607114,795
2109576.0652953363,1650.7306551404859,0.0,0.0,2111226.795950477,796
2121882.5253721974,1654.778690644325,0.0,0.0,2123537.304062842,797
2134241.309878904,1658.820790495711,0.0,0.0,2135900.1306693996,798
2146652.399059946,1662.8567774949456,0.0,0.0,2148315.255837441,799
2159115.770356376,1666.8864735785414,0.0,0.0,2160782.6568299546,800
2171631.398405808,1670.909699819221,0.0,0.0,2173302.308105627,801
2184199.2550424184,1674.926276425917,0.0,0.0,2185874.181318844,802
2196819.3092969437,1678.936022743773,0.0,0.0,2198498.2453196873,803
2209491.5273966845,1682.9387572541425,0.0,0.0,2211174.466153939,804
2222215.8727655015,1686.9342975745897,0.0,0.0,2223902.807063076,805
2234992.3060238194,1690.922460458889,0.0,0.0,2236683.228484278,806
2247820.7849886217,1694.9030617970247,0.0,0.0,2249515.6880504186,807
2260701.2646734565,1698.8759166151924,0.0,0.0,2262400.1405900717,808
2273633.697288432,1702.8408390757975,0.0,0.0,2275336.538127508,809
2286618.0322402194,1706.7976424774556,0.0,0.0,2288324.8298826967,810
2299654.2161320504,1710.7461392549926,0.0,0.0,2301364.9622713053,811
2312742.19276372,1714.6861409794456,0.0,0.0,2314456.8789047,812
2325881.9031315846,1718.617458358061,0.0,0.0,2327600.5205899426,813
2339073.285428562,1722.5399012342964,0.0,0.0,2340795.8253297964,814
2352316.2750441325,1726.453278587819,0.0,0.0,2354042.72832272,815
2365610.8045643372,1730.357398534507,0.0,0.0,2367341.161962872,816
2378956.80377178,1734.2520683264486,0.0,0.0,2380691.055840106,817
2392354.1996456264,1738.137094351942,0.0,0.0,2394092.3367399783,818
2405802.916361603,1742.012282135497,0.0,0.0,2407544.9286437384,819
2419302.8752920004,1745.8774363378325,0.0,0.0,2421048.7527283384,820
2432853.9950056686,1749.732360755878,0.0,0.0,2434603.7273664246,821
2446456.191268021,1753.576858322774,0.0,0.0,2448209.7681263434,822
2460109.377041031,1757.4107311078703,0.0,0.0,2461866.787772139,823
2473813.4624832366,1761.2337803167284,0.0,0.0,2475574.696263553,824
2487568.3549497356,1765.0458062911189,0.0,0.0,2489333.4007560266,825
2501373.958992188,1768.846608509023,0.0,0.0,2503142.8056006967,826
2515230.176358816,1772.6359855846335,0.0,0.0,2517002.8123444007,827
2529136.905994404,1776.413735268352,0.0,0.0,2530913.3197296723,828
2543094.044040297,1780.1796544467907,0.0,0.0,2544874.223694744,829
2557101.4838344036,1783.9335391427728,0.0,0.0,2558885.4173735464,830
2571159.1159111913,1787.6751845153317,0.0,0.0,2572946.7910957066,831
2585266.828001694,1791.404384859711,0.0,0.0,2587058.2323865537,832
2599424.5050335033,1795.1209336073643,0.0,0.0,2601219.6259671105,833
2613632.029130774,1798.824623325956,0.0,0.0,2615430.8537541,834
2627889.2796142236,1802.515245719361,0.0,0.0,2629691.794859943,835
2642196.1330011305,1806.1925916276641,0.0,0.0,2644002.325592758,836
2656552.4630053355,1809.856451027161,0.0,0.0,2658362.3194563626,837
2670958.1405372405,1813.506613030357,0.0,0.0,2672771.647150271,838
2685413.0337038105,1817.1428658859681,0.0,0.0,2687230.1765696965,839
2699917.0078085708,1820.7649969789213,0.0,0.0,2701737.7728055497,840
2714469.925351609,1824.3727928303529,0.0,0.0,2716294.2981444392,841
2729071.646029576,1827.9660390976103,0.0,0.0,2730899.6120686736,842
2743722.026735683,1831.5445205742508,0.0,0.0,2745553.571256257,843
2758420.9215597026,1835.108021190042,0.0,0.0,2760256.0295808925,844
2773168.1817879714,1838.6563240109629,0.0,0.0,2775006.838111982,845
2787963.655903386,1842.1892112392015,0.0,0.0,2789805.845114625,846
2802807.189585405,1845.7064642131568,0.0,0.0,2804652.8960496183,847
2817698.6257100496,1849.2078634074378,0.0,0.0,2819547.833573457,848
2832637.8043499026,1852.6931884328644,0.0,0.0,2834490.4975383356,849
2847624.562774108,1856.1622180364668,0.0,0.0,2849480.7249921444,850
2862658.7354483726,1859.6147301014848,0.0,0.0,2864518.350178474,851
2877740.1540349647,1863.0505016473696,0.0,0.0,2879603.204536612,852
2892868.6473927144,1866.4693088297818,0.0,0.0,2894735.1167015443,853
2908044.041577013,1869.870926940593,0.0,0.0,2909913.912503954,854
2923266.1598398155,1873.2551304078852,0.0,0.0,2925139.4149702233,855
2938534.822629636,1876.62169279595,0.0,0.0,2940411.444322432,856
2953849.8475915524,1879.9703868052902,0.0,0.0,2955729.817978358,857
2969211.049567205,1883.3009842726183,0.0,0.0,2971094.3505514776,858
2984618.240594793,1886.6132561708578,0.0,0.0,2986504.853850964,859
3000071.229909082,1889.906972609142,0.0,0.0,3001961.136881691,860
3015570.459084034,1893.182159660941,0.0,0.0,3017463.641243695,861
3031117.296941347,1896.4392554188778,0.0,0.0,3033013.7361967657,862
3046711.4720006827,1899.6780721154098,0.0,0.0,3048611.150072798,863
3062352.6255982784,1902.898389938131,0.0,0.0,3064255.5239882166,864
3078040.398110491,1906.0999910337187,0.0,0.0,3079946.498101525,865
3093774.4289538017,1909.2826595079323,0.0,0.0,3095683.7116133096,866
3109554.356584811,1912.446181425615,0.0,0.0,3111466.802766237,867
3125379.8185002417,1915.5903448106922,0.0,0.0,3127295.4088450526,868
3141250.451236937,1918.7149396461725,0.0,0.0,3143169.166176583,869
3157165.890371863,1921.8197578741474,0.0,0.0,3159087.710129737,870
3173125.770522106,1924.9045933957914,0.0,0.0,3175050.675115502,871
3189129.725344875,1927.9692420713616,0.0,0.0,3191057.694586946,872
3205177.3875374985,1931.0135017201978,0.0,0.0,3207108.4010392185,873
3221268.3888374283,1934.0371721207234,0.0,0.0,3223202.426009549,874
3237402.3600222366,1937.0400550104441,0.0,0.0,3239339.400077247,875
3253578.9309096173,1940.0219540859487,0.0,0.0,3255518.9528637035,876
3269797.730357386,1942.9826750029088,0.0,0.0,3271740.713032389,877
3286058.3862634795,1945.9220253760786,0.0,0.0,3288004.3082888555,878
3302360.5255659553,1948.8398147792961,0.0,0.0,3304309.3653807347,879
3318703.7742429934,1951.7358547454814,0.0,0.0,3320655.510097739,880
3335087.757312895,1954.6099587666374,0.0,0.0,3337042.3672716613,881
3351512.0988340816,1957.4619422938506,0.0,0.0,3353469.5607763752,882
3367976.4219050985,1960.2916227372893,0.0,0.0,3369936.713527836,883
3384480.3486646097,1963.0988194662061,0.0,0.0,3386443.447484076,884
3401023.500291402,1965.8833538089352,0.0,0.0,3402989.383645211,885
3417605.497004384,1968.6450490528946,0.0,0.0,3419574.142053437,886
3434225.9580625854,1971.3837304445842,0.0,0.0,3436197.34179303,887
3450884.5017651566,1974.099225189588,0.0,0.0,3452858.600990346,888
3467580.7454513703,1976.7913624525718,0.0,0.0,3469557.536813823,889
3484314.3055006196,1979.459973357285,0.0,0.0,3486293.7654739767,890
3501084.7973324205,1982.1048909865594,0.0,0.0,3503066.902223407,891
3517891.835406409,1984.7259503823104,0.0,0.0,3519876.5613567913,892
3534735.0332223433,1987.3229885455353,0.0,0.0,3536722.356210889,893
3551614.003320103,1989.895844436315,0.0,0.0,3553603.8991645393,894
3568528.357279689,1992.444358973813,0.0,0.0,3570520.801638663,895
3585477.7057212237,1994.9683750362756,0.0,0.0,3587472.67409626,896
3602461.658304951,1997.4677374610326,0.0,0.0,3604459.126042412,897
3619479.823731235,1999.9422930444957,0.0,0.0,3621479.76602428,898
3636531.8097405634,2002.3918905421604,0.0,0.0,3638534.2016311055,899
3653617.2231135434,2004.8163806686046,0.0,0.0,3655622.039494212,900
3670735.669670905,2007.215616097489,0.0,0.0,3672742.8852870027,901
3687886.7542734984,2009.5894514615575,0.0,0.0,3689896.34372496,902
3705070.0808222964,2011.9377433526367,0.0,0.0,3707082.018565649,903
3722285.252258392,2014.2603503216362,0.0,0.0,3724299.5126087135,904
3739531.8705630014,2016.5571328785486,0.0,0.0,3741548.4276958797,905
3756809.53675746,2018.8279534924488,0.0,0.0,3758828.364710952,906
3774117.8509032256,2021.072676591495,0.0,0.0,3776138.923579817,907
3791456.4121018783,2023.291168562929,0.0,0.0,3793479.7032704414,908
3808824.818495119,2025.4832977530739,0.0,0.0,3810850.301792872,909
3826222.667264769,2027.6489344673369,0.0,0.0,3828250.316199236,910
3843649.5546327727,2029.7879509702077,0.0,0.0,3845679.342583743,911
3861105.0758611946,2031.900221485259,0.0,0.0,3863136.97608268,912
3878588.825252222,2033.985622195146,0.0,0.0,3880622.810874417,913
3896100.396148161,2036.0440312416076,0.0,0.0,3898136.4401794025,914
3913639.3809314426,2038.0753287254647,0.0,0.0,3915677.456260168,915
3931205.371024617,2040.0793967066215,0.0,0.0,3933245.4504213235,916
3948797.956890356,2042.056119204065,0.0,0.0,3950840.01300956,917
3966416.7280314527,2044.0053821958652,0.0,0.0,3968460.733413649,918
3984061.2729908233,2045.927073619175,0.0,0.0,3986107.2000644426,919
4001731.1793515035,2047.82108337023,0.0,0.0,4003779.0004348736,920
4019426.0337366513,2049.687303304349,0.0,0.0,4021475.7210399555,921
4037145.4218095453,2051.525627235933,0.0,0.0,4039196.947436781,922
4054888.9282735866,2053.3359509384663,0.0,0.0,4056942.264224525,923
4072656.136872298,2055.118172144517,0.0,0.0,4074711.2550444426,924
4090446.6303893216,2056.8721905457346,0.0,0.0,4092503.5025798674,925
4108259.990648423,2058.597907792852,0.0,0.0,4110318.5885562156,926
4126095.798513489,2060.295227495685,0.0,0.0,4128156.0937409843,927
4143953.633888526,2061.964055223133,0.0,0.0,4146015.597943749,928
4161833.0757176643,2063.6042985031772,0.0,0.0,4163896.6800161675,929
4179733.7019851543,2065.2158668228826,0.0,0.0,4181798.917851977,930
4197655.089715367,2066.798671628396,0.0,0.0,4199721.8883869955,931
4215596.814972798,2068.352626324948,0.0,0.0,4217665.167599123,932
4233558.452862061,2069.8776462768515,0.0,0.0,4235628.330508337,933
4251539.57752789,2071.3736488075033,0.0,0.0,4253610.951176697,934
4269539.762155147,2072.8405531993817,0.0,0.0,4271612.602708346,935
4287558.578968808,2074.278280694049,0.0,0.0,4289632.857249502,936
4305595.599233974,2075.6867544921497,0.0,0.0,4307671.285988466,937
4323650.393255868,2077.0658997534115,0.0,0.0,4325727.459155621,938
4341722.530379832,2078.415643596645,0.0,0.0,4343800.946023429,939
4359811.578991332,2079.7359150997436,0.0,0.0,4361891.314906432,940
4377917.106515953,2081.026645299683,0.0,0.0,4379998.133161253,941
4396038.679419404,2082.2877671925235,0.0,0.0,4398120.967186596,942
4414175.8632075135,2083.519215733406,0.0,0.0,4416259.382423247,943
4432328.222426232,2084.7209278365563,0.0,0.0,4434412.943354068,944
4450495.3206616305,2085.8928423752814,0.0,0.0,4452581.213504006,945
4468676.720539902,2087.0349001819727,0.0,0.0,4470763.755440084,946
4486871.983727364,2088.147044048104,0.0,0.0,4488960.130771412,947
4505080.670930451,2089.2292187242306,0.0,0.0,4507169.900149175,948
4523302.341895719,2090.281370919993,0.0,0.0,4525392.623266639,949
4541536.555409849,2091.303449304113,0.0,0.0,4543627.8588591525,950
4559782.869299641,2092.295404504396,0.0,0.0,4561875.164704145,951
4578040.840432016,2093.2571891077296,0.0,0.0,4580134.097621124,952
4596310.024714019,2094.188757660085,0.0,0.0,4598404.213471679,953
4614589.977092814,2095.0900666665157,0.0,0.0,4616685.06715948,954
4632880.251555685,2095.9610745911586,0.0,0.0,4634976.212630277,955
4651180.401130042,2096.8017418572335,0.0,0.0,4653277.202871899,956
4669489.977883413,2097.6120308470427,0.0,0.0,4671587.58991426,957
4687808.532923449,2098.3919059019713,0.0,0.0,4689906.924829351,958
4706135.61639792,2099.1413333224873,0.0,0.0,4708234.757731242,959
4724470.77749472,2099.8602813681423,0.0,0.0,4726570.637776088,960
4742813.564441865,2100.5487202575705,0.0,0.0,4744914.113162123,961
4761163.524507491,2101.2066221684877,0.0,0.0,4763264.731129659,962
4779520.203999853,2101.833961237695,0.0,0.0,4781622.037961091,963
4797883.148267332,2102.430713561074,0.0,0.0,4799985.578980894,964
4816251.901698427,2102.9968571935906,0.0,0.0,4818354.898555621,965
4834626.007721761,2103.532372149293,0.0,0.0,4836729.540093911,966
4853005.008806076,2104.037240401313,0.0,0.0,4855109.046046477,967
4871388.446460238,2104.5114458818643,0.0,0.0,4873492.9579061195,968
4889775.861233231,2104.9549744822443,0.0,0.0,4891880.8162077125,969
4908166.792714164,2105.3678140528327,0.0,0.0,4910272.1605282165,970
4926560.779532264,2105.7499544030925,0.0,0.0,4928666.529486667,971
4944957.359356883,2106.1013873015695,0.0,0.0,4947063.460744184,972
4963356.068897492,2106.422106475892,0.0,0.0,4965462.491003968,973
4981756.443903685,2106.712107612772,0.0,0.0,4983863.156011297,974
5000158.019165174,2106.971388358003,0.0,0.0,5002264.990553532,975
5018560.328511798,2107.199948316463,0.0,0.0,5020667.528460114,976
5036962.904813512,2107.397789052112,0.0,0.0,5039070.302602564,977
5055365.279980397,2107.5649140879927,0.0,0.0,5057472.844894485,978
5073766.98496265,2107.7013289062315,0.0,0.0,5075874.686291556,979
5092167.549750594,2107.807040948037,0.0,0.0,5094275.356791543,980
5110566.503374674,2107.8820596137007,0.0,0.0,5112674.385434288,981
5128963.373905452,2107.926396262598,0.0,0.0,5131071.300301715,982
5147357.688453616,2107.940064213185,0.0,0.0,5149465.628517829,983
5165748.973169971,2107.923078743003,0.0,0.0,5167856.896248714,984
5184136.753245447,2107.8754570886745,0.0,0.0,5186244.628702535,985
5202520.5529110925,2107.7972184459068,0.0,0.0,5204628.350129538,986
5220899.895438081,2107.6883839694874,0.0,0.0,5223007.58382205,987
5239274.303137705,2107.5489767732893,0.0,0.0,5241381.852114478,988
5257643.297361379,2107.3790219302673,0.0,0.0,5259750.676383309,989
5276006.398500638,2107.178546472458,0.0,0.0,5278113.577047111,990
5294363.125987139,2106.9475793909833,0.0,0.0,5296470.07356653,991
5312712.998292661,2106.6861516360455,0.0,0.0,5314819.684444297,992
5331055.532929106,2106.3942961169314,0.0,0.0,5333161.927225223,993
5349390.246448493,2106.07204770201,0.0,0.0,5351496.318496195,994
5367716.654442965,2105.719443218734,0.0,0.0,5369822.373886184,995
5386034.271544787,2105.3365214536375,0.0,0.0,5388139.60806624,996
5404342.611426346,2104.9233231523385,0.0,0.0,5406447.534749499,997
5422641.1868001465,2104.479891019538,0.0,0.0,5424745.666691166,998
5440929.509418819,2104.00626971902,0.0,0.0,5443033.515688539,999
5459207.090075113,2103.50250587365,0.0,0.0,5461310.592580986,1000
5477473.4386019,2102.9686480653786,0.0,0.0,5479576.407249966,1001
5495728.0638721725,2102.404746835237,0.0,0.0,5497830.468619008,1002
5513970.473799044,2101.810854683341,0.0,0.0,5516072.284653728,1003
5532200.175335754,2101.1870260688884,0.0,0.0,5534301.362361822,1004
5550416.674475654,2100.5333174101597,0.0,0.0,5552517.207793064,1005
5568619.476252226,2099.8497870845194,0.0,0.0,5570719.326039311,1006
5586808.084739069,2099.1364954284145,0.0,0.0,5588907.221234498,1007
5604982.003049905,2098.3935047373734,0.0,0.0,5607080.396554642,1008
5623140.733338577,2097.6208792660095,0.0,0.0,5625238.354217843,1009
5641283.776799047,2096.818685228018,0.0,0.0,5643380.595484275,1010
5659410.633665403,2095.9869907961765,0.0,0.0,5661506.6206562,1011
5677520.803211851,2095.125866102347,0.0,0.0,5679615.929077953,1012
5695613.78375272,2094.2353832374733,0.0,0.0,5697708.019135958,1013
5713689.072642459,2093.315616251582,0.0,0.0,5715782.3882587105,1014
5731746.16627564,2092.366641153783,0.0,0.0,5733838.532916794,1015
5749784.560086955,2091.3885359122687,0.0,0.0,5751875.948622867,1016
5767803.74855122,2090.381380454315,0.0,0.0,5769894.129931674,1017
5785803.225183368,2089.345256666281,0.0,0.0,5787892.570440034,1018
5803782.482538458,2088.2802483936066,0.0,0.0,5805870.762786851,1019
5821741.012211666,2087.1864414408165,0.0,0.0,5823828.1986531075,1020
5839678.304838296,2086.0639235715184,0.0,0.0,5841764.368761867,1021
5857593.850093765,2084.9127845084017,0.0,0.0,5859678.762878274,1022
5875487.136693617,2083.7331159332393,0.0,0.0,5877570.86980955,1023
5893357.652393518,2082.5250114868873,0.0,0.0,5895440.177405005,1024
5911204.88398925,2081.288566769284,0.0,0.0,5913286.172556019,1025
5929028.317316724,2080.023879339451,0.0,0.0,5931108.341196063,1026
5946827.437251965,2078.7310487154928,0.0,0.0,5948906.16830068,1027
5964601.727711124,2077.410176374596,0.0,0.0,5966679.137887499,1028
5982350.671650472,2076.061365753032,0.0,0.0,5984426.7330162255,1029
6000073.751066402,2074.684722246153,0.0,0.0,6002148.435788648,1030
6017770.446995427,2073.2803532083954,0.0,0.0,6019843.727348635,1031
6035440.239514184,2071.848367953277,0.0,0.0,6037512.087882138,1032
6053082.607739429,2070.3888777534007,0.0,0.0,6055152.996617182,1033
6070697.02982804,2068.901995840451,0.0,0.0,6072765.93182388,1034
6088282.982977018,2067.3878374051947,0.0,0.0,6090350.370814423,1035
6105839.943423481,2065.8465195974827,0.0,0.0,6107905.7899430785,1036
6123367.386444675,2064.278161526248,0.0,0.0,6125431.664606201,1037
6140864.786357963,2062.682884259507,0.0,0.0,6142927.469242223,1038
6158331.6165208295,2061.060810824358,0.0,0.0,6160392.677331653,1039
6175767.349330883,2059.4120662069836,0.0,0.0,6177826.76139709,1040
6193171.456225848,2057.736777352649,0.0,0.0,6195229.193003201,1041
6210543.407683579,2056.035073165701,0.0,0.0,6212599.442756745,1042
6227882.673222044,2054.30708450957,0.0,0.0,6229936.980306553,1043
6245188.721399337,2052.5529442067705,0.0,0.0,6247241.274343544,1044
6262461.01981367,2050.7727870388976,0.0,0.0,6264511.792600709,1045
6279699.035103379,2048.9667497466316,0.0,0.0,6281748.001853125,1046
6296902.232946923,2047.134971029734,0.0,0.0,6298949.367917953,1047
6314070.078062878,2045.2775915470502,0.0,0.0,6316115.355654425,1048
6331202.034209944,2043.3947539165076,0.0,0.0,6333245.4289638605,1049
6348297.819624036,2041.4864420091706,0.0,0.0,6350339.306066045,1050
6365358.294233526,2039.552014108093,0.0,0.0,6367397.846247634,1051
6382383.330861686,2037.5915819198294,0.0,0.0,6384420.922443606,1052
6399372.6296113925,2035.605374802847,0.0,0.0,6401408.234986195,1053
6416325.893274966,2033.5936213069772,0.0,0.0,6418359.486896273,1054
6433242.8273341665,2031.556549173413,0.0,0.0,6435274.38388334,1055
6450123.139960199,2029.494385334711,0.0,0.0,6452152.634345533,1056
6466966.542013708,2027.4073559147907,0.0,0.0,6468993.949369622,1057
6483772.747044781,2025.295686228934,0.0,0.0,6485798.04273101,1058
6500541.471292947,2023.1596007837861,0.0,0.0,6502564.6308937315,1059
6517272.4336871775,2020.9993232773547,0.0,0.0,6519293.433010455,1060
6533965.355845884,2018.8150765990106,0.0,0.0,6535984.170922483,1061
6550619.962076924,2016.607082829487,0.0,0.0,6552636.569159754,1062
6567235.979377591,2014.3755632408806,0.0,0.0,6569250.354940832,1063
6583813.137434626,2012.1207382966506,0.0,0.0,6585825.258172923,1064
6600351.168624207,2009.842827651619,0.0,0.0,6602361.011451859,1065
6616849.808011959,2007.542050151971,0.0,0.0,6618857.350062111,1066
6633308.793352946,2005.218623835254,0.0,0.0,6635314.011976781,1067
6649727.865091672,2002.8727659303788,0.0,0.0,6651730.737857603,1068
6666106.766362086,2000.5046928576191,0.0,0.0,6668107.271054943,1069
6682445.242987579,1998.1146202286109,0.0,0.0,6684443.357607807,1070
6698743.043480981,1995.7027628463538,0.0,0.0,6700738.746243827,1071
6714999.919044567,1993.2693347052093,0.0,0.0,6716993.188379273,1072
6731215.623570053,1990.814548990903,0.0,0.0,6733206.438119044,1073
6747389.9136385955,1988.3386180805219,0.0,0.0,6749378.252256676,1074
6763522.548520793,1985.841753542517,0.0,0.0,6765508.390274336,1075
6779613.290176689,1983.3241661367017,0.0,0.0,6781596.6143428255,1076
6795661.903255765,1980.7860658142524,0.0,0.0,6797642.689321579,1077
6811668.155096946,1978.227661717708,0.0,0.0,6813646.382758664,1078
6827631.815728601,1975.6491621809707,0.0,0.0,6829607.464890782,1079
6843552.657868536,1973.0507747293052,0.0,0.0,6845525.708643265,1080
6859430.456924004,1970.4327060793394,0.0,0.0,6861400.889630083,1081
6875264.990991695,1967.7951621390637,0.0,0.0,6877232.786153834,1082
6891056.040857746,1965.1383480078316,0.0,0.0,6893021.179205754,1083
6906803.389997733,1962.462467976359,0.0,0.0,6908765.852465709,1084
6922506.824576672,1959.7677255267256,0.0,0.0,6924466.5923021985,1085
6938166.133449026,1957.0543233323729,0.0,0.0,6940123.187772359,1086
6953781.108158696,1954.3224632581057,0.0,0.0,6955735.430621955,1087
6969351.542939026,1951.5723463600918,0.0,0.0,6971303.115285386,1088
6984877.234712802,1948.8041728858618,0.0,0.0,6986826.0388856875,1089
7000357.983092251,1946.018142274309,0.0,0.0,7002304.001234526,1090
7015793.590379043,1943.2144531556894,0.0,0.0,7017736.804832199,1091
7031183.86156429,1940.3933033516223,0.0,0.0,7033124.254867641,1092
7046528.604328545,1937.5548898750894,0.0,0.0,7048466.15921842,1093
7061827.629041802,1934.6994089304358,0.0,0.0,7063762.328450733,1094
7077080.748763501,1931.8270559133684,0.0,0.0,7079012.575819414,1095
7092287.779242518,1928.9380254109585,0.0,0.0,7094216.71726793,1096
7107448.538917176,1926.032511201639,0.0,0.0,7109374.571428378,1097
7122562.848915238,1923.110706255206,0.0,0.0,7124485.959621493,1098
7137630.533053908,1920.1728027328186,0.0,0.0,7139550.705856641,1099
7152651.417839833,1917.2189919869984,0.0,0.0,7154568.63683182,1100
7167625.3324691,1914.2494645616307,0.0,0.0,7169539.581933661,1101
7182552.108827241,1911.2644101919625,0.0,0.0,7184463.373237433,1102
7197431.581489228,1908.2640178046045,0.0,0.0,7199339.845507032,1103
7212263.587719475,1905.24847551753,0.0,0.0,7214168.836194992,1104
7227047.967471838,1902.2179706400748,0.0,0.0,7228950.185442478,1105
7241784.563389616,1899.1726896729383,0.0,0.0,7243683.736079289,1106
7256473.220805547,1896.1128183081819,0.0,0.0,7258369.333623855,1107
7271113.787741815,1893.0385414292305,0.0,0.0,7273006.826283244,1108
7285706.114910042,1889.9500431108715,0.0,0.0,7287596.064953153,1109
7300250.055711294,1886.8475066192555,0.0,0.0,7302136.903217913,1110
7314745.466236077,1883.7311144118953,0.0,0.0,7316629.197350489,1111
7329192.205264343,1880.6010481376672,0.0,0.0,7331072.806312481,1112
7343590.134265482,1877.45748863681,0.0,0.0,7345467.591754119,1113
7357939.117398327,1874.3006159409258,0.0,0.0,7359813.418014268,1114
7372239.021511152,1871.130609272979,0.0,0.0,7374110.152120425,1115
7386489.7161416765,1867.9476470472969,0.0,0.0,7388357.663788724,1116
7400691.073517056,1864.7519068695701,0.0,0.0,7402555.825423926,1117
7414842.968553894,1861.5435655368515,0.0,0.0,7416704.512119431,1118
7428945.278858231,1858.3227990375572,0.0,0.0,7430803.601657269,1119
7442997.884725553,1855.0897825514662,0.0,0.0,7444852.974508105,1120
7457000.669140786,1851.8446904497202,0.0,0.0,7458852.5138312355,1121
7470953.517778298,1848.587696294824,0.0,0.0,7472802.105474593,1122
7484856.319001897,1845.3189728406442,0.0,0.0,7486701.637974738,1123
7498708.963864839,1842.0386920324117,0.0,0.0,7500551.002556871,1124
7512511.346109815,1838.74702500672,0.0,0.0,7514350.093134821,1125
7526263.362168962,1835.444142091524,0.0,0.0,7528098.806311053,1126
7539964.911163857,1832.1302128061434,0.0,0.0,7541797.041376663,1127
7553615.894905521,1828.8054058612597,0.0,0.0,7555444.700311382,1128
7567216.2178944135,1825.469889158917,0.0,0.0,7569041.687783573,1129
7580765.787320438,1822.1238297925233,0.0,0.0,7582587.91115023,1130
7594264.513062942,1818.7673940468485,0.0,0.0,7596083.280456989,1131
7607712.30769071,1815.4007473980255,0.0,0.0,7609527.708438108,1132
7621109.086461972,1812.0240545135505,0.0,0.0,7622921.110516486,1133
7634454.767324399,1808.637479252282,0.0,0.0,7636263.404803651,1134
7647749.270915105,1805.2411846644422,0.0,0.0,7649554.51209977,1135
7660992.520560643,1801.835332991615,0.0,0.0,7662794.355893634,1136
7674184.44227701,1798.4200856667478,0.0,0.0,7675982.862362676,1137
7687324.964769644,1794.9956033141511,0.0,0.0,7689119.960372958,1138
7700414.019433426,1791.5620457494974,0.0,0.0,7702205.581479175,1139
7713451.540352679,1788.1195719798234,0.0,0.0,7715239.659924659,1140
7726437.464301165,1784.668340203527,0.0,0.0,7728222.132641369,1141
7739371.730742092,1781.2085078103703,0.0,0.0,7741152.939249903,1142
7752254.281828107,1777.7402313814773,0.0,0.0,7754032.022059489,1143
7765085.062401302,1774.2636666893357,0.0,0.0,7766859.326067992,1144
7777864.019993205,1770.7789686977953,0.0,0.0,7779634.798961902,1145
7790591.104824792,1767.2862915620694,0.0,0.0,7792358.391116354,1146
7803266.269806477,1763.7857886287338,0.0,0.0,7805030.0555951055,1147
7815889.470538119,1760.2776124357267,0.0,0.0,7817649.7481505545,1148
7828460.665309017,1756.7619147123503,0.0,0.0,7830217.427223729,1149
7840979.815097911,1753.2388463792686,0.0,0.0,7842733.053944291,1150
7853446.8835729845,1749.708557548509,0.0,0.0,7855196.592130533,1151
7865861.837091863,1746.1711975234612,0.0,0.0,7867608.0082893865,1152
7878224.644701613,1742.6269147988785,0.0,0.0,7879967.271616412,1153
7890535.278138744,1739.0758570608768,0.0,0.0,7892274.353995805,1154
7902793.711829205,1735.5181711869343,0.0,0.0,7904529.230000392,1155
7914999.92288839,1731.954003245893,0.0,0.0,7916731.876891635,1156
7927153.891121132,1728.383498497957,0.0,0.0,7928882.274619631,1157
7939255.599021709,1724.8068013946931,0.0,0.0,7940980.405823103,1158
7951305.031773837,1721.224055579032,0.0,0.0,7953026.255829416,1159
7963302.177250678,1717.6354038852662,0.0,0.0,7965019.812654563,1160
7975247.026014833,1714.0409883390516,0.0,0.0,7976961.067003172,1161
7987139.571318346,1710.4409501574069,0.0,0.0,7988850.012268503,1162
7998979.809102703,1706.835429748713,0.0,0.0,8000686.644532451,1163
8010767.737998831,1703.2245667127147,0.0,0.0,8012470.962565544,1164
8022503.3593271,1699.608499840519,0.0,0.0,8024202.967826941,1165
8034186.677097322,1695.987367114596,0.0,0.0,8035882.664464437,1166
8045817.69800875,1692.3613057087782,0.0,0.0,8047510.059314459,1167
8057396.431450078,1688.7304519882618,0.0,0.0,8059085.161902066,1168
8068922.8894994445,1685.0949415096047,0.0,0.0,8070607.984440954,1169
8080397.086924427,1681.454909020729,0.0,0.0,8082078.541833448,1170
8091819.041182049,1677.8104884609186,0.0,0.0,8093496.851670509,1171
8103188.772418769,1674.1618129608205,0.0,0.0,8104862.93423173,1172
8114506.303470495,1670.5090148424447,0.0,0.0,8116176.812485337,1173
8125771.659862574,1666.852225619164,0.0,0.0,8127438.512088194,1174
8136984.869809792,1663.1915759957144,0.0,0.0,8138648.061385788,1175
8148145.964216381,1659.527195868194,0.0,0.0,8149805.491412249,1176
8159254.976676013,1655.8592143240642,0.0,0.0,8160910.835890338,1177
8170311.943471801,1652.187759642149,0.0,0.0,8171964.131231443,1178
8181316.903576301,1648.512959292636,0.0,0.0,8182965.4165355945,1179
8192269.898651513,1644.8349399370745,0.0,0.0,8193914.73359145,1180
8203170.973048875,1641.1538274283778,0.0,0.0,8204812.126876304,1181
8214020.1738092685,1637.469746810821,0.0,0.0,8215657.643556079,1182
8224817.550663019,1633.7828223200431,0.0,0.0,8226451.333485339,1183
8235563.156029889,1630.0931773830448,0.0,0.0,8237193.249207272,1184
8246257.045019087,1626.4009346181906,0.0,0.0,8247883.445953705,1185
8256899.275429264,1622.7062158352076,0.0,0.0,8258521.981645099,1186
8267489.907748509,1619.0091420351855,0.0,0.0,8269108.916890545,1187
8278029.005154355,1615.3098334105769,0.0,0.0,8279644.314987766,1188
8288516.633513778,1611.6084093451973,0.0,0.0,8290128.241923124,1189
8298952.861383195,1607.9049884142255,0.0,0.0,8300560.76637161,1190
8309337.760008464,1604.1996883842025,0.0,0.0,8310941.959696848,1191
8319671.403324885,1600.4926262130323,0.0,0.0,8321271.895951099,1192
8329953.867957201,1596.783918049982,0.0,0.0,8331550.651875251,1193
8340185.233219597,1593.0736792356815,0.0,0.0,8341778.306898832,1194
8350365.5811156975,1589.3620243021232,0.0,0.0,8351954.943139999,1195
8360494.996338573,1585.6490669726631,0.0,0.0,8362080.645405546,1196
8370573.566270731,1581.934920162019,0.0,0.0,8372155.501190893,1197
8380601.380984126,1578.219695976272,0.0,0.0,8382179.600680102,1198
8390578.53324015,1574.5035057128669,0.0,0.0,8392153.036745863,1199
8400505.118489638,1570.78645986061,0.0,0.0,8402075.9049495,1200
8410381.23487287,1567.0686680996712,0.0,0.0,8411948.30354097,1201
8420206.983219564,1563.3502393015833,0.0,0.0,8421770.333458865,1202
8429982.467048882,1559.6312815292415,0.0,0.0,8431542.09833041,1203
8439707.792569425,1555.9119020369044,0.0,0.0,8441263.704471461,1204
8449383.068679241,1552.1922072701927,0.0,0.0,8450935.26088651,1205
8459008.406965816,1548.472302866091,0.0,0.0,8460556.879268682,1206
8468583.92170608,1544.7522936529458,0.0,0.0,8470128.673999734,1207
8478109.7298664,1541.032283650467,0.0,0.0,8479650.762150051,1208
8487585.951102596,1537.3123760697267,0.0,0.0,8489123.263478665,1209
8497012.707759913,1533.592673313161,0.0,0.0,8498546.300433226,1210
8506390.124873055,1529.8732769745675,0.0,0.0,8507919.99815003,1211
8515718.330166157,1526.1542878391078,0.0,0.0,8517244.484453997,1212
8524997.454052802,1522.4358058833059,0.0,0.0,8526519.889858685,1213
8534227.629636008,1518.7179302750483,0.0,0.0,8535746.347566284,1214
8543408.992708243,1515.0007593735847,0.0,0.0,8544923.993467618,1215
8552541.681751411,1511.2843907295278,0.0,0.0,8554052.96614214,1216
8561625.83793686,1507.568921084853,0.0,0.0,8563133.406857945,1217
8570661.605125379,1503.854446372898,0.0,0.0,8572165.45957175,1218
8579649.1298672,1500.1410617183647,0.0,0.0,8581149.270928917,1219
8588588.561401999,1496.4288614373168,0.0,0.0,8590084.990263436,1220
8597480.051658887,1492.7179390371803,0.0,0.0,8598972.769597925,1221
8606323.755256426,1489.0083872167456,0.0,0.0,8607812.763643643,1222
8615119.82950261,1485.300297866165,0.0,0.0,8616605.129800476,1223
8623868.434394885,1481.5937620669538,0.0,0.0,8625350.028156951,1224
8632569.732620131,1477.8888700919902,0.0,0.0,8634047.621490223,1225
8641223.889554674,1474.1857114055151,0.0,0.0,8642698.07526608,1226
8649831.07326428,1470.4843746631323,0.0,0.0,8651301.557638943,1227
8658391.454504158,1466.7849477118089,0.0,0.0,8659858.23945187,1228
8666905.206718959,1463.087517589874,0.0,0.0,8668368.294236548,1229
8675372.506042775,1459.3921705270204,0.0,0.0,8676831.898213303,1230
8683793.53129914,1455.6989919443033,0.0,0.0,8685249.230291085,1231
8692168.46400103,1452.0080664541408,0.0,0.0,8693620.472067485,1232
8700497.488350863,1448.3194778603138,0.0,0.0,8701945.807828723,1233
8708780.7912405,1444.6333091579663,0.0,0.0,8710225.424549658,1234
8717018.562251244,1440.9496425336047,0.0,0.0,8718459.511893777,1235
8725210.993653834,1437.2685593650988,0.0,0.0,8726648.262213198,1236
8733358.28040846,1433.590140221681,0.0,0.0,8734791.870548682,1237
8741460.620164748,1429.914464863946,0.0,0.0,8742890.534629611,1238
8749518.213261768,1426.2416122438524,0.0,0.0,8750944.454874013,1239
8757531.26272803,1422.5716605047212,0.0,0.0,8758953.834388535,1240
8765499.97428149,1418.904686981236,0.0,0.0,8766918.878968472,1241
8773424.556329539,1415.2407681994432,0.0,0.0,8774839.797097739,1242
8781305.219969017,1411.5799798767525,0.0,0.0,8782716.799948893,1243
8789142.178986203,1407.9223969219363,0.0,0.0,8790550.101383125,1244
8796935.649856817,1404.26809343513,0.0,0.0,8798339.917950252,1245
8804685.85174602,1400.6171427078307,0.0,0.0,8806086.468888728,1246
8812393.00650842,1396.9696172229005,0.0,0.0,8813789.976125643,1247
8820057.33868806,1393.3255886545626,0.0,0.0,8821450.664276715,1248
8827679.07551843,1389.685127868403,0.0,0.0,8829068.760646299,1249
8835258.44692246,1386.0483049213722,0.0,0.0,8836644.495227382,1250
8842795.685512524,1382.4151890617818,0.0,0.0,8844178.100701585,1251
8850291.026590431,1378.7858487293074,0.0,0.0,8851669.81243916,1252
8857744.708147442,1375.1603515549864,0.0,0.0,8859119.868498998,1253
8865156.970864251,1371.5387643612198,0.0,0.0,8866528.509628613,1254
8872528.058111,1367.9211531617716,0.0,0.0,8873895.979264162,1255
8879858.215947272,1364.307583161768,0.0,0.0,8881222.523530435,1256
8887147.693122087,1360.698118757699,0.0,0.0,8888508.391240845,1257
8894396.741073914,1357.092823537416,0.0,0.0,8895753.833897451,1258
8901605.613930656,1353.4917602801347,0.0,0.0,8902959.105690936,1259
8908774.568509664,1349.8949909564328,0.0,0.0,8910124.46350062,1260
8915903.864317728,1346.3025767282509,0.0,0.0,8917250.166894456,1261
8922993.763551084,1342.7145779488928,0.0,0.0,8924336.478129033,1262
8930044.531095404,1339.1310541630253,0.0,0.0,8931383.662149567,1263
8937056.434525806,1335.5520641066776,0.0,0.0,8938391.986589912,1264
8944029.944757164,1331.977792672239,0.0,0.0,8945361.922549836,1265
8950966.730137745,1328.409213230852,0.0,0.0,8952295.139350975,1266
8957867.165671458,1324.846535925473,0.0,0.0,8959192.012207383,1267
8964731.32240585,1321.2897827021613,0.0,0.0,8966052.612188553,1268
8971559.271958223,1317.7389753168434,0.0,0.0,8972877.010933539,1269
8978351.08651562,1314.1941353353152,0.0,0.0,8979665.280650957,1270
8985106.838834845,1310.6552841332407,0.0,0.0,8986417.494118977,1271
8991826.602242444,1307.1224428961518,0.0,0.0,8993133.72468534,1272
8998510.450634718,1303.5956326194496,0.0,0.0,8999814.046267338,1273
9005158.458477715,1300.0748741084033,0.0,0.0,9006458.533351824,1274
9011770.700807234,1296.5601879781502,0.0,0.0,9013067.260995213,1275
9018347.253228826,1293.0515946536966,0.0,0.0,9019640.30482348,1276
9024888.191917788,1289.5491143699169,0.0,0.0,9026177.741032159,1277
9031393.59361917,1286.0527671715538,0.0,0.0,9032679.646386342,1278
9037863.535647772,1282.5625729132187,0.0,0.0,9039146.098220685,1279
9044298.095888142,1279.0785512593911,0.0,0.0,9045577.1744394,1280
9050697.35279458,1275.6007216844193,0.0,0.0,9051972.953516265,1281
9057061.385391135,1272.1291034725198,0.0,0.0,9058333.514494607,1282
9063390.273271605,1268.6637157177774,0.0,0.0,9064658.936987324,1283
9069684.096599543,1265.2045773241457,0.0,0.0,9070949.301176868,1284
9075942.936108246,1261.7517070054464,0.0,0.0,9077204.687815253,1285
9082166.873100765,1258.3051232853695,0.0,0.0,9083425.17822405,1286
9088355.989449898,1254.8648444974735,0.0,0.0,9089610.854294395,1287
9094510.367598195,1251.430888785186,0.0,0.0,9095761.79848698,1288
9100630.090557955,1248.003274101802,0.0,0.0,9101878.093832057,1289
9106715.241911229,1244.5820182104856,0.0,0.0,9107959.823929438,1290
9112765.905809814,1241.1671386842686,0.0,0.0,9114007.072948499,1291
9118782.166975264,1237.7586529060522,0.0,0.0,9120019.92562817,1292
9124764.110698875,1234.3565780686056,0.0,0.0,9125998.467276944,1293
9130711.822841698,1230.9609311745658,0.0,0.0,9131942.783772873,1294
9136625.389834533,1227.5717290364391,0.0,0.0,9137852.961563569,1295
9142504.89867793,1224.1889882766,0.0,0.0,9143729.087666206,1296
9148350.436942188,1220.812725327291,0.0,0.0,9149571.249667516,1297
9154162.092767358,1217.4429564306236,0.0,0.0,9155379.535723789,1298
9159939.95486324,1214.079697638577,0.0,0.0,9161154.034560878,1299
9165684.112509381,1210.7229648129996,0.0,0.0,9166894.835474193,1300
9171394.655555084,1207.3727736256078,0.0,0.0,9172602.02832871,1301
9177071.6744194,1204.0291395579861,0.0,0.0,9178275.703558957,1302
9182715.260091126,1200.6920779015886,0.0,0.0,9183915.952169027,1303
9188325.504128814,1197.3616037577362,0.0,0.0,9189522.865732571,1304
9193902.498660764,1194.0377320376197,0.0,0.0,9195096.5363928,1305
9199446.336385025,1190.720477462297,0.0,0.0,9200637.056862487,1306
9204957.110569397,1187.4098545626955,0.0,0.0,9206144.52042396,1307
9210434.915051432,1184.1058776796103,0.0,0.0,9211619.020929111,1308
9215879.84423843,1180.8085609637058,0.0,0.0,9217060.652799394,1309
9221291.993107442,1177.5179183755133,0.0,0.0,9222469.511025818,1310
9226671.457205264,1174.2339636854344,0.0,0.0,9227845.691168949,1311
9232018.33264845,1170.9567104737375,0.0,0.0,9233189.289358925,1312
9237332.716123302,1167.6861721305602,0.0,0.0,9238500.402295433,1313
9242614.704885868,1164.4223618559085,0.0,0.0,9243779.127247725,1314
9247864.396761948,1161.1652926596566,0.0,0.0,9249025.562054608,1315
9253081.890147092,1157.9149773615475,0.0,0.0,9254239.805124454,1316
9258267.284006603,1154.6714285911921,0.0,0.0,9259421.955435194,1317
9263420.67787553,1151.43465878807,0.0,0.0,9264572.112534318,1318
9268542.171858676,1148.204680201529,0.0,0.0,9269690.376538876,1319
9273631.866630588,1144.981504890786,0.0,0.0,9274776.848135479,1320
9278689.863435566,1141.7651447249254,0.0,0.0,9279831.62858029,1321
9283716.264087666,1138.5556113829005,0.0,0.0,9284854.819699049,1322
9288711.170970686,1135.3529163535331,0.0,0.0,9289846.52388704,1323
9293674.687038174,1132.157070935513,0.0,0.0,9294806.844109109,1324
9298606.915813435,1128.968086237399,0.0,0.0,9299735.883899672,1325
9303507.96138952,1125.785973177618,0.0,0.0,9304633.747362697,1326
9308377.928429224,1122.610742484465,0.0,0.0,9309500.539171709,1327
9313216.922165103,1119.442404696104,0.0,0.0,9314336.3645698,1328
9318025.04839946,1116.280970160567,0.0,0.0,9319141.32936962,1329
9322802.41350434,1113.1264490357548,0.0,0.0,9323915.539953375,1330
9327549.124421546,1109.9788512894363,0.0,0.0,9328659.103272835,1331
9332265.288662633,1106.8381866992488,0.0,0.0,9333372.126849333,1332
9336951.014308896,1103.7044648526983,0.0,0.0,9338054.718773749,1333
9341606.41001139,1100.5776951471591,0.0,0.0,9342706.987706538,1334
9346231.584990917,1097.4578867898736,0.0,0.0,9347329.042877706,1335
9350826.649038024,1094.345048797953,0.0,0.0,9351920.994086822,1336
9355391.712513017,1091.239189998377,0.0,0.0,9356482.951703016,1337
9359926.886345943,1088.1403190279932,0.0,0.0,9361015.026664972,1338
9364432.282036606,1085.048444333518,0.0,0.0,9365517.33048094,1339
9368908.011654556,1081.9635741715365,0.0,0.0,9369989.975228727,1340
9373354.187839095,1078.8857166085015,0.0,0.0,9374433.073555702,1341
9377770.923799274,1075.8148795207348,0.0,0.0,9378846.738678794,1342
9382158.333313895,1072.7510705944264,0.0,0.0,9383231.08438449,1343
9386516.53073151,1069.6942973256346,0.0,0.0,9387586.225028835,1344
9390845.630970418,1066.6445670202863,0.0,0.0,9391912.275537439,1345
9395145.749518674,1063.6018867941768,0.0,0.0,9396209.351405468,1346
9399417.002434075,1060.5662635729698,0.0,0.0,9400477.568697648,1347
9403659.506344177,1057.5377040921971,0.0,0.0,9404717.044048268,1348
9407873.378446281,1054.51621489726,0.0,0.0,9408927.894661179,1349
9412058.736507434,1051.5018023434266,0.0,0.0,9413110.238309778,1350
9416215.698864445,1048.4944725958344,0.0,0.0,9417264.19333704,1351
9420344.38442386,1045.4942316294896,0.0,0.0,9421389.87865549,1352
9424444.912661983,1042.5010852292662,0.0,0.0,9425487.413747212,1353
9428517.403624866,1039.5150389899065,0.0,0.0,9429556.918663856,1354
9432561.977928309,1036.5360983160222,0.0,0.0,9433598.514026625,1355
9436578.756757867,1033.5642684220918,0.0,0.0,9437612.321026288,1356
9440567.861868838,1030.5995543324639,0.0,0.0,9441598.46142317,1357
9444529.415586278,1027.6419608813546,0.0,0.0,9445557.05754716,1358
9448463.540804986,1024.6914927128487,0.0,0.0,9449488.232297698,1359
9452370.360989515,1021.7481542808987,0.0,0.0,9453392.109143795,1360
9456250.000174167,1018.811949849327,0.0,0.0,9457268.812124016,1361
9460102.582962994,1015.8828834918231,0.0,0.0,9461118.465846485,1362
9463928.234529797,1012.9609590919454,0.0,0.0,9464941.195488889,1363
9467727.080618132,1010.0461803431207,0.0,0.0,9468737.126798475,1364
9471499.247541295,1007.1385507486441,0.0,0.0,9472506.386092044,1365
9475244.862182345,1004.2380736216796,0.0,0.0,9476249.100255966,1366
9478964.05199408,1001.3447520852587,0.0,0.0,9479965.396746164,1367
9482656.944999052,998.4585890722824,0.0,0.0,9483655.403588124,1368
9486323.669789564,995.5795873255192,0.0,0.0,9487319.24937689,1369
9489964.355527671,992.7077493976066,0.0,0.0,9490957.06327707,1370
9493579.13194517,989.8430776510501,0.0,0.0,9494568.97502282,1371
9497168.12934362,986.985574258224,0.0,0.0,9498155.114917878,1372
9500731.478594318,984.1352412013707,0.0,0.0,9501715.61383552,1373
9504269.311138319,981.2920802726014,0.0,0.0,9505250.60321859,1374
9507781.758986425,978.4560930738953,0.0,0.0,9508760.2150795,1375
9511268.954719188,975.6272810171004,0.0,0.0,9512244.582000205,1376
9514731.031486912,972.8056453239326,0.0,0.0,9515703.837132236,1377
9518168.123009648,969.9911870259767,0.0,0.0,9519138.114196675,1378
9521580.363577198,967.1839069646859,0.0,0.0,9522547.547484163,1379
9524967.888049118,964.3838057913815,0.0,0.0,9525932.27185491,1380
9528330.831854708,961.5908839672534,0.0,0.0,9529292.422738675,1381
9531669.330993023,958.8051417633599,0.0,0.0,9532628.136134787,1382
9534983.522032863,956.0265792606278,0.0,0.0,9535939.548612123,1383
9538273.54211278,953.2551963498522,0.0,0.0,9539226.79730913,1384
9541539.528941082,950.4909927316967,0.0,0.0,9542490.019933814,1385
9544781.620795816,947.7339679166932,0.0,0.0,9545729.354763733,1386
9547999.95652479,944.9841212252422,0.0,0.0,9548944.940646015,1387
9551194.675545555,942.2414517876125,0.0,0.0,9552136.916997341,1388
9554365.917845411,939.5059585439415,0.0,0.0,9555305.423803955,1389
9557513.823981415,936.7776402442342,0.0,0.0,9558450.60162166,1390
9560638.535080368,934.0564954483655,0.0,0.0,9561572.591575816,1391
9563740.192838825,931.3425225260773,0.0,0.0,9564671.535361351,1392
9566818.939523088,928.6357196569809,0.0,0.0,9567747.575242745,1393
9569874.917969208,925.9360848305553,0.0,0.0,9570800.85405404,1394
9572908.27158299,923.2436158461483,0.0,0.0,9573831.515198836,1395
9575919.14433999,920.5583103129763,0.0,0.0,9576839.702650303,1396
9578907.680785507,917.8801656501238,0.0,0.0,9579825.560951157,1397
9581874.026034597,915.2091790865435,0.0,0.0,9582789.235213684,1398
9584818.325772062,912.5453476610572,0.0,0.0,9585730.871119723,1399
9587740.726252453,909.8886682223545,0.0,0.0,9588650.614920676,1400
9590641.37430008,907.2391374289937,0.0,0.0,9591548.61343751,1401
9593520.41730899,904.5967517494014,0.0,0.0,9594425.01406074,1402
9596378.00324299,901.9615074618728,0.0,0.0,9597279.964750452,1403
9599214.28063563,899.3334006545715,0.0,0.0,9600113.614036284,1404
9602029.398590218,896.7124272255294,0.0,0.0,9602926.111017443,1405
9604823.506779805,894.0985828826463,0.0,0.0,9605717.605362687,1406
9607596.755447196,891.4918631436917,0.0,0.0,9608488.24731034,1407
9610349.295404943,888.8922633363023,0.0,0.0,9611238.187668279,1408
9613081.27803535,886.2997785979837,0.0,0.0,9613967.577813948,1409
9615792.85529047,883.7144038761103,0.0,0.0,9616676.569694348,1410
9618484.17969211,881.1361339279242,0.0,0.0,9619365.315826038,1411
9621155.40433182,878.5649633205364,0.0,0.0,9622033.96929514,1412
9623806.682870906,876.000886430926,0.0,0.0,9624682.683757337,1413
9626438.16954042,873.4438974459409,0.0,0.0,9627311.613437867,1414
9629050.019141167,870.893990362297,0.0,0.0,9629920.91313153,1415
9631642.387043701,868.3511589865788,0.0,0.0,9632510.738202687,1416
9634215.429188326,865.8153969352395,0.0,0.0,9635081.24458526,1417
9636769.302085098,863.2866976346,0.0,0.0,9637632.588782733,1418
9639304.162813816,860.7650543208506,0.0,0.0,9640164.927868137,1419
9641820.169024037,858.2504600400491,0.0,0.0,9642678.419484077,1420
9644317.478935067,855.7429076481222,0.0,0.0,9645173.221842716,1421
9646796.251335954,853.2423898108651,0.0,0.0,9647649.493725765,1422
9649256.645585509,850.7488990039411,0.0,0.0,9650107.394484513,1423
9651698.821612284,848.2624275128821,0.0,0.0,9652547.084039796,1424
9654122.93991458,845.7829674330882,0.0,0.0,9654968.722882014,1425
9656529.161560455,843.3105106698283,0.0,0.0,9657372.472071124,1426
9658917.648187712,840.8450489382395,0.0,0.0,9659758.49323665,1427
9661288.562003905,838.3865737633273,0.0,0.0,9662126.948577669,1428
9663642.06578634,835.9350764799656,0.0,0.0,9664478.00086282,1429
9665978.322882067,833.4905482328966,0.0,0.0,9666811.8134303,1430
9668297.497207895,831.0529799767316,0.0,0.0,9669128.55018787,1431
9670599.753250377,828.6223624759493,0.0,0.0,9671428.375612853,1432
9672885.256065818,826.1986863048976,0.0,0.0,9673711.454752123,1433
9675154.17128027,823.7819418477925,0.0,0.0,9675977.953222118,1434
9677406.66508954,821.3721192987183,0.0,0.0,9678228.037208838,1435
9679642.904259183,818.969208661628,0.0,0.0,9680461.873467844,1436
9681863.0561245,816.573199750343,0.0,0.0,9682679.629324252,1437
9684067.28859055,814.1840821885527,0.0,0.0,9684881.472672738,1438
9686255.770132137,811.8018454098154,0.0,0.0,9687067.571977546,1439
9688428.669793813,809.4264786575579,0.0,0.0,9689238.09627247,1440
9690586.157189883,807.0579709850747,0.0,0.0,9691393.215160869,1441
9692728.402504407,804.6963112555295,0.0,0.0,9693533.098815663,1442
9694855.576491183,802.3414881419541,0.0,0.0,9695657.917979324,1443
9696967.850473769,799.9934901272485,0.0,0.0,9697767.843963897,1444
9699065.39634547,797.6523055041815,0.0,0.0,9699863.048650974,1445
9701148.38656934,795.3179223753901,0.0,0.0,9701943.704491716,1446
9703216.994178183,792.9903286533798,0.0,0.0,9704009.984506836,1447
9705271.39277456,790.6695120605243,0.0,0.0,9706062.062286621,1448
9707311.756530767,788.3554601290664,0.0,0.0,9708100.111990897,1449
9709338.260188866,786.0481602011163,0.0,0.0,9710124.308349067,1450
9711351.079060659,783.7475994286533,0.0,0.0,9712134.826660087,1451
9713350.389027702,781.4537647735252,0.0,0.0,9714131.842792476,1452
9715336.366541298,779.1666430074478,0.0,0.0,9716115.533184305,1453
9717309.188622506,776.8862207120053,0.0,0.0,9718086.074843219,1454
9719269.032862129,774.6124842786508,0.0,0.0,9720043.645346407,1455
9721216.07742072,772.3454199087054,0.0,0.0,9721988.422840629,1456
9723150.50102859,770.0850136133587,0.0,0.0,9723920.586042203,1457
9725072.48298579,767.8312512136691,0.0,0.0,9725840.314237004,1458
9726982.203162128,765.5841183405627,0.0,0.0,9727747.787280468,1459
9728879.841997156,763.3436004348345,0.0,0.0,9729643.185597591,1460
9730765.580500182,761.109682747148,0.0,0.0,9731526.690182928,1461
9732639.60025026,758.8823503380346,0.0,0.0,9733398.4826006,1462
9734502.083396198,756.6615880778949,0.0,0.0,9735258.744984277,1463
9736353.212656548,754.447380646997,0.0,0.0,9737107.660037195,1464
9738193.171319619,752.2397125354781,0.0,0.0,9738945.411032155,1465
9740022.143243464,750.038568043344,0.0,0.0,9740772.181811508,1466
9741840.312855888,747.8439312804677,0.0,0.0,9742588.156787168,1467
9743647.86515445,745.6557861665922,0.0,0.0,9744393.520940617,1468
9745444.985706454,743.4741164313278,0.0,0.0,9746188.459822886,1469
9747231.860648954,741.2989056141537,0.0,0.0,9747973.159554569,1470
9749008.67668876,739.1301370644173,0.0,0.0,9749747.806825824,1471
9750775.621102424,736.9677939413347,0.0,0.0,9751512.588896366,1472
9752532.881736252,734.8118592139899,0.0,0.0,9753267.693595467,1473
9754280.647006303,732.662315661336,0.0,0.0,9755013.309321964,1474
9756019.105898378,730.5191458721941,0.0,0.0,9756749.62504425,1475
9757748.447968038,728.3823322452539,0.0,0.0,9758476.830300283,1476
9759468.863340586,726.251856989073,0.0,0.0,9760195.115197575,1477
9761180.54271108,724.1277021220782,0.0,0.0,9761904.670413202,1478
9762883.677344322,722.009849472564,0.0,0.0,9763605.687193794,1479
9764578.304005448,719.8982882945713,0.0,0.0,9765298.202293742,1480
9766262.8469936,717.7930840529597,0.0,0.0,9766980.640077652,1481
9767936.873781683,715.694240344895,0.0,0.0,9768652.568022028,1482
9769600.41758173,713.6017373383382,0.0,0.0,9770314.019319069,1483
9771253.511735657,711.5155552621832,0.0,0.0,9771965.02729092,1484
9772896.18971527,709.4356744062568,0.0,0.0,9773605.625389677,1485
9774528.485122258,707.3620751213193,0.0,0.0,9775235.84719738,1486
9776150.4316882,705.2947378190639,0.0,0.0,9776855.72642602,1487
9777762.063274562,703.2336429721169,0.0,0.0,9778465.296917535,1488
9779363.413872696,701.1787711140375,0.0,0.0,9780064.59264381,1489
9780954.517603844,699.1301028393183,0.0,0.0,9781653.647706684,1490
9782535.40871913,697.0876188033848,0.0,0.0,9783232.496337933,1491
9784106.12159957,695.0512997225956,0.0,0.0,9784801.172899293,1492
9785666.690756064,693.0211263742425,0.0,0.0,9786359.711882439,1493
9787217.150829403,690.9970795965503,0.0,0.0,9787908.147908999,1494
9788757.53659026,688.979140288677,0.0,0.0,9789446.515730549,1495
9790287.882939197,686.9672894107134,0.0,0.0,9790974.850228608,1496
9791808.224906666,684.9615079836838,0.0,0.0,9792493.18641465,1497
9793318.597653003,682.9617770895452,0.0,0.0,9794001.559430093,1498
9794819.036468433,680.9680778711879,0.0,0.0,9795500.004546305,1499
9796309.576773066,678.9803915324354,0.0,0.0,9796988.557164598,1500
9797790.254116902,676.9986993380442,0.0,0.0,9798467.25281624,1501
9799261.104179824,675.0229826137036,0.0,0.0,9799936.127162438,1502
9800722.162771607,673.0532227460362,0.0,0.0,9801395.215994352,1503
9802173.46583191,671.0894011825981,0.0,0.0,9802844.555233091,1504
9803615.049430277,669.1314994318777,0.0,0.0,9804284.18092971,1505
9805046.949766146,667.1794990632972,0.0,0.0,9805714.12926521,1506
9806469.203168837,665.2333817072114,0.0,0.0,9807134.436550545,1507
9807881.846097559,663.2931290549085,0.0,0.0,9808545.139226614,1508
9809284.915141406,661.3587228586096,0.0,0.0,9809946.273864264,1509
9810678.447019361,659.4301449314689,0.0,0.0,9811337.877164293,1510
9812062.478580292,657.507377147574,0.0,0.0,9812719.98595744,1511
9813437.04680296,655.590401441945,0.0,0.0,9814092.637204403,1512
9814802.188796006,653.6791998105357,0.0,0.0,9815455.867995817,1513
9816157.94179796,651.7737543102327,0.0,0.0,9816809.71555227,1514
9817504.343177244,649.8740470588556,0.0,0.0,9818154.217224304,1515
9818841.43043216,647.9800602351571,0.0,0.0,9819489.410492394,1516
9820169.241190903,646.0917760788234,0.0,0.0,9820815.332966981,1517
9821487.81321155,644.2091768904733,0.0,0.0,9822132.02238844,1518
9822797.18438207,642.3322450316588,0.0,0.0,9823439.516627101,1519
9824097.392720316,640.4609629248653,0.0,0.0,9824737.85368324,1520
9825388.476374028,638.5953130535107,0.0,0.0,9826027.071687082,1521
9826670.473620836,636.7352779619467,0.0,0.0,9827307.208898798,1522
9827943.422868256,634.8808402554575,0.0,0.0,9828578.30370851,1523
9829207.362653688,633.0319826002608,0.0,0.0,9829840.394636288,1524
9830462.331644421,631.188687723507,0.0,0.0,9831093.520332145,1525
9831708.368637636,629.35093841328,0.0,0.0,9832337.71957605,1526
9832945.512560392,627.5187175185964,0.0,0.0,9833573.03127791,1527
9834173.802469645,625.6920079494064,0.0,0.0,9834799.494477594,1528
9835393.277552228,623.8707926765926,0.0,0.0,9836017.148344904,1529
9836603.977124868,622.0550547319713,0.0,0.0,9837226.0321796,1530
9837805.94063418,620.2447772082915,0.0,0.0,9838426.185411388,1531
9838999.207656661,618.4399432592355,0.0,0.0,9839617.64759992,1532
9840183.817898698,616.6405360994187,0.0,0.0,9840800.458434798,1533
9841359.811196564,614.8465390043896,0.0,0.0,9841974.657735568,1534
9842527.227516422,613.0579353106293,0.0,0.0,9843140.285451733,1535
9843686.10695432,611.2747084155529,0.0,0.0,9844297.381662736,1536
9844836.48973619,609.4968417775079,0.0,0.0,9845445.986577967,1537
9845978.416217856,607.724318915775,0.0,0.0,9846586.140536772,1538
9847111.92688503,605.9571234105681,0.0,0.0,9847717.88400844,1539
9848237.062353306,604.1952389030344,0.0,0.0,9848841.257592209,1540
9849353.863368168,602.4386490952535,0.0,0.0,9849956.302017264,1541
9850462.370804986,600.6873377502388,0.0,0.0,9851063.058142737,1542
9851562.625669021,598.9412886919367,0.0,0.0,9852161.566957712,1543
9852654.669095416,597.2004858052263,0.0,0.0,9853251.86958122,1544
9853738.542349203,595.4649130359201,0.0,0.0,9854334.00726224,1545
9854814.286825303,593.7345543907635,0.0,0.0,9855408.021379694,1546
9855881.94404852,592.0093939374352,0.0,0.0,9856473.953442458,1547
9856941.555673549,590.2894158045469,0.0,0.0,9857531.845089354,1548
9857993.163484972,588.5746041816433,0.0,0.0,9858581.738089154,1549
9859036.809397256,586.8649433192022,0.0,0.0,9859623.674340576,1550
9860072.535454758,585.1604175286346,0.0,0.0,9860657.695872286,1551
9861100.383831715,583.4610111822848,0.0,0.0,9861683.844842898,1552
9862120.396832261,581.7667087134296,0.0,0.0,9862702.163540974,1553
9863132.616890412,580.0774946162792,0.0,0.0,9863712.694385028,1554
9864137.08657007,578.3933534459773,0.0,0.0,9864715.479923515,1555
9865133.848565025,576.7142698185999,0.0,0.0,9865710.562834844,1556
9866122.945698958,575.0402284111566,0.0,0.0,9866697.98592737,1557
9867104.420925433,573.3712139615901,0.0,0.0,9867677.792139394,1558
9868078.3173279,571.707211268776,0.0,0.0,9868650.024539169,1559
9869044.6781197,570.048205192523,0.0,0.0,9869614.726324894,1560
9870003.54664406,568.3941806535731,0.0,0.0,9870571.940824714,1561
9870954.966374094,566.7451226336012,0.0,0.0,9871521.711496728,1562
9871898.980912799,565.1010161752152,0.0,0.0,9872464.081928974,1563
9872835.633993067,563.4618463819564,0.0,0.0,9873399.095839448,1564
9873764.969477672,561.827598418299,0.0,0.0,9874326.797076091,1565
9874687.031359274,560.1982575096501,0.0,0.0,9875247.229616784,1566
9875601.863760425,558.5738089423503,0.0,0.0,9876160.437569367,1567
9876509.51093356,556.9542380636731,0.0,0.0,9877066.465171624,1568
9877410.017261002,555.3395302818249,0.0,0.0,9877965.356791284,1569
9878303.427254962,553.7296710659455,0.0,0.0,9878857.156926028,1570
9879189.785557538,552.1246459461075,0.0,0.0,9879741.910203485,1571
9880069.136940716,550.524440513317,0.0,0.0,9880619.66138123,1572
9880941.526306367,548.9290404195127,0.0,0.0,9881490.455346785,1573
9881806.998686248,547.3384313775668,0.0,0.0,9882354.337117625,1574
9882665.59924201,545.7525991612843,0.0,0.0,9883211.35184117,1575
9883517.373265183,544.1715296054034,0.0,0.0,9884061.544794789,1576
9884362.366177188,542.5952086055954,0.0,0.0,9884904.961385794,1577
9885200.623529334,541.0236221184648,0.0,0.0,9885741.647151452,1578
9886032.191002814,539.4567561615489,0.0,0.0,9886571.647758976,1579
9886857.114408713,537.8945968133185,0.0,0.0,9887395.009005526,1580
9887675.439687997,536.337130213177,0.0,0.0,9888211.77681821,1581
9888487.212911524,534.7843425614612,0.0,0.0,9889021.997254085,1582
9889292.480280036,533.2362201194411,0.0,0.0,9889825.716500156,1583
9890091.288124165,531.6927492093195,0.0,0.0,9890622.980873374,1584
9890883.682904428,530.1539162142324,0.0,0.0,9891413.836820642,1585
9891669.71121123,528.6197075782488,0.0,0.0,9892198.33091881,1586
9892449.419764863,527.0901098063712,0.0,0.0,9892976.50987467,1587
9893222.855415504,525.5651094645347,0.0,0.0,9893748.42052497,1588
9893990.065143224,524.0446931796075,0.0,0.0,9894514.109836403,1589
9894751.096057972,522.5288476393914,0.0,0.0,9895273.62490561,1590
9895505.99539959,521.0175595926208,0.0,0.0,9896027.012959184,1591
9896254.810537806,519.5108158489634,0.0,0.0,9896774.321353655,1592
9896997.588972233,518.0086032790198,0.0,0.0,9897515.597575512,1593
9897734.378332375,516.510908814324,0.0,0.0,9898250.889241189,1594
9898465.22637762,515.0177194473426,0.0,0.0,9898980.244097067,1595
9899190.180997243,513.529022231476,0.0,0.0,9899703.710019475,1596
9899909.29021041,512.0448042810572,0.0,0.0,9900421.33501469,1597
9900622.602166168,510.5650527713522,0.0,0.0,9901133.16721894,1598
9901330.16514346,509.0897549385603,0.0,0.0,9901839.2548984,1599
9902032.027551105,507.61889807981413,0.0,0.0,9902539.646449186,1600
9902728.237927817,506.1524695531789,0.0,0.0,9903234.39039737,1601
9903418.844942195,504.69045677765325,0.0,0.0,9903923.535398973,1602
9904103.897392726,503.2328472331687,0.0,0.0,9904607.130239958,1603
9904783.44420778,501.7796284605902,0.0,0.0,9905285.223836241,1604
9905457.534445621,500.33078806171534,0.0,0.0,9905957.865233682,1605
9906126.217294397,498.8863136992751,0.0,0.0,9906625.103608096,1606
9906789.542072138,497.4461930969336,0.0,0.0,9907286.988265235,1607
9907447.55822677,496.0104140392877,0.0,0.0,9907943.56864081,1608
9908100.315336099,494.57896437186776,0.0,0.0,9908594.89430047,1609
9908747.863107823,493.1518320011369,0.0,0.0,9909241.014939824,1610
9909390.251379525,491.7290048944916,0.0,0.0,9909881.98038442,1611
9910027.530118676,490.3104710802613,0.0,0.0,9910517.840589756,1612
9910659.74942263,488.89621864770845,0.0,0.0,9911148.645641278,1613
9911286.959518636,487.4862357470288,0.0,0.0,9911774.445754383,1614
9911909.210763821,486.08051058935087,0.0,0.0,9912395.291274412,1615
9912526.553645208,484.6790314467366,0.0,0.0,9913011.232676655,1616
9913139.038779702,483.2817866521809,0.0,0.0,9913622.320566354,1617
9913746.716914095,481.8887645996117,0.0,0.0,9914228.605678694,1618
9914349.638925068,480.49995374389016,0.0,0.0,9914830.138878811,1619
9914947.855819188,479.1153426008104,0.0,0.0,9915426.971161788,1620
9915541.41873291,477.7349197470996,0.0,0.0,9916019.153652657,1621
9916130.378932575,476.35867382041823,0.0,0.0,9916606.737606395,1622
9916714.787814412,474.9865935193596,0.0,0.0,9917189.774407933,1623
9917294.696904536,473.6186676034503,0.0,0.0,9917768.315572139,1624
9917870.157858953,472.25488489315,0.0,0.0,9918342.412743846,1625
9918441.22246355,470.89523426985136,0.0,0.0,9918912.11769782,1626
9919007.942634106,469.5397046758802,0.0,0.0,9919477.482338782,1627
9919570.370416284,468.18828511449533,0.0,0.0,9920038.558701398,1628
9920128.557985637,466.8409646498888,0.0,0.0,9920595.398950288,1629
9920682.557647604,465.4977324071856,0.0,0.0,9921148.055380011,1630
9921232.42183751,464.158577572444,0.0,0.0,9921696.580415083,1631
9921778.203120569,462.8234893926552,0.0,0.0,9922241.026609961,1632
9922319.954191878,461.4924571757434,0.0,0.0,9922781.446649054,1633
9922857.727876429,460.1654702905663,0.0,0.0,9923317.89334672,1634
9923391.577129092,458.84251816691415,0.0,0.0,9923850.41964726,1635
9923921.555034632,457.5235902955108,0.0,0.0,9924379.078624927,1636
9924447.714807697,456.20867622801273,0.0,0.0,9924903.923483925,1637
9924970.10979282,454.8977655770098,0.0,0.0,9925425.007558396,1638
9925488.793464426,453.59084801602495,0.0,0.0,9925942.384312442,1639
9926003.819426825,452.28791327951404,0.0,0.0,9926456.107340105,1640
9926515.241414215,450.98895116286633,0.0,0.0,9926966.230365379,1641
9927023.113290679,449.69395152240367,0.0,0.0,9927472.807242202,1642
9927527.489050189,448.40290427538156,0.0,0.0,9927975.891954465,1643
9928028.422816604,447.11579939998813,0.0,0.0,9928475.538616003,1644
9928525.96884367,445.832626935345,0.0,0.0,9928971.801470606,1645
9929020.181515018,444.55337698150646,0.0,0.0,9929464.734892,1646
9929511.11534417,443.27803969946024,0.0,0.0,9929954.39338387,1647
9929998.824974531,442.00660531112703,0.0,0.0,9930440.831579842,1648
9930483.365179399,440.7390640993605,0.0,0.0,9930924.104243498,1649
9930964.790861951,439.4754064079477,0.0,0.0,9931404.26626836,1650
9931443.157055259,438.2156226416084,0.0,0.0,9931881.3726779,1651
9931918.518922277,436.95970326599576,0.0,0.0,9932355.478625543,1652
9932390.931755848,435.70763880769584,0.0,0.0,9932826.639394656,1653
9932860.450978702,434.459419854228,0.0,0.0,9933294.910398556,1654
9933327.132143456,433.21503705404444,0.0,0.0,9933760.34718051,1655
9933791.030932615,431.9744811165306,0.0,0.0,9934223.005413732,1656
9934252.20315857,430.73774281200497,0.0,0.0,9934682.940901382,1657
9934710.704763599,429.50481297171916,0.0,0.0,9935140.209576571,1658
9935166.591819867,428.2756824878578,0.0,0.0,9935594.867502356,1659
9935619.920529429,427.0503423135387,0.0,0.0,9936046.970871743,1660
9936070.747224223,425.82878346281274,0.0,0.0,9936496.576007687,1661
9936519.128366077,424.61099701066377,0.0,0.0,9936943.739363087,1662
9936965.120546704,423.396974093009,0.0,0.0,9937388.517520797,1663
9937408.780487707,422.18670590669836,0.0,0.0,9937830.967193613,1664
9937850.165040573,420.98018370951513,0.0,0.0,9938271.145224283,1665
9938289.331186678,419.7773988201758,0.0,0.0,9938709.1085855,1666
9938726.336037286,418.5783426183295,0.0,0.0,9939144.914379904,1667
9939161.236833544,417.3830065445589,0.0,0.0,9939578.61984009,1668
9939594.090946492,416.19138210037954,0.0,0.0,9940010.282328593,1669
9940024.95587705,415.00346084824,0.0,0.0,9940439.9593379,1670
9940453.889256036,413.8192344115221,0.0,0.0,9940867.708490448,1671
9940880.948844142,412.63869447454067,0.0,0.0,9941293.587538617,1672
9941306.192531956,411.4618327825436,0.0,0.0,9941717.654364739,1673
9941729.67833995,410.28864114171216,0.0,0.0,9942139.966981092,1674
9942151.464418488,409.1191114191603,0.0,0.0,9942560.583529906,1675
