subclone_1,subclone_2,subclone_3,total_tumor,days
52009.0,34785.0,13206.0,100000.0,1
52444.07619465656,34986.89664134337,13307.629256398366,100738.6020923983,2
52882.75929194381,35176.14653474896,13409.738584776338,101468.6444114691,3
53325.07941007213,35350.75704536339,13512.32517530949,102188.16163074502,4
53771.06689518601,35508.47508497651,13615.386075437593,102894.92805560012,5
54220.75244487267,35646.69629882477,13718.918188624793,103586.36693232223,6
54674.16721865628,35762.46954791876,13822.918270504475,104259.55503707952,7
55131.342837997945,35852.496909043184,13927.382928879246,104911.22267592038,8
55592.31138629577,35913.133674756886,14032.308623720946,105537.7536847736,9
56057.10540888478,35940.38835339282,14137.691667170648,106135.18542944823,10
56525.75791303697,35929.922669058076,14243.528223538646,106699.2088056337,11
56998.30236796129,35877.051561633874,14349.814309304471,107225.16823889964,12
57474.77267969289,35777.027135854485,14456.545779520384,107708.34559506776,13
57955.202930534026,35628.88131017411,14563.718138567549,108147.80237927569,14
58439.62857906511,35424.44907362675,14671.327068528679,108535.40472122055,15
58928.08594553531,35153.90943189244,14779.368187937695,108861.36356536545,16
59420.61192346508,34808.870881328345,14887.836907023684,109117.31971181711,17
59917.24397964612,34382.37140896878,14996.728427710912,109296.34381632581,18
60418.020154141384,33868.878492525175,15106.037743618816,109392.93639028537,19
60922.979060285135,33264.289100386115,15215.759640062002,109403.02780073325,20
61432.15988468288,32565.929691617308,15325.888694050256,109323.97827035045,21
61945.60238721139,31772.556215961606,15436.419274288533,109154.57787746153,22
62463.34690101872,30884.35411383899,15547.345541176965,108895.04655603468,23
62985.43433252417,29902.938316346583,15658.661446810847,108547.03409568159,24
63511.90616141835,28831.353245258637,15770.36073498066,108113.62014165764,25
64042.804440663094,27674.07281302654,15882.436941172053,107599.31419486168,26
64578.17193358854,26432.288201612562,15994.88322036134,107005.34335556245,27
65118.0505308679,25115.10617624417,16107.692090633334,106340.8487977454,28
65662.48093928919,23742.365195938903,16220.855605239742,105625.70174046783,29
66211.5035218101,22332.641798155808,16334.365251053634,104878.51057101953,30
66765.15830036264,20903.2049908259,16448.211947813383,104116.57523900193,31
67323.48495585317,19470.01625235212,16562.386048122644,103355.88725632794,32
67886.52282816231,18047.72953160938,16676.87733745037,102611.12969722206,33
68454.31091614507,16649.691247944524,16791.675034130792,101895.67719822038,34
69026.88787763072,15287.940291176352,16906.767789363454,101221.59595817052,35
69604.29202942288,13973.2080215956,17022.143687213167,100599.64373823165,36
70186.56134729952,12714.91826996497,17137.790244610052,100039.26986187453,37
70773.73346601284,11521.187337519097,17253.694411349505,99548.61521488143,38
71365.84567928947,10398.823995964576,17369.842570092227,99134.51224534627,39
71962.93493983029,9353.32948747994,17486.2205363642,98802.48496367443,40
72565.03785931051,8388.897524715674,17602.813558556703,98556.7489425829,41
73172.19078184607,7508.4974530124555,17719.606329897506,98400.29456475604,42
73784.43285879592,6714.625896778086,17836.58343473292,98335.64219030693,43
74401.80083115764,5998.720065731818,17953.728383974198,98354.24928086366,44
75024.33044225916,5350.151163324357,18071.023964628894,98445.50557021241,45
75652.05872197507,4760.322586639287,18188.45263927316,98600.83394788753,46
76285.0239867268,4222.669926393071,18305.996546051738,98813.69045917162,47
76923.26583948244,3732.660966935059,18423.63749867797,99079.56430509547,48
77566.82516975688,3287.7956862474684,18541.356986433795,99395.97784243814,49
78215.74415361173,2887.6062559454067,18659.136174169733,99762.48658372686,50
78870.06625365536,2533.657041276856,18776.95590230492,100180.67919723714,51
79529.83621904287,2229.5446011226786,18894.796686827067,100654.17750699262,52
80195.09770295331,1975.1041837831629,19012.638109177795,101182.83999591426,53
80865.88717961736,1751.2401015660023,19130.45724886032,101747.58453004368,54
81542.24757643923,1553.1951821118223,19248.232104674502,102343.67486322556,55
82224.2229605008,1378.2138931103557,19365.9401966874,102968.37705029856,56
82911.85778731266,1223.739483179617,19483.558372999174,103619.15564349145,57
83605.19690081406,1087.4139818659025,19601.0628097431,104293.67369242306,58
84304.2855333729,967.0781996437895,19718.42901108556,104989.79274410225,59
85009.16930578576,860.7717279161368,19835.63180922606,105705.57284292796,60
85719.89422727792,766.7329390140853,19952.645364397194,106439.2725306892,61
86436.50690803674,683.3911678557341,20069.443152652533,107189.341228545,62
87159.0547677174,609.5129387851107,20185.99799476963,107954.56570127213,63
87887.58549604953,544.0883949449235,20302.28199274508,108733.95588373953,64
88622.14718247167,486.1792163923823,20418.266456576166,109526.59285544022,65
89362.78831924612,434.917639050548,20533.921903737973,110331.62786203463,66
90109.55780145893,389.50645470833246,20649.21805918338,111148.28231535063,67
90862.50492701994,349.21901102049833,20764.12385534305,111975.84779338348,68
91621.67939666272,313.39921150765963,20878.607432125442,112813.68604029581,69
92387.13131505014,281.4618189777623,20992.636136061734,113661.22927008964,70
93158.91130821726,252.94253539715586,21106.17645122681,114518.03029484123,71
93937.07046605465,227.50054592653535,21219.194055118976,115383.76506710016,72
94721.66025604474,204.8191271552709,21331.653776698644,116258.13315989864,73
95512.7325658629,184.60287740648073,21443.51954392809,117140.85498719747,74
96310.33970337745,166.5777167370308,21554.754383771487,118031.67180388597,75
97114.53439664967,150.4908869375353,21665.320422194873,118930.34570578208,76
97925.3697939338,136.1109515323562,21775.17888416617,119836.65962963234,77
98742.89946367704,123.22779577960361,21884.29009365518,120750.41735311181,78
99567.17739451953,111.65262667113544,21992.613473633588,121671.44349482426,79
100398.25802209506,101.22652950906722,22100.107524844294,122599.59207644842,80
101236.19626319181,91.84351248461925,22206.729772149843,123534.76954782628,81
102081.04741967202,83.4049444256989,22312.43681796691,124476.88918206462,82
102932.86723777001,75.81765490307656,22417.184307255087,125425.86919992817,83
103791.71191183047,68.99465695726579,22520.92692501069,126381.63349379842,84
104657.63808430845,62.855147098523275,22623.6183962668,127344.11162767377,85
105530.70284576937,57.32450530684891,22725.21148609322,128313.23883716944,86
106410.96373488904,52.334295031985654,22825.657999596493,129288.95602951752,87
107298.47873845362,47.82226319341973,22924.908781919916,130271.20978356696,88
108193.30629135965,43.73234018038045,23022.913718243515,131259.95234978353,89
109095.50529286917,40.01633231208976,23119.62176368761,132255.1433888689,90
110005.13513544315,36.64174600463797,23214.980942825634,133256.75782427343,91
110922.25561294027,33.57899577845366,23308.93817334715,134264.77278206588,92
111846.92699487598,30.79980271551842,23401.439473682327,135279.1662712738,93
112779.21003448704,28.277623317030518,23492.429981370366,136299.91763917444,94
113719.16596873153,25.987649503404864,23581.853953059486,137327.00757129444,95
114666.85651828878,23.90680861427303,23669.65476450694,138360.41809141,96
115622.34388755949,22.013763408483253,23755.77491057899,139400.13256154695,97
116585.69076466559,20.288912064100433,23840.156005250945,140446.13568198064,98
117556.96032145034,18.714388178406132,23922.738781607117,141498.41349123587,99
118536.2162134783,17.27406076789855,24003.463091840847,142556.95336608705,100
119523.52259460407,15.953844936387746,24082.26803025654,143621.744469797,101
120518.94416094117,14.74395315389003,24159.092299694057,144692.78041378912,102
121522.54601936426,13.635684333769218,24233.873117739702,145770.05482143775,103
122534.39378671852,12.620637106167163,24306.547078101863,146853.56150192654,104
123554.55360697617,11.690883594754585,24377.05029676301,147943.29478733393,105
124583.09215123659,10.83896941673107,24445.318411979675,149039.249532633,106
125620.07661772615,10.05791368282507,24511.286584282458,150141.42111569145,107
126665.57473179842,9.341208997293894,24574.88949647603,151249.80543727175,108
127719.65474593392,8.682821457923712,24636.06135363913,152364.39892103098,109
128782.38543974038,8.077190656029568,24694.73588312456,153485.19851352097,110
129853.83611995251,7.519229676455366,24750.846334559203,154612.20168418816,111
130934.07662043217,7.004325097573862,24804.325479844,155745.40642537375,112
132023.17730496076,6.528345135503251,24855.105663764847,156884.8113138611,113
133121.20916171197,6.088126869972558,24903.12060625481,158030.41789483675,114
134228.24362598086,5.681152881785966,24948.302397772135,159182.2271766348,115
135344.35264033193,5.304953670672999,24990.582435578362,160340.24002958098,116
136469.6087264077,4.957184976657798,25029.89268702734,161504.4585984117,117
137604.08498492872,4.635627780059123,25066.16568956525,162674.886302274,118
138747.85509569375,4.338188301490345,25099.334550730582,163851.52783472583,119
139900.99331757953,4.062898001859459,25129.332948154155,165034.38916373556,120
141063.57448854088,3.807913582369072,25156.095129559104,166223.47753168235,121
142235.67402561073,3.5715169845164083,25179.55591276088,167418.80145535612,122
143417.36792490003,3.35211539009331,25199.65068566726,168620.3707259574,123
144608.73276159787,3.1482412211862356,25216.315406278336,169828.19640909738,124
145809.8456899714,2.958552140176261,25229.48660268652,171042.29084479812,125
147020.78444336582,2.781831049739077,25239.10137307655,172262.6676474921,126
148241.62734769308,2.6169916938848297,25245.097761114113,173489.34210050106,127
149472.45345888383,2.4631924791956146,25247.419028663036,174722.33568002607,128
150713.342250236,2.319721051736432,25246.00561662224,175961.66758790996,129
151964.3737625325,2.185886950656689,25240.798613819337,177207.35826330248,130
153225.62867584493,2.061031621145684,25231.74164667436,178459.43135414046,131
154497.18830953355,1.9445284144326074,25218.78087919973,179717.91371714772,132
155779.1346222473,1.8357825877865395,25201.865013000293,180982.8354178354,133
157071.55021192387,1.734231304516452,25180.945287273298,182254.22973050168,134
158374.51831578952,1.6393436339712082,25155.9754788084,183532.13313823187,135
159688.12281035926,1.5506205515395635,25126.911901987663,184816.58533289845,136
161012.4482114368,1.4675949386501623,25093.713408785567,186107.62921516103,137
162347.5796741145,1.389831582771542,25056.341388768997,187405.3108944663,138
163693.6029927734,1.3169271774121298,25014.759769097236,188709.67968904806,139
165050.6046010832,1.2485103221202452,24968.93501452199,190020.78812592733,140
166418.67157200238,1.1842415224840988,24918.83612738737,191338.69194091222,141
167797.891617778,1.1238131901317912,24864.434647629892,192663.450078598,142
169188.35313824288,1.0669512340893503,24805.705764716495,193995.12585419347,143
170590.1453700307,1.0134324560220123,24742.633339386794,195333.7921418735,144
172003.35790709153,0.9630620923354039,24675.20006332428,196679.52103250814,145
173428.08099159124,0.915653245802393,24603.392128857828,198032.38877369487,146
174864.40556959013,0.871026765914373,24527.200345042704,199392.47694139875,147
176312.4232910428,0.8290112488812622,24446.620137660575,200759.87243995228,148
177772.22650979814,0.7894430376315045,24361.651549219514,202134.66750205526,149
179243.90828359945,0.7521662218120686,24272.29923895398,203516.95968877524,150
180727.56237408434,0.7170326377884491,24178.57248282483,204906.85188954696,151
182223.28324678482,0.6839018686446648,24080.485173519333,206304.4523221728,152
183731.1660711271,0.652641244183261,23978.05582045114,207709.87453282243,153
185251.30672043186,0.6231258409253077,23871.30754976031,209123.2373960331,154
186783.8017719141,0.5952384821103995,23760.268104313294,210544.6651147095,155
188328.74850668313,0.5688697376966575,23644.96984370294,211974.28722012378,156
189886.24490974256,0.5439179243607274,23525.449744248504,213412.23857191543,157
191456.38966999046,0.5202891054977798,23401.749398995627,214858.6593580916,158
193039.28218021913,0.49789709122151127,23273.915017716354,216313.69509502672,159
194635.02253711526,0.47666343836414327,23141.997426909133,217777.49662746277,160
196243.71154431233,0.45651742273234613,23006.051996326973,219250.22005806206,161
197865.4510244501,0.437393982718434,22866.132052298875,220732.0204707317,162
199500.34328518974,0.4192383669586799,22722.30392292752,222223.06644648424,163
201148.4911254082,0.402000979226044,22574.6444892956,223723.53761568305,164
202809.99811092217,0.3856339862058651,22423.23394553463,225233.617690443,165
204484.96857448787,0.37009131749586077,22268.155798824973,226753.49446463032,166
206173.50761580127,0.3553286656061275,22109.496869395807,228283.35981386268,167
207875.7211014981,0.34130348595914045,21947.347290525147,229823.4096955092,168
209591.71566515355,0.3279749968897534,21781.800508539847,231373.8441486903,169
211321.59870728268,0.31530417964519913,21612.953282815575,232934.8672942779,170
213065.47839534018,0.30325377838508893,21440.90568577685,234506.6873348954,171
214823.46366372032,0.2917883001814132,21265.761102897,236089.5165549175,172
216595.66421375712,0.2808740150185408,21087.6262326982,237683.57132047034,173
218382.1905137243,0.27047895579321934,20906.611086751454,239289.07207943153,174
220183.15379883518,0.2605729183145755,20722.828989676593,240906.24336143007,175
221998.66607124277,0.25112746130411434,20536.396579142274,242535.31377784634,176
223828.8401000398,0.24211590639572,20347.433805866,244176.51602181216,177
225673.7894212586,0.2335133381356552,20156.06393361409,245830.08686821084,178
227533.62833787128,0.2252966039825615,19962.4135392017,247496.26717367696,179
229408.47191978953,0.2174443143074592,19766.612512492822,249175.30187659664,180
231298.43600386474,0.2099368423937473,19568.79405640027,250867.4399971074,181
233203.63719388793,0.20275632443720365,19369.09468688569,252572.93463709805,182
235124.19287835358,0.19588659059554067,19167.653409395083,254292.04217433927,183
237060.22182908197,0.1893106631323248,18964.58133241486,256024.99247215994,184
239011.8430544246,0.1830144367910002,18760.00909494539,257772.03516380678,185
240979.17598991503,0.1769857404562696,18554.08291029531,259533.4358859508,186
242962.34090833933,0.17121276855904494,18346.946694578804,261309.4588156867,187
244961.45891973595,0.16568408107644755,18138.74206671562,263100.3666705327,188
246976.65197139568,0.1603886035318079,17929.608348431066,264906.4207084303,189
249008.04284786174,0.1553156269946658,17719.682564256007,266727.8807277447,190
251055.7551709298,0.1504548080807703,17509.099441526865,268565.0050672648,191
253119.91339964786,0.14579616895207975,17297.99141038562,270418.05060620245,192
255200.64283031638,0.1413300973167617,17086.488603779813,272287.2727641935,193
257298.06959648817,0.13704734642919295,16874.71885746254,274172.9255012971,194
259412.3206689685,0.13293903508995963,16662.80770999246,276075.2613179961,195
261543.52385581494,0.12899664764585717,16450.878402733782,277994.5312551964,196
263691.8078023376,0.12521203398989011,16239.051879856284,279930.9848942278,197
265857.3019910988,0.12157740956127241,16027.446788335292,281884.87035684363,198
268040.13674191345,0.11808535534542723,15816.179477951693,283856.4343052205,199
270240.44321184885,0.11472881787398696,15605.36400129194,285845.92194195866,200
272458.3533952245,0.11150110922479325,15395.112113748033,287853.57701008173,201
274694.0001236125,0.10839590702189711,15185.533273517538,289879.6417930371,202
276947.51706583734,0.10540725443555875,14976.734641603576,291924.35711469536,203
279219.0387279758,0.10252956018224761,14768.821081814825,293987.9623393508,204
281508.70045335713,0.09975759852464244,14561.895160765525,296070.6953717212,205
283816.6384225629,0.09708650927163125,14356.057147875474,298172.7926569477,206
286142.98965342727,0.09451179777831129,14151.405015370023,300294.48918059503,207
288487.8920010366,0.0920293349459891,13948.034438280085,302436.01846865163,208
290851.4841577298,0.08963535722218045,13746.038794442133,304597.6125875291,209
293233.9056895256,0.08732643450912639,13545.509137071478,306779.5021530316,210
295635.29834551114,0.08509820972594688,13346.528547296602,308981.91199101746,211
298055.8037150596,0.08294717913038997,13149.165118982124,311205.0517812209,212
300495.5634725269,0.08087060761341422,12953.482458138891,313449.12680127344,213
302954.72022075084,0.07886582539672878,12759.54129445466,315714.34038103087,214
305433.4174910511,0.07693022803279333,12567.3994812941,318000.8939025732,215
307931.79974322923,0.07506127640481819,12377.11199569878,320308.9868002044,216
310450.0123655689,0.07325649672676428,12188.730938387182,322638.8165604528,217
312988.20167483535,0.07151348054334304,12002.305533754688,324990.5787220706,218
315546.5149162759,0.06982988473001656,11817.882129873598,327364.4668760343,219
318125.10026361985,0.06820343149299746,11635.504198493109,329760.67266554444,220
320724.10681907827,0.066631908369249,11455.212335039332,332179.38578602596,221
323343.68461334414,0.06511316822648497,11277.04425861528,334620.79398512765,222
325983.9846055924,0.06364512926316981,11101.034812000878,337085.0830627225,223
328645.1586834798,0.06222577500851849,10927.215961652955,339572.43687090784,224
331327.35966314515,0.06085315432249657,10755.616797705248,342083.03731400473,225
334030.741289209,0.05952538139582024,10586.263533968402,344617.06434855884,226
336755.45823477383,0.058240635749956235,10419.17950792997,347174.6959833395,227
339501.66610142414,0.05699716223712188,10254.385180754409,349756.1082793408,228
342269.52141922625,0.05579327104028509,10091.898137283084,352361.4753497804,229
345059.1816467283,0.0546273376731644,9931.733086034274,354990.9693601002,230
347870.8051709605,0.05349780298022886,9773.901859203152,357644.76052796666,231
350704.5513074348,0.05240317313669815,9618.413412661812,360323.01712326973,232
353560.58030014514,0.05134201964854254,9465.273825959244,363025.905468124,233
356439.05332156736,0.05031297935248289,9314.486302321355,365753.5899368681,234
359340.1324726592,0.0493147544159906,9166.051168650953,368506.23295606463,235
362263.98078286025,0.0483461123372877,9019.965875527754,371283.9950045004,236
365210.7622100921,0.047405885945346796,8876.224997208381,374087.03461318644,237
368180.64164075814,0.04649297339989107,8734.820231626369,376915.50836535793,238
371173.78488974366,0.04560633819139429,8595.740400392151,379769.570896474,239
374190.35870041593,0.04474500914108082,8458.971448793076,382649.37489421817,240
377230.53074462415,0.04390808040092561,8324.496445793397,385555.07109849795,241
380294.4696226992,0.04309471145365418,8192.295584034273,388486.8083014449,242
383382.3448634542,0.04230412711274263,8062.346179833772,391444.73334741505,243
386494.3269241839,0.04153561752241768,7934.622673186868,394428.9911329883,244
389630.58721501805,0.040788676947754454,7809.100006856584,397439.7280105516,245
392791.2986085899,0.040065631662449495,7685.822623412703,400477.1612976343,246
395976.63461654895,0.039366491781935624,7564.7881461918605,403541.4621292326,247
399186.76946996537,0.03868994640007742,7445.962855569897,406632.7710154817,248
402421.8783427396,0.038034733110472806,7329.3133740797175,409751.2297515524,249
405682.1373516022,0.03739963800645311,7214.806666411287,412896.98141765146,250
408967.7235561138,0.036783495681083044,7102.410039411634,416070.1703790211,251
412278.814958665,0.0361851892271607,6992.091142084849,419270.94228593906,252
415615.5905044767,0.03560365023721754,6883.817965592085,422499.44407371903,253
418978.23008159973,0.035037858803518424,6777.558843251557,425755.8239627101,254
422366.91452091513,0.03448684351806158,6673.282450538543,429040.2314582972,255
425781.82559613406,0.03394968147257864,6570.957805085383,432352.81735090096,256
429223.14602379757,0.033425498258534594,6470.55426668148,435693.7337159773,257
432691.05946327705,0.032913467967127824,6372.041537273297,439063.1339140183,258
436185.7505167739,0.032412813189290096,6275.38966096436,442461.17259055143,259
439707.4047293195,0.03192280501568656,6180.56902401526,445888.0056761398,260
443256.20858877554,0.031442763036715754,6087.550354843648,449343.79038638226,261
446832.3495258337,0.03097205534250957,5996.304724024236,452828.68522191327,262
450436.0159140157,0.030510098522933314,5906.803544288803,456342.849968403,263
454067.39706967346,0.030056357667585666,5819.018570526183,459886.4456965573,264
457726.68325198896,0.029610346365798672,5732.921899782281,463459.6347621176,265
461414.0656629742,0.029171626706637782,5648.485971260056,467062.580805861,266
465129.7364474715,0.02873980927890182,5565.683566319536,470695.4487536003,267
468873.888693153,0.02831455317112299,5484.4878084778065,474358.40481618396,268
472646.71643052105,0.027895565971566873,5404.872163409018,478051.616489496,269
476448.41463290824,0.027482603768232444,5326.810438944383,481775.2525544564,270
480279.1792164771,0.027075471148852056,5250.276785072175,485529.4830770204,271
484139.20704022015,0.02667402120089145,5175.245693937731,489314.4794081791,272
488028.6959059603,0.026278155511549724,5101.69199984345,493130.41418395925,273
491947.84455835033,0.025887824167759393,5029.5908792487935,496977.4613254233,274
495896.8526848733,0.025503025756186334,4958.917850770282,500855.7960386693,275
499875.92091584206,0.02512380736322981,4889.648775181506,504765.5948148309,276
503885.2508244,0.024750264575022465,4821.759855413112,508707.0354300777,277
507925.0449265202,0.02438254147743033,4755.227636552809,512680.2969456145,278
511995.50668100605,0.024020830656052816,4690.02900584537,516685.55970768206,279
516096.84048949095,0.023665373196222715,4626.14119269263,520723.0053475568,280
520229.2516964385,0.0233164586830062,4563.541768653488,524792.8167815506,281
524392.9465891423,0.02297442520120283,4502.208647443902,528895.1782110115,282
528588.1323977262,0.022639659335345536,4442.120084936895,533030.2751223224,283
532815.0172951439,0.02231259616970065,4383.25467916255,537198.2942869026,284
537073.8103971793,0.021993719288267877,4325.591370308012,541399.4237612066,285
541364.7217624466,0.0216835607747803,4269.109440717493,545633.8528867249,286
545687.9623923898,0.021382701212704382,4213.788514892263,549901.7722899832,287
550043.7442312831,0.021091769685239983,4159.608559490655,554203.3738825434,288
554432.2801662309,0.020811443775320328,4106.549883328065,558538.8508610027,289
558853.7840271676,0.02054244956561204,4054.593137376951,562908.3977069941,290
563308.4705868576,0.02028556163851511,4003.719314766833,567312.2101871861,291
567796.5555608957,0.02004160307616292,3953.9097507842926,571750.4853532831,292
572318.2556077066,0.019811445460422232,3905.146122872976,576223.421542025,293
576873.7874196882,0.019595082175789615,3857.4069390072978,580731.2139537777,294
581463.3618881474,0.019384985633934145,3810.6427675843534,585274.0240407174,295
586087.1974049159,0.019179219390362143,3764.8263455164206,589852.0429296517,296
590745.5149221041,0.018977686010197708,3719.9377749638406,594465.4716747539,297
595438.5360240579,0.018780289615032683,3675.957495520439,599114.5122998679,298
600166.482927359,0.018586935882926658,3632.8662842135277,603799.3677985084,299
604929.5784808242,0.018397532048406978,3590.645255503906,608520.2421338602,300
609728.0461655067,0.018211986902468728,3549.275861285856,613277.3402387794,301
614562.1100946943,0.018030210792574743,3508.7398908871487,618070.8680157922,302
619431.9950139108,0.017852115622655606,3469.019471069039,622901.0323370955,303
624337.9263009157,0.017677614853109647,3430.0970660262683,627768.0410445568,304
629280.1299657035,0.017506623500802947,3391.955477387064,632672.102949714,305
634258.8326505047,0.01733905813906933,3354.5778442131386,637613.4278337759,306
639274.2616297853,0.017174836897710374,3317.947642999692,642592.226447622,307
644326.6448102467,0.017013879462995395,3282.0486876754076,647608.7105118015,308
649416.2107308258,0.016856107077661466,3246.8651296024564,652663.0927165353,309
654543.1885626953,0.016701442540913408,3212.3814575764954,657755.5867217144,310
659707.8081092632,0.01654981020842378,3178.582497826666,662886.4071569,311
664910.2998061732,0.016401135992332897,3145.4534140155965,668055.7696213247,312
670150.8947213043,0.016255347361248822,3112.9797072394003,673263.8906838911,313
675429.8245547713,0.01611237334024736,3081.147216027679,678510.9878831723,314
680747.3216389245,0.015972144510872074,3049.9421163435154,683797.2797274126,315
686103.6189383499,0.01583459301113426,3019.350921583483,689122.9856945263,316
691498.9500498683,0.015699652535512976,2989.360482577638,694488.3262320984,317
696933.5492025372,0.015567258334955016,2959.957987589524,699893.522757385,318
702407.6512576485,0.015437347216874932,2931.130962316169,705338.7976573119,319
707921.4917087305,0.015309857545155018,2902.8672698880887,710824.3742884761,320
713475.3066815466,0.015184729240145318,2875.155110869284,716350.4769771452,321
719069.3329340959,0.015061903778663618,2847.9830232572403,721917.3310192568,322
724703.8078566128,0.014941324193995461,2821.33988248293,727525.16268042,323
730378.9694715678,0.014822935075894134,2795.2149014108118,733174.1991959137,324
736095.0564336663,0.014706682570580668,2769.5976303388293,738864.6687706877,325
741852.3080298497,0.014592514380743845,2744.477956998412,744596.8005793624,326
747650.9641792946,0.014480379765540197,2719.846106554476,750370.8247662289,327
753491.2654334134,0.014370229540593998,2695.692641605422,756186.9724452484,328
759373.452975854,0.014262016077997278,2672.0084621831384,762045.4757000533,329
765297.7686224999,0.014155693306309801,2648.784805752998,767946.5675839463,330
771264.4548214697,0.014051216710559098,2626.0132472138584,773890.4821199003,331
777273.7546531182,0.013948543332240432,2603.6856988980667,779877.4543005596,332
783325.9118300353,0.013847631769316818,2581.7944105714514,785907.7200882385,333
789421.1706970467,0.013748442176219023,2560.3319694333304,791981.5164149222,334
795559.7762312132,0.013650936263845559,2539.291300116505,798099.081182266,335
801741.9740418318,0.013555077299562684,2518.6656646872643,804260.6532615963,336
807968.0103704345,0.013460830107204405,2498.448662645382,810466.47249391,337
814238.132090789,0.013368161067072478,2478.6342309241177,816716.7796898742,338
820552.5867088989,0.0132770381159364,2459.216643890217,823011.8166298273,339
826911.6223630027,0.013187430747033433,2440.1905133439113,829351.8260637774,340
833315.4815949616,0.013099310578220821,2421.5447327936045,835737.0394270658,341
839764.3994819499,0.013012650287314124,2403.2596008589926,842167.6720954592,342
846258.6246933739,0.0129274210693654,2385.327739207194,848643.9653600021,343
852798.4063070499,0.012843594507083318,2367.742391913468,855166.1615425579,344
859383.9932624002,0.01276114263615059,2350.496913745216,861734.502937288,345
866015.6343604536,0.01268003794522397,2333.5847701619778,868349.2318106536,346
872693.5782638456,0.012600253375934255,2316.999537315436,875010.5904014144,347
879418.0734968177,0.01252176232288628,2300.734902049413,881718.8209206294,348
886189.3684452181,0.01244453863365893,2284.784661899871,888474.1655516566,349
893007.7113565011,0.012368556608805127,2269.142725094914,895276.8664501526,350
899873.3503397276,0.012293791001851835,2253.803110554786,902127.1657440735,351
906786.533365565,0.012220217019300064,2238.7599478918723,909025.305533674,352
913747.5082662869,0.012147810320624862,2224.007477410698,915971.527891508,353
920756.5227357734,0.012076547018275326,2209.540050107929,922966.0748624284,354
927813.8243295108,0.012006403677674585,2195.352127672372,930009.1884635868,355
934919.660464592,0.011937357317219822,2181.4382824849736,937101.1106844344,356
942074.2784197164,0.011869385408282255,2167.793197618823,944242.0834867206,357
949277.9253351894,0.011802465875207144,2154.4116668391475,951432.3488044945,358
956530.8482129234,0.011736577095313798,2141.288594603317,958672.1485441038,359
963833.2939164366,0.01167169789889556,2128.418996060841,965961.7245841954,360
971185.509170854,0.011607807569219822,2115.7979970533697,973301.318775715,361
978587.7405629066,0.011544885842528014,2103.4208341146937,980691.1729419071,362
986040.2345409322,0.01148291290803561,2091.2828544707454,988131.5288783159,363
993543.2374148748,0.011421869407932128,2079.3795160395966,995622.6283527839,364
1001096.995356285,0.011361736437381125,2067.70638743146,1003164.713105453,365
1008701.7543983194,0.011302495544520206,2056.259147948689,1010758.0248487636,366
1016357.7604357414,0.011244128730461008,2045.0335875857784,1018402.8052674559,367
1024065.2592249205,0.011186618449289224,2034.0256070293617,1026099.2960185683,368
1031824.4963838329,0.011129947608064579,2023.231217658215,1033847.7387314388,369
1039635.7173920608,0.011074099566820842,2012.6465415432538,1041648.3750077037,370
1047499.1675907932,0.011019058138565829,2002.2678114475348,1049501.446421299,371
1055415.0921828253,0.010964807589281395,1992.0913708262551,1057407.1945184593,372
1063383.7362325585,0.010911332637923436,1982.1136738267523,1065365.8608177179,373
1071405.3446660012,0.010858618456421894,1972.3312852885051,1073377.6868099081,374
1079480.1622707676,0.010806650669680753,1962.740880743132,1081442.9139581614,375
1087608.4336960786,0.010755415355578033,1953.339246414393,1089561.7836979083,376
1095790.4034527612,0.010704899044965806,1944.1232792181884,1097734.5374368783,377
1104026.3159132493,0.01065508872167018,1935.0899867625585,1105961.4165551006,378
1112316.4061531133,0.010605312662475825,1926.2358666901791,1114242.6526251163,379
1120660.8990134571,0.010554401133963161,1917.5567053960872,1122578.4662732545,380
1129060.0375089264,0.01050274045815715,1909.0495336499785,1130969.097545317,381
1137514.063919176,0.010450741733199416,1900.7114674146026,1139414.7858373325,382
1146023.2191347752,0.010398790858107488,1892.5396654726237,1147915.7691990389,383
1154587.7426572065,0.010347248532774798,1884.531329426619,1156472.2843338817,384
1163207.872598867,0.010296450257970682,1876.6837036990803,1165084.5665990163,385
1171883.845683067,0.01024670633534038,1868.994075532412,1173752.8500053058,386
1180615.897244032,0.010198301867405035,1861.4597749889328,1182477.3672173228,387
1189404.2612269006,0.010151496757561692,1854.0781749508756,1191258.3495533483,388
1198249.1701877252,0.010106525710083301,1846.8466911203857,1200096.0269853713,389
1207150.855293473,0.010063598230118716,1839.7627820195235,1208990.6281390907,390
1216109.5463220244,0.010022898623692692,1832.823948990262,1217942.3802939134,391
1225125.4716621744,0.00998458599770589,1826.0277361944884,1226951.5093829548,392
1234198.8583136315,0.009948794259934873,1819.3717306140043,1236018.2399930398,393
1243329.9318870185,0.009915632119032108,1812.8535620505234,1245142.7953647012,394
1252518.9166038719,0.009885183084525963,1806.4709031256746,1254325.3973921805,395
1261766.0352966422,0.009857505466820715,1800.2214692809998,1263566.2666234288,396
1271071.5094086947,0.009832632377196539,1794.1030187779545,1272865.6222601049,397
1280435.5589943072,0.009810571727809516,1788.1133526979083,1282223.6821575768,398
1289858.4027186725,0.00979130623169163,1782.2503149421445,1291640.6628249208,399
1299340.2578578976,0.009774793402750769,1776.5117922318595,1301116.7794249228,400
1308881.3402990024,0.009760965555770723,1770.8957141081646,1310652.245774076,401
1318481.8645399217,0.009749729806411186,1765.4000529320833,1320247.2743425837,402
1328142.0436895043,0.009740968071207756,1760.0228238845539,1329902.076254357,403
1337862.0894675122,0.009734537067571934,1754.7620849664283,1339616.8612870157,404
1347642.212204622,0.009730268313791124,1749.6159369984716,1349391.837871889,405
1357482.6208424245,0.009727968129028635,1744.582523621363,1359227.213094014,406
1367383.5229334235,0.009727417633323677,1739.660031295695,1369123.1926921369,407
1377345.1246410378,0.009728372747591366,1734.8466893019747,1379079.9810587126,408
1387367.6307395997,0.00973056419362272,1730.1407697406219,1389097.7812399045,409
1397451.2446143557,0.009733697494084662,1725.5405875319707,1399176.794935585,410
1407596.1682614656,0.009737452972520013,1721.0445004162686,1409317.222499335,411
1417802.6022880045,0.009741485753347505,1716.6509089536771,1419519.262938444,412
1428070.7459119603,0.00974542576186177,1712.3582565242712,1429783.1139139102,413
1438400.7969622351,0.009748877724233343,1708.1650293280395,1440108.971740441,414
1448792.9518786457,0.009751421167508661,1704.0697563848848,1450497.0313864518,415
1459247.4057119219,0.009752610419610069,1700.071009534623,1460947.486474067,416
1469764.3292118064,0.0,1696.1670934585072,1471460.496305265,417
1480343.8716902703,0.0,1692.3560448347303,1482036.227735105,418
1490986.2266706373,0.0,1688.6365270010338,1492674.8631976382,419
1501691.5855614466,0.0,1685.0072350416967,1503376.5927964882,420
1512460.1363385792,0.0,1681.466878397301,1514141.6032169766,421
1523292.0635452578,0.0,1678.0141808647322,1524970.0777261225,422
1534187.5482920469,0.0,1674.6478805971801,1535862.1961726442,423
1545146.7682568524,0.0,1671.366730104137,1546818.1349869566,424
1556169.8976849222,0.0,1668.1694962514,1557838.0671811737,425
1567257.1073888454,0.0,1665.0549602610681,1568922.1623491065,426
1578408.5647485536,0.0,1662.0219177115455,1580070.586666265,427
1589624.4337113188,0.0,1659.0691785375386,1591283.5028898562,428
1600904.8747917558,0.0,1656.195567030058,1602561.0703587858,429
1612250.0450718207,0.0,1653.3999218364181,1613903.444993657,430
1623660.0982008113,0.0,1650.6810959602362,1625310.7792967716,431
1635135.1843953668,0.0,1648.0379567614334,1636783.2223521282,432
1646675.4504394685,0.0,1645.4693859562342,1648320.9198254247,433
1658281.0396844388,0.0,1642.974279617167,1659924.013964056,434
1669952.0920489426,0.0,1640.5515481730633,1671592.6435971155,435
1681688.7440189857,0.0,1638.2001164090586,1683326.9441353946,436
1693491.1286479158,0.0,1635.9189234665914,1695127.0475713825,437
1705359.3755564226,0.0,1633.7069228434043,1706993.082479266,438
1717293.6109325371,0.0,1631.5630823935428,1718925.1740149306,439
1729293.957531632,0.0,1629.4863843273565,1730923.4439159592,440
1741360.534676422,0.0,1627.4758252114982,1742988.0105016334,441
1753493.4582569627,0.0,1625.5304159689244,1755118.9886729317,442
1765692.8407306522,0.0,1623.649181878895,1767316.489912531,443
1777958.7911222302,0.0,1621.8311625769738,1779580.6222848073,444
1790291.4150237776,0.0,1620.0754120550275,1791911.4904358326,445
1802690.814594717,0.0,1618.3809986612268,1804309.1955933783,446
1815157.0885618133,0.0,1616.7470051000457,1816773.8355669135,447
1827690.3322191723,0.0,1615.1725284322622,1829305.5047476045,448
1840290.637428242,0.0,1613.6566800749572,1841904.294108317,449
1852958.092617812,0.0,1612.1985858015155,1854570.2912036136,450
1865692.782784013,0.0,1610.7973857416252,1867303.5801697548,451
1878494.7894903182,0.0,1609.4522343812785,1880104.2417246995,452
1891364.1908675423,0.0,1608.1623005627703,1892972.353168105,453
1904301.0616138407,0.0,1606.9267674846994,1905907.9883813255,454
1917305.4729947122,0.0,1605.7448327019686,1918911.2178274142,455
1930377.4928429956,0.0,1604.6157081257836,1931982.1085511213,456
1943517.1855588723,0.0,1603.538620023654,1945120.724178896,457
1956724.612109865,0.0,1602.5128090193925,1958327.1249188844,458
1969999.8300308387,0.0,1601.537530093116,1971601.367560932,459
1983342.8934239992,0.0,1600.6120525812441,1984943.5054765805,460
1996753.8529588943,0.0,1599.735660176501,1998353.5886190708,461
2010232.755872414,0.0,1598.9076509279132,2011831.663523342,462
2023779.6459687888,0.0,1598.1273372408118,2025377.7733060296,463
2037394.563619592,0.0,1597.394045876831,2038991.9576654688,464
2051077.5457637382,0.0,1596.7071179539082,2052674.252881692,465
2064828.589341983,0.0,1596.0649770796128,2066424.6543190626,466
2078647.3911853575,0.0,1595.4585171014216,2080242.8497024588,467
2092533.9156174227,0.0,1594.8856073130269,2094128.8012247358,468
2106488.2056449912,0.0,1594.3462781983892,2108082.55192319,469
2120510.297929131,0.0,1593.8405529824522,2122104.1384821134,470
2134600.222785163,0.0,1593.3684476311423,2136193.5912327943,471
2148758.0041826633,0.0,1592.929970851369,2150350.9341535144,472
2162983.6597454613,0.0,1592.525124091024,2164576.1848695525,473
2177277.200751641,0.0,1592.1539015389826,2178869.3546531796,474
2191638.6321335407,0.0,1591.8162901251023,2193230.448423666,475
2206067.952477753,0.0,1591.5122695202233,2207659.4647472734,476
2220565.1540251244,0.0,1591.241812136169,2222156.3958372604,477
2235130.222670755,0.0,1591.0048831257457,2236721.227553881,478
2249763.137964,0.0,1590.801440382742,2251353.939404383,479
2264463.8731084685,0.0,1590.6314345419294,2266054.5045430106,480
2279232.394962024,0.0,1590.4948089790623,2280822.889771003,481
2294068.6640367834,0.0,1590.3914998108783,2295659.0555365942,482
2308972.634499118,0.0,1590.3214358950972,2310562.9559350135,483
2323944.2541696546,0.0,1590.2845388304218,2325534.538708485,484
2338983.464523272,0.0,1590.2807229565376,2340573.7452462288,485
2354090.200689105,0.0,1590.3098953541132,2355680.510584459,486
2369264.391450541,0.0,1590.3719558447997,2370854.7634063857,487
2384505.9592452236,0.0,1590.4667969912311,2386096.426042215,488
2399814.820165049,0.0,1590.5943040970244,2401405.4144691457,489
2415190.883956167,0.0,1590.7543552067789,2416781.6383113735,490
2430634.0540189836,0.0,1590.946821106077,2432225.0008400897,491
2446144.2274081577,0.0,1591.1715653214842,2447735.398973479,492
2461721.294832602,0.0,1591.4284441205482,2463312.7232767227,493
2477365.140655485,0.0,1591.7173065118,2478956.857961997,494
2493075.642894228,0.0,1592.0379942447528,2494667.6808884726,495
2508852.673220506,0.0,1592.3903418099035,2510445.063562316,496
2524696.0969602503,0.0,1592.7741764387306,2526288.871136689,497
2540605.7730936436,0.0,1593.1893181036967,2542198.9624117473,498
2556581.554255125,0.0,1593.635579518246,2558175.189834643,499
2572623.2867333875,0.0,1594.1127661368066,2574217.3994995244,500
2588730.8104713773,0.0,1594.6206761547885,2590325.431147532,501
2604903.9590662946,0.0,1595.159100508585,2606499.1181668034,502
2621142.5597695955,0.0,1595.7278228755717,2622738.287592471,503
2637446.433486989,0.0,1596.3266196741079,2639042.7601066628,504
2653815.394778437,0.0,1596.9552600635348,2655412.3500385005,505
2670249.2518581594,0.0,1597.6135059441767,2671846.8653641036,506
2686747.806594626,0.0,1598.3011119573407,2688346.1077065836,507
2703310.854510564,0.0,1599.017825485317,2704909.872336049,508
2719938.1847829525,0.0,1599.7633866513781,2721537.948169604,509
2736629.5802430264,0.0,1600.5375283197795,2738230.117771346,510
2753384.8173762737,0.0,1601.3399760957595,2754986.1573523693,511
2770203.666322437,0.0,1602.1704483255394,2771805.8367707627,512
2787085.8908755137,0.0,1603.028656096323,2788688.91953161,513
2804031.2484837538,0.0,1603.914303236297,2805635.16278699,514
2821039.490249663,0.0,1604.8270863146306,2822644.3173359777,515
2838110.3609300004,0.0,1605.7666946414768,2839716.127624642,516
2855243.5989357796,0.0,1606.7328102679699,2856850.331746048,517
2872438.9363322677,0.0,1607.7251079862283,2874046.6614402537,518
2889696.0988389873,0.0,1608.7432553293525,2891304.8420943166,519
2907014.8058297136,0.0,1609.7869125714258,2908624.592742285,520
2924394.770332477,0.0,1610.8557327275148,2926005.6260652044,521
2941835.699029562,0.0,1611.9493615536685,2943447.648391116,522
2959337.2922575073,0.0,1613.0674375469187,2960950.359695054,523
2976899.2440071055,0.0,1614.20959194528,2978513.4535990506,524
2994521.2419234025,0.0,1615.3754487277497,2996136.6173721305,525
3012202.9673057003,0.0,1616.5646246143085,3013819.5319303144,526
3029944.095107554,0.0,1617.7767290659192,3031561.87183662,527
3047744.2939367723,0.0,1619.0113642845276,3049363.3053010567,528
3065603.22605542,0.0,1620.2681252130624,3067223.494180633,529
3083520.547379813,0.0,1621.5465995354352,3085142.0939793484,530
3101495.9074805253,0.0,1622.8463676765398,3103118.753848202,531
3119528.949582381,0.0,1624.1670028022538,3121153.1165851834,532
3137619.310564461,0.0,1625.5080708194364,3139244.8186352807,533
3155766.6209601006,0.0,1626.8691303759308,3157393.4900904763,534
3173970.504956887,0.0,1628.249732860562,3175598.7546897475,535
3192230.5803966643,0.0,1629.6494224031385,3193860.2298190673,536
3210546.4587755282,0.0,1631.067735874451,3212177.526511403,537
3228917.7452438306,0.0,1632.5042028862738,3230550.249446717,538
3247344.038606176,0.0,1633.958345791363,3248977.9969519675,539
3265824.9313214244,0.0,1635.4296796834583,3267460.361001108,540
3284360.0095026894,0.0,1636.9177123972815,3285996.9272150868,541
3302948.8529173387,0.0,1638.4219445085382,3304587.274861847,542
3321591.034986994,0.0,1639.9418693339157,3323230.976856328,543
3340286.122787532,0.0,1641.476972931085,3341927.599760463,544
3359033.6770490827,0.0,1643.0267340986989,3360676.7037831815,545
3377833.252156031,0.0,1644.590624376394,3379477.842780407,546
3396684.396147014,0.0,1646.1681080447893,3398330.5642550588,547
3415586.6507149264,0.0,1647.7586421254864,3417234.409357052,548
3434539.5512069147,0.0,1649.3616763810699,3436188.9128832957,549
3453542.6266243793,0.0,1650.9766533151071,3455193.6032776944,550
3472595.3996229763,0.0,1652.6030081721483,3474248.0026311483,551
3491697.3865126153,0.0,1654.2401689377264,3493351.626681553,552
3510848.097257459,0.0,1655.887556338357,3512503.9848137973,553
3530047.0354759265,0.0,1657.544583841539,3531704.580059768,554
3549293.698440689,0.0,1659.2106576557533,3550952.909098345,555
3568587.577078673,0.0,1660.885176730464,3570248.4622554034,556
3587928.1559710596,0.0,1662.5675327561187,3589590.7235038155,557
3607314.913353282,0.0,1664.2571101641465,3608979.170463446,558
3626747.32111503,0.0,1665.9532861269604,3628413.274401157,559
3646224.8448002455,0.0,1667.6554305579552,3647892.5002308036,560
3665746.943607127,0.0,1669.3629061115093,3667416.306513238,561
3685313.0703881243,0.0,1671.0750681829836,3686984.145456307,562
3704922.671649943,0.0,1672.7912649087218,3706595.462914852,563
3724575.1875535445,0.0,1674.5108371660504,3726249.6983907106,564
3744270.0519141406,0.0,1676.2331185732787,3745946.285032714,565
3764006.6922011995,0.0,1677.9574354896988,3765684.649636689,566
3783784.5295384442,0.0,1679.6831070155854,3785464.21264546,567
3803602.978703851,0.0,1681.4094449921968,3805284.388148843,568
3823461.4481296493,0.0,1683.1357540017727,3825144.583883651,569
3843359.3399023246,0.0,1684.8613313675369,3845044.201233692,570
3863296.049762615,0.0,1686.5854671536952,3864982.6352297687,571
3883270.9671055144,0.0,1688.3074441654367,3884959.27454968,572
3903283.4749802686,0.0,1690.026537948933,3904973.5015182174,573
3923332.950090381,0.0,1691.7420167913385,3925024.692107172,574
3943418.762793605,0.0,1693.4531417207904,3945112.215935326,575
3963540.2771019517,0.0,1695.159166506409,3965235.436268458,576
3983696.850681685,0.0,1696.8593376582971,3985393.710019343,577
4003887.8348533213,0.0,1698.5528944275402,4005586.3877477488,578
4024112.574591635,0.0,1700.2390688062067,4025812.813660441,579
4044370.4085256504,0.0,1701.917085527348,4046072.325611178,580
4064660.66893865,0.0,1703.586162064998,4066364.255100715,581
4084982.681768167,0.0,1705.2455086341738,4086687.927276801,582
4105335.766605991,0.0,1706.8943281908748,4107042.660934182,583
4125719.2366981646,0.0,1708.5318164320836,4127427.768514597,584
4146132.3989449856,0.0,1710.1571617957652,4147842.556106781,585
4166574.5539010055,0.0,1711.7695454608677,4168286.3234464666,586
4187044.995775029,0.0,1713.368141347322,4188758.3639163766,587
4207543.012430117,0.0,1714.9521161160417,4209257.964546233,588
4228067.885383584,0.0,1716.520629168923,4229784.406012752,589
4248618.889806994,0.0,1718.0728326488456,4250336.962639643,590
4269195.294526175,0.0,1719.607871439671,4270914.902397614,591
4289796.362021199,0.0,1721.1248831662442,4291517.486904366,592
4310421.348426399,0.0,1722.6229981943927,4312143.971424594,593
4331069.50353036,0.0,1724.101339630927,4332793.604869991,594
4351740.070775919,0.0,1725.5590233236403,4353465.629799242,595
4372432.287260171,0.0,1726.9951578613086,4374159.282418032,596
4393145.383734462,0.0,1728.4088445736904,4394873.792579035,597
4413878.584604396,0.0,1729.7991775315277,4415608.383781927,598
4434631.197017565,0.0,1731.1657921666315,4436362.362809732,599
4455404.232029476,0.0,1732.5191461070722,4457136.751175583,600
4476197.563228147,0.0,1733.863425185336,4477931.426653332,601
4497010.346469697,0.0,1735.1984808108487,4498745.544950508,602
4517841.740829447,0.0,1736.5241652158518,4519578.264994663,603
4538690.9086019285,0.0,1737.8403314554032,4540428.748933384,604
4559557.015300879,0.0,1739.1468334073759,4561296.162134287,605
4580439.229659242,0.0,1740.4435257724588,4582179.673185014,606
4601336.723629167,0.0,1741.7302640741573,4603078.4538932415,607
4622248.672382014,0.0,1743.0069046587919,4623991.679286673,608
4643174.254308346,0.0,1744.273304695499,4644918.527613041,609
4664112.651017935,0.0,1745.5293221762313,4665858.180340111,610
4685063.047339759,0.0,1746.7748159157566,4686809.822155675,611
4706024.631322003,0.0,1748.0096455516589,4707772.640967554,612
4726996.594232059,0.0,1749.233671544338,4728745.827903603,613
4747978.130556527,0.0,1750.4467551770097,4749728.577311704,614
4768968.438001211,0.0,1751.6487585557054,4770720.086759767,615
4789966.717491125,0.0,1752.839544609272,4791719.557035734,616
4810972.173170487,0.0,1754.0189770893728,4812726.192147577,617
4831984.012402725,0.0,1755.1869205704866,4833739.199323296,618
4853001.445770471,0.0,1756.343240449908,4854757.7890109215,619
4874023.6870755665,0.0,1757.4878029477475,4875781.174878514,620
4895049.953339056,0.0,1758.6204751069313,4896808.573814163,621
4916079.464801196,0.0,1759.7411247932016,4917839.205925989,622
4937111.444921445,0.0,1760.849620695116,4938872.29454214,623
4958145.120378472,0.0,1761.9458323240488,4959907.066210796,624
4979179.72107015,0.0,1763.029630014189,4980942.750700164,625
5000214.48011356,0.0,1764.1008849225423,5001978.580998483,626
5021248.633844993,0.0,1765.1594690289296,5023013.793314022,627
5042281.421819941,0.0,1766.2052551359877,5044047.627075077,628
5063312.086813107,0.0,1767.2381168691697,5065079.324929976,629
5084339.8748184005,0.0,1768.2579286767443,5086108.132747077,630
5105364.035048936,0.0,1769.2645658297954,5107133.299614766,631
5126383.8199370345,0.0,1770.2579044222236,5128154.077841457,632
5147398.485134228,0.0,1771.2378213707448,5149169.7229555985,633
5168407.289511251,0.0,1772.2041944148907,5170179.493705666,634
5189409.495158048,0.0,1773.1569021170092,5191182.652060165,635
5210404.367383768,0.0,1774.0958238622636,5212178.46320763,636
5231391.174716767,0.0,1775.020839858633,5233166.195556626,637
5252369.1889046095,0.0,1775.931831136913,5254145.120735747,638
5273337.6849140655,0.0,1776.8286795507138,5275114.513593616,639
5294295.940931113,0.0,1777.7112677764626,5296073.65219889,640
5315243.238360936,0.0,1778.5794793134019,5317021.817840249,641
5336178.861827926,0.0,1779.4331984835896,5337958.295026409,642
5357102.0991756795,0.0,1780.2723104319002,5358882.371486112,643
5378012.241467002,0.0,1781.0967011260236,5379793.338168127,644
5398908.582983906,0.0,1781.9062573564656,5400690.489241263,645
5419790.42122761,0.0,1782.7008667365476,5421573.122094346,646
5440657.056918537,0.0,1783.480417702407,5442440.53733624,647
5461507.793996323,0.0,1784.2447995129971,5463292.038795836,648
5482341.939619804,0.0,1784.9939022500869,5484126.933522054,649
5503158.8041670285,0.0,1785.7276168182614,5504944.531783847,650
5523957.701235246,0.0,1786.4458349449208,5525744.147070191,651
5544737.94764092,0.0,1787.1484491802817,5546525.096090101,652
5565498.863419715,0.0,1787.8353528973764,5567286.698772613,653
5586239.771826505,0.0,1788.5064402920532,5588028.278266797,654
5606959.99933537,0.0,1789.1616063829756,5608749.160941753,655
5627658.875639597,0.0,1789.8007470116236,5629448.676386609,656
5648335.733651681,0.0,1790.4237588422923,5650126.157410523,657
5668989.909503322,0.0,1791.0305393620934,5670780.940042684,658
5689620.742545429,0.0,1791.6209868809538,5691412.363532309,659
5710227.575348115,0.0,1792.1950005316164,5712019.770348646,660
5730809.7537007015,0.0,1792.7524802696403,5732602.506180971,661
5751366.626611718,0.0,1793.2933268733998,5753159.919938591,662
5771897.5463089,0.0,1793.8174419440852,5773691.363750844,663
5792401.868239189,0.0,1794.3247279057027,5794196.1929670945,664
5812878.951068733,0.0,1794.8150880050746,5814673.766156738,665
5833328.15668289,0.0,1795.2884263118383,5835123.445109202,666
5853748.85018622,0.0,1795.7446477184476,5855544.594833938,667
5874140.399902495,0.0,1796.183657940172,5875936.583560435,668
5894502.17737469,0.0,1796.6053635150965,5896298.782738205,669
5914833.557364989,0.0,1797.0096718041225,5916630.567036794,670
5935133.917854782,0.0,1797.3964909909666,5936931.314345773,671
5955402.640044665,0.0,1797.7657300821616,5957200.405774747,672
5975639.108354444,0.0,1798.1172989070558,5977437.22565335,673
5995842.710423128,0.0,1798.4511081178136,5997641.161531245,674
6016012.837108935,0.0,1798.7670691894155,6017811.604178125,675
6036148.88248929,0.0,1799.0650944196568,6037947.94758371,676
6056250.243860824,0.0,1799.3450969291496,6058049.588957753,677
6076316.321739375,0.0,1799.6069906613213,6078115.928730036,678
6096346.519859988,0.0,1799.8506903824152,6098146.370550371,679
6116340.245176915,0.0,1800.0761116814908,6118140.321288597,680
6136296.907863616,0.0,1800.2831709704228,6138097.191034586,681
6156215.921312755,0.0,1800.471785483902,6158016.393098239,682
6176096.7021362055,0.0,1800.6418732794352,6177897.344009485,683
6195938.670165046,0.0,1800.7933532373447,6197739.463518283,684
6215741.248449563,0.0,1800.9261450607687,6217542.174594624,685
6235503.863259251,0.0,1801.0401692756611,6237304.903428527,686
6255225.944082809,0.0,1801.1353472307921,6257027.079430039,687
6274906.923628143,0.0,1801.211601097747,6276708.135229241,688
6294546.237822368,0.0,1801.2688538709276,6296347.506676239,689
6314143.325811803,0.0,1801.307029367551,6315944.632841171,690
6333697.629961978,0.0,1801.3260522276505,6335498.956014206,691
6353208.595857626,0.0,1801.3258479140745,6355009.92170554,692
6372675.672302688,0.0,1801.3063427124885,6374476.9786454,693
6392098.31132031,0.0,1801.2674637313723,6393899.578784042,694
6411475.968152851,0.0,1801.2091389020227,6413277.177291753,695
6430808.10126187,0.0,1801.1312969785515,6432609.232558848,696
6450094.172328136,0.0,1801.033867537887,6451895.206195674,697
6469333.646251626,0.0,1800.9167809797732,6471134.563032606,698
6488525.991151521,0.0,1800.779968526769,6490326.771120048,699
6507670.67836621,0.0,1800.6233622242503,6509471.301728435,700
6526767.182453291,0.0,1800.4468949404081,6528567.629348231,701
6545814.981189564,0.0,1800.2505003662495,6547615.23168993,702
6564813.55557104,0.0,1800.0341130155975,6566613.589684056,703
6583762.389812938,0.0,1799.7976682250905,6585562.187481163,704
6602660.971349677,0.0,1799.5411021541831,6604460.512451831,705
6621508.790834893,0.0,1799.2643517851457,6623308.055186678,706
6640305.342141419,0.0,1798.9673549230642,6642104.309496342,707
6659050.1223613,0.0,1798.6500501958405,6660848.772411495,708
6677742.631805788,0.0,1798.3123770541924,6679540.944182842,709
6696382.37400534,0.0,1797.9542757716533,6698180.328281112,710
6714968.85570962,0.0,1797.5756874445726,6716766.431397065,711
6733501.586887502,0.0,1797.1765539921155,6735298.763441495,712
6751980.080727063,0.0,1796.7568181562629,6753776.83754522,713
6770403.853635589,0.0,1796.3164235018116,6772200.1700590905,714
6788772.425239572,0.0,1795.8553144163743,6790568.280553989,715
6807085.318384709,0.0,1795.373436110379,6808880.691820819,716
6825342.059135909,0.0,1794.8707346170704,6827136.929870526,717
6843542.176777283,0.0,1794.3471567925083,6845336.523934076,718
6861685.203812152,0.0,1793.8026503155684,6863479.006462468,719
6879770.675963041,0.0,1793.2371636879425,6881563.913126729,720
6897798.132171683,0.0,1792.650646234138,6899590.782817917,721
6915767.114599021,0.0,1792.0430481014782,6917559.157647123,722
6933677.181450375,0.0,1791.414373948162,6935468.595824324,723
6951528.198671325,0.0,1790.7657531113337,6953318.964424436,724
6969319.984292772,0.0,1790.097728695659,6971110.082021467,725
6987052.267067608,0.0,1789.410399267108,6988841.677466876,726
7004724.780029188,0.0,1788.703863436075,7006513.483892624,727
7022337.260491319,0.0,1787.9782198573773,7024125.238711176,728
7039889.450048271,0.0,1787.2335672302572,7041676.683615501,729
7057381.09457477,0.0,1786.4700042983798,7059167.564579069,730
7074811.944226,0.0,1785.6876298498346,7076597.63185585,731
7092181.753437607,0.0,1784.8865427171347,7093966.639980324,732
7109490.280925689,0.0,1784.0668417772174,7111274.347767467,733
7126737.289686809,0.0,1783.228625951443,7128520.518312761,734
7143922.546997984,0.0,1782.3719942055968,7145704.91899219,735
7161045.82441669,0.0,1781.4970455498867,7162827.321462239,736
7178106.897780862,0.0,1780.6038790389453,7179887.501659901,737
7195105.547208893,0.0,1779.6925937718288,7196885.239802665,738
7212041.557099636,0.0,1778.7632888920168,7213820.320388528,739
7228914.716132398,0.0,1777.8160635874137,7230692.532195985,740
7245724.817266949,0.0,1776.8510170903467,7247501.66828404,741
7262471.6577435145,0.0,1775.8682486775672,7264247.525992192,742
7279155.0390827805,0.0,1774.8678576702505,7280929.906940451,743
7295774.7670858875,0.0,1773.849943433996,7297548.617029321,744
7312330.6518344395,0.0,1772.8146053788264,7314103.466439818,745
7328822.507690493,0.0,1771.7619429591884,7330594.269633452,746
7345250.153296568,0.0,1770.692055673953,7347020.845352243,747
7361613.4115756415,0.0,1769.605043066414,7363383.016618708,748
7377912.109731146,0.0,1768.5010047242902,7379680.61073587,749
7394146.079246975,0.0,1767.3800402797235,7395913.459287254,750
7410315.155887479,0.0,1766.2422494092796,7412081.398136889,751
7426419.179697469,0.0,1765.0877318339483,7428184.267429302,752
7442457.995002211,0.0,1763.9165873191432,7444221.91158953,753
7458431.450407431,0.0,1762.728915674702,7460194.179323106,754
7474339.398799316,0.0,1761.5248167548855,7476100.923616071,755
7490181.697344505,0.0,1760.3043904583787,7491942.001734964,756
7505958.207490101,0.0,1759.0677367282908,7507717.27522683,757
7521668.794963664,0.0,1757.814955552154,7523426.6099192165,758
7537313.32977321,0.0,1756.5461469619256,7539069.875920172,759
7552891.686207215,0.0,1755.2614110339853,7554646.947618249,760
7568403.742834614,0.0,1753.9608478891375,7570157.703682503,761
7583849.3825047985,0.0,1752.64455769261,7585602.0270624915,762
7599228.49234762,0.0,1751.3126406540553,7600979.804988274,763
7614540.9637733875,0.0,1749.9651970275481,7616290.928970415,764
7629786.692472868,0.0,1748.6023271115887,7631535.294799979,765
7644965.578417287,0.0,1747.2241312490999,7646712.802548536,766
7660077.52585833,0.0,1745.830709827429,7661823.356568157,767
7675122.443328138,0.0,1744.4221632783472,7676866.865491417,768
7690100.243639312,0.0,1742.9985920780491,7691843.2422313895,769
7705010.84388491,0.0,1741.5600967471532,7706752.403981658,770
7719854.165438452,0.0,1740.1067778507022,7721594.272216302,771
7734630.13395391,0.0,1738.6387359981622,7736368.772689909,772
7749338.679365721,0.0,1737.1560718434234,7751075.835437564,773
7763979.735888775,0.0,1735.6588860847996,7765715.394774861,774
7778553.242018423,0.0,1734.147279465029,7780287.389297888,775
7793059.1405304745,0.0,1732.6213527712728,7794791.761883246,776
7807497.378481196,0.0,1731.0812068351165,7809228.459688031,777
7821867.907207313,0.0,1729.5269425325694,7823597.4341498455,778
7836170.6823260095,0.0,1727.9586607840645,7837898.640986794,779
7850405.663734927,0.0,1726.3764625544586,7852132.040197481,780
7864572.815612166,0.0,1724.7804488530328,7866297.596061019,781
7878672.106416285,0.0,1723.1707207334914,7880395.277137019,782
7892703.508886302,0.0,1721.5473792939629,7894425.056265596,783
7906667.000041691,0.0,1719.9105256769992,7908386.910567367,784
7920562.561182385,0.0,1718.260261069577,7922280.821443455,785
7934390.177888778,0.0,1716.5966867030954,7936106.774575481,786
7948149.840021719,0.0,1714.9199038533789,7949864.759925572,787
7961841.541722516,0.0,1713.2300138406742,7963554.771736356,788
7975465.281412936,0.0,1711.5271180296531,7977176.808530966,789
7989021.061795205,0.0,1709.811317829411,7990730.873113034,790
8002508.889852005,0.0,1708.0827146934666,8004216.972566699,791
8015928.776846479,0.0,1706.3414101197627,8017635.118256599,792
8029280.738322226,0.0,1704.5875056506661,8030985.325827877,793
8042564.794103305,0.0,1702.8211028729672,8044267.615206178,794
8055780.968294232,0.0,1701.0423034178805,8057482.01059765,795
8068929.289279982,0.0,1699.251208961044,8070628.540488943,796
8082009.78972599,0.0,1697.4479212225197,8083707.237647212,797
8095022.506578146,0.0,1695.6325419667935,8096718.139120112,798
8107967.4810628,0.0,1693.8051730027748,8109661.286235803,799
8120844.758686759,0.0,1691.9659161837974,8122536.724602942,800
8133654.38923729,0.0,1690.1148734076182,8135344.504110698,801
8146396.42678212,0.0,1688.2521466164187,8148084.678928737,802
8159070.9296694305,0.0,1686.3778377968038,8160757.307507227,803
8171677.960527862,0.0,1684.492048979802,8173362.452576842,804
8184217.586266516,0.0,1682.594882240866,8185900.181148756,805
8196689.87807495,0.0,1680.6864396998722,8198370.564514649,806
8209094.911423178,0.0,1678.7668235211208,8210773.678246699,807
8221432.7660616785,0.0,1676.8361359133364,8223109.602197592,808
8233703.526021381,0.0,1674.8944791296663,8235378.42050051,809
8245907.279613679,0.0,1672.9419554676824,8247580.221569147,810
8258044.119430421,0.0,1670.9786672693806,8259715.09809769,811
8270114.142343915,0.0,1669.0047169211798,8271783.147060837,812
8282117.449506928,0.0,1667.0202068539236,8283784.469713782,813
8294054.146352683,0.0,1665.0252395428788,8295719.171592226,814
8305924.342594864,0.0,1663.0199175077364,8307587.3625123715,815
8317728.152227612,0.0,1661.0043433126111,8319389.156570924,816
8329465.693525525,0.0,1658.9786195660415,8331124.672145091,817
8341137.089043662,0.0,1656.9428489209897,8342794.031892583,818
8352742.465617539,0.0,1654.8971340748421,8354397.362751614,819
8364281.95436313,0.0,1652.8415777694088,8365934.795940899,820
8375755.690676868,0.0,1650.7762827909237,8377406.466959659,821
8387163.8142356435,0.0,1648.701351970044,8388812.515587613,822
8398506.468996806,0.0,1646.6168881818517,8400153.085884988,823
8409783.803198162,0.0,1644.5229943458517,8411428.326192508,824
8420995.969357979,0.0,1642.4197734259735,8422638.389131404,825
8432143.12427498,0.0,1640.3073284305701,8433783.431603411,826
8443225.429028349,0.0,1638.1857624124182,8444863.614790762,827
8454243.048977725,0.0,1636.0551784687182,8455879.104156194,828
8465196.153763207,0.0,1633.915679741095,8466830.069442948,829
8476084.917305354,0.0,1631.7673694155967,8477716.68467477,830
8486909.51780518,0.0,1629.6103507226953,8488539.128155902,831
8497670.13774416,0.0,1627.4447269372868,8499297.582471097,832
8508366.963884227,0.0,1625.2706013786913,8509992.234485606,833
8519000.18726777,0.0,1623.088077410652,8520623.27534518,834
8529570.003217638,0.0,1620.8972584413364,8531190.90047608,835
8540076.61133714,0.0,1618.6982479233359,8541695.309585063,836
8550520.21551004,0.0,1616.4911493536656,8552136.706659393,837
8560901.023900563,0.0,1614.2760662737642,8562515.299966836,838
8571219.248953389,0.0,1612.0531022694947,8572831.302055659,839
8581475.107393662,0.0,1609.8223609711436,8583084.929754633,840
8591668.820226977,0.0,1607.5839460534214,8593276.40417303,841
8601800.612739393,0.0,1605.337961235462,8603405.95070063,842
8611870.714497427,0.0,1603.0845102808237,8613473.799007708,843
8621879.359348048,0.0,1600.8236969974882,8623480.183045045,844
8631826.785418693,0.0,1598.5556252378617,8633425.34104393,845
8641713.23511725,0.0,1596.280398898773,8643309.515516149,846
8651538.955132065,0.0,1593.998121921476,8653132.953253986,847
8661304.196431952,0.0,1591.708898291648,8662895.905330243,848
8671009.214266168,0.0,1589.4128320393895,8672598.627098206,849
8680654.268164443,0.0,1587.1100272392257,8682241.378191682,850
8690239.621936956,0.0,1584.8005880101052,8691824.422524966,851
8699765.543674348,0.0,1582.4846185154006,8701348.028292863,852
8709232.305747716,0.0,1580.162222962908,8710812.467970679,853
8718640.184808617,0.0,1577.8335056048477,8720218.018314222,854
8727989.461789068,0.0,1575.4985707378637,8729564.960359806,855
8737280.42190154,0.0,1573.157522703024,8738853.579424243,856
8746513.354638968,0.0,1570.81046588582,8748084.165104853,857
8755688.553774739,0.0,1568.457504716167,8757257.011279454,858
8764806.317362702,0.0,1566.0987436684047,8766372.41610637,859
8773866.947737165,0.0,1563.734287261296,8775430.682024427,860
8782870.751512889,0.0,1561.364240058028,8784432.115752947,861
8791818.0395851,0.0,1558.9887066662113,8793377.028291767,862
8800709.127129482,0.0,1556.6077917378807,8802265.73492122,863
8809544.333602171,0.0,1554.2215999694945,8811098.555202141,864
8818323.982739767,0.0,1551.8302361019348,8819875.812975869,865
8827048.402559327,0.0,1549.4338049205082,8828597.836364247,866
8835717.925358362,0.0,1547.0324112549442,8837264.957769617,867
8844332.88771485,0.0,1544.626159979397,8845877.513874829,868
8852893.63048722,0.0,1542.2151560124435,8854435.845643234,869
8861400.713685473,0.0,1539.799585403531,8862940.513270877,870
8869855.026537914,0.0,1537.37977679646,8871392.40631471,871
8878256.790351791,0.0,1534.955826632712,8879791.746178424,872
8886606.184819475,0.0,1532.5278156788875,8888138.712635154,873
8894903.390038602,0.0,1530.0958242707634,8896433.485862873,874
8903148.586512076,0.0,1527.6599323132925,8904676.24644439,875
8911341.955148067,0.0,1525.2202192806037,8912867.175367348,876
8919483.67726002,0.0,1522.776764216002,8921006.454024237,877
8927573.93456664,0.0,1520.3296457319689,8929094.264212372,878
8935612.909191903,0.0,1517.878942010161,8937130.788133914,879
8943600.783665054,0.0,1515.424730801412,8945116.208395856,880
8951537.740920605,0.0,1512.967089425731,8953050.70801003,881
8959423.964298336,0.0,1510.5060947723036,8960934.470393108,882
8967259.637543293,0.0,1508.0418232994914,8968767.679366592,883
8975044.944805793,0.0,1505.5743510348318,8976550.519156829,884
8982780.07064142,0.0,1503.1037535750386,8984283.174394995,885
8990465.200011024,0.0,1500.6301060860014,8991965.83011711,886
8998100.518280728,0.0,1498.1534833027863,8999598.671764031,887
9005686.211221917,0.0,1495.6739595296353,9007181.885181446,888
9013222.465011245,0.0,1493.1916086399663,9014715.656619884,889
9020709.466230636,0.0,1490.7065040763732,9022200.172734713,890
9028147.401867284,0.0,1488.2187188506266,9029635.620586134,891
9035536.459313644,0.0,1485.7283255436726,9037022.187639188,892
9042876.826367447,0.0,1483.2353963056332,9044360.061763752,893
9050168.691231685,0.0,1480.7400028558075,9051649.43123454,894
9057412.242514621,0.0,1478.2422164826696,9058890.484731104,895
9064607.669229789,0.0,1475.7421080438703,9066083.411337832,896
9071755.160795985,0.0,1473.239747966236,9073228.40054395,897
9078854.907037275,0.0,1470.7352062457699,9080325.642243521,898
9085907.098182995,0.0,1468.2285524476506,9087375.326735443,899
9092911.92486775,0.0,1465.7198557062331,9094377.644723456,900
9099869.578131406,0.0,1463.2091847250485,9101332.78731613,901
9106780.249419102,0.0,1460.6966077768038,9108240.946026878,902
9113644.130581249,0.0,1458.1821927033823,9115102.312773952,903
9120461.413873514,0.0,1455.666006915843,9121917.07988043,904
9127232.291956846,0.0,1453.1481173944217,9128685.44007424,905
9133956.95789745,0.0,1450.6285906885294,9135407.586488139,906
9140635.60516681,0.0,1448.107492916754,9142083.712659726,907
9147268.427641666,0.0,1445.5848897668589,9148714.012531433,908
9153855.619604032,0.0,1443.060846495784,9155298.680450529,909
9160397.375741195,0.0,1440.5354279296448,9161837.911169125,910
9166893.8911457,0.0,1438.0086984637333,9168331.899844164,911
9173345.361315368,0.0,1435.4807220625175,9174780.84203743,912
9179751.982153283,0.0,1432.9515622596414,9181184.933715543,913
9186113.949967798,0.0,1430.4212821579251,9187544.371249955,914
9192431.461472534,0.0,1427.889944429365,9193859.351416962,915
9198704.713786382,0.0,1425.3576113151328,9200130.071397698,916
9204933.9044335,0.0,1422.8243446255774,9206356.728778126,917
9211119.23134331,0.0,1420.2902057402232,9212539.52154905,918
9217260.892850509,0.0,1417.7552556077706,9218678.648106117,919
9223359.087695055,0.0,1415.219554746096,9224774.307249801,920
9229414.015022177,0.0,1412.6831632422527,9230826.69818542,921
9235425.874382375,0.0,1410.146140752469,9236836.020523127,922
9241394.865731413,0.0,1407.6085465021497,9242802.474277915,923
9247321.18943032,0.0,1405.070439285876,9248726.259869607,924
9253205.046245402,0.0,1402.531877467405,9254607.57812287,925
9259046.637348223,0.0,1399.9929189796694,9260446.630267203,926
9264846.164315624,0.0,1397.453621324779,9266243.617936948,927
9270603.829129707,0.0,1394.9140415740187,9271998.74317128,928
9276319.834177844,0.0,1392.3742363678498,9277712.208414212,929
9281994.382252678,0.0,1389.83426191591,9283384.216514595,930
9287627.676552113,0.0,1387.2941739970126,9289014.97072611,931
9293219.92067933,0.0,1384.7540279591476,9294604.67470729,932
9298771.31864277,0.0,1382.2138787194801,9300153.53252149,933
9304282.074856145,0.0,1379.6737807643524,9305661.748636909,934
9309752.394138439,0.0,1377.133788149282,9311129.527926588,935
9315182.481713893,0.0,1374.5939544989633,9316557.075668393,936
9320572.54321203,0.0,1372.054333007266,9321944.597545037,937
9325922.784667628,0.0,1369.514976437236,9327292.299644066,938
9331233.412520744,0.0,1366.9759371210962,9332600.388457865,939
9336504.633616693,0.0,1364.4372669602442,9337869.070883654,940
9341736.655206066,0.0,1361.8990174252547,9343098.55422349,941
9346929.684944715,0.0,1359.361239555878,9348289.046184272,942
9352083.930893766,0.0,1356.823983961041,9353440.754877727,943
9357199.60151961,0.0,1354.2873008188458,9358553.88882043,944
9362276.905693907,0.0,1351.7512398765714,9363628.656933784,945
9367316.052693583,0.0,1349.2158504506726,9368665.268544033,946
9372317.252200833,0.0,1346.68118142678,9373663.93338226,947
9377280.714303121,0.0,1344.147281259701,9378624.86158438,948
9382206.649493178,0.0,1341.6141979734184,9383548.263691152,949
9387095.268669002,0.0,1339.0819791610913,9388434.350648163,950
9391946.783133859,0.0,1336.5506719850548,9393283.333805844,951
9396761.404596286,0.0,1334.0203231768203,9398095.424919462,952
9401539.345170084,0.0,1331.4909790370752,9402870.83614912,953
9406280.817374326,0.0,1328.962685435683,9407609.780059762,954
9410986.034133349,0.0,1326.435487811683,9412312.469621161,955
9415655.208776759,0.0,1323.9094311732913,9416979.118207932,956
9420288.55503943,0.0,1321.3845600978989,9421609.939599527,957
9424886.287061507,0.0,1318.8609187320742,9426205.14798024,958
9429448.619388396,0.0,1316.3385507915607,9430764.957939187,959
9433975.76697078,0.0,1313.8174995612787,9435289.584470341,960
9438467.9451646,0.0,1311.2978078953238,9439779.242972495,961
9442925.369731076,0.0,1308.7795182169687,9444234.149249293,962
9447348.256836684,0.0,1306.262672518661,9448654.519509204,963
9451736.82305318,0.0,1303.7473123620252,9453040.57036554,964
9456091.285357576,0.0,1301.233478877862,9457392.518836454,965
9460411.861132162,0.0,1298.7212127661473,9461710.582344929,966
9464698.768164488,0.0,1296.210554296034,9465994.978718784,967
9468952.224647379,0.0,1293.7015433058507,9470245.926190684,968
9473172.449178923,0.0,1291.194219203102,9474463.643398127,969
9477359.660762478,0.0,1288.6886209644688,9478648.349383442,970
9481514.078806669,0.0,1286.184787135808,9482800.263593804,971
9485635.923125388,0.0,1283.6827558321522,9486919.60588122,972
9489725.413937798,0.0,1281.182564737711,9491006.596502535,973
9493782.77186833,0.0,1278.684251105869,9495061.456119435,974
9497808.217946677,0.0,1276.1878517591877,9499084.405798435,975
9501801.973607806,0.0,1273.6934030894042,9503075.667010896,976
9505764.26069195,0.0,1271.2009410574321,9507035.461633008,977
9509695.30144461,0.0,1268.7105011933609,9510964.011945805,978
9513595.318516554,0.0,1266.2221185964559,9514861.54063515,979
9517464.53496382,0.0,1263.7358279351588,9518728.270791756,980
9521303.174247712,0.0,1261.2516634470874,9522564.425911158,981
9525111.460234804,0.0,1258.7696589390353,9526370.229893744,982
9528889.617196932,0.0,1256.2898477869726,9530145.90704472,983
9532637.86981121,0.0,1253.812262936045,9533891.682074146,984
9536356.443160012,0.0,1251.336936900575,9537607.780096913,985
9540045.562730983,0.0,1248.86390176406,9541294.426632747,986
9543705.454417033,0.0,1246.393189179175,9544951.847606212,987
9547336.344516344,0.0,1243.9248303677698,9548580.269346712,988
9550938.459732365,0.0,1241.4588561208707,9552179.918588486,989
9554512.02717381,0.0,1238.9952967986808,9555751.022470608,990
9558057.274354663,0.0,1236.534182330578,9559293.808536993,991
9561574.429194177,0.0,1234.075542215117,9562808.504736392,992
9565063.720016873,0.0,1231.6194055200287,9566295.339422392,993
9568525.375552535,0.0,1229.1658008822199,9569754.541353418,994
9571959.624936221,0.0,1226.7147565077732,9573186.339692729,995
9575366.697708257,0.0,1224.266300171948,9576590.964008428,996
9578746.823814228,0.0,1221.820459219179,9579968.644273447,997
9582100.233605001,0.0,1219.3772605630775,9583319.610865565,998
9585427.157836698,0.0,1216.9367306864306,9586644.094567385,999
9588727.827670716,0.0,1214.4988956412017,9589942.326566357,1000
9592002.474673718,0.0,1212.06378104853,9593214.538454767,1001
9595251.330817638,0.0,1209.631412098731,9596460.962229736,1002
9598474.628479669,0.0,1207.2018135512967,9599681.83029322,1003
9601672.600442283,0.0,1204.775009734894,9602877.375452017,1004
9604845.479893215,0.0,1202.3510245473672,9606047.830917763,1005
9607993.500425464,0.0,1199.9298814557355,9609193.430306919,1006
9611116.896037305,0.0,1197.5116034961954,9612314.407640802,1007
9614215.901132273,0.0,1195.0962132741188,9615410.997345546,1008
9617290.750519177,0.0,1192.6837329640532,9618483.434252141,1009
9620341.679412091,0.0,1190.2741843097233,9621531.9535964,1010
9623368.923430357,0.0,1187.867588624029,9624556.791018981,1011
9626372.718598587,0.0,1185.4639667890465,9627558.182565376,1012
9629353.301346658,0.0,1183.0633392560285,9630536.364685914,1013
9632310.908509716,0.0,1180.6657260454033,9633491.574235762,1014
9635245.777328178,0.0,1178.2711467467755,9636424.048474925,1015
9638158.145447722,0.0,1175.8796205189258,9639334.02506824,1016
9641048.2509193,0.0,1173.4911660898106,9642221.74208539,1017
9643916.33219913,0.0,1171.105801756563,9645087.438000888,1018
9646762.628148697,0.0,1168.723545385492,9647931.351694083,1019
9649587.378034757,0.0,1166.3444144120822,9650753.72244917,1020
9652390.82152933,0.0,1163.9684258409948,9653554.78995517,1021
9655173.198709708,0.0,1161.5955962460666,9656334.794305954,1022
9657934.750058444,0.0,1159.2259417703117,9659093.976000214,1023
9660675.716463368,0.0,1156.8594781259185,9661832.575941494,1024
9663396.339217572,0.0,1154.496220594253,9664550.835438166,1025
9666096.860019416,0.0,1152.136184025856,9667248.996203441,1026
9668777.520972531,0.0,1149.7793828404458,9669927.300355371,1027
9671438.564585814,0.0,1147.4258310269154,9672585.990416842,1028
9674080.23377343,0.0,1145.0755421433348,9675225.309315573,1029
9676702.771854812,0.0,1142.72852931695,9677845.50038413,1030
9679306.42255466,0.0,1140.3848052441826,9680446.807359904,1031
9681891.430002946,0.0,1138.0443821906306,9683029.474385137,1032
9684458.038734905,0.0,1135.707271991068,9685593.746006897,1033
9687006.493691042,0.0,1133.373486049445,9688139.867177092,1034
9689537.04021713,0.0,1131.0430353388879,9690668.08325247,1035
9692050.10314958,0.0,1128.7160480593732,9693178.81919764,1036
9694546.261650959,0.0,1126.3928175148012,9695672.654468473,1037
9697025.578578213,0.0,1124.0733578341892,9698149.651936047,1038
9699488.095166279,0.0,1121.7576699392935,9700609.852836218,1039
9701933.85311356,0.0,1119.4457547398486,9703053.2988683,1040
9704362.894581921,0.0,1117.1376131335674,9705480.032195056,1041
9706775.262196701,0.0,1114.8332460061417,9707890.095442707,1042
9709170.999046698,0.0,1112.5326542312412,9710283.53170093,1043
9711550.148684181,0.0,1110.235838670514,9712660.384522852,1044
9713912.755124882,0.0,1107.942800173587,9715020.697925055,1045
9716258.862848,0.0,1105.6535395780652,9717364.516387578,1046
9718588.516796205,0.0,1103.3680577095317,9719691.884853914,1047
9720901.762375623,0.0,1101.0863553815484,9722002.848731004,1048
9723198.645455856,0.0,1098.8084333956558,9724297.45388925,1049
9725479.212369965,0.0,1096.5342925413725,9726575.746662507,1050
9727743.509914484,0.0,1094.263933596195,9728837.77384808,1051
9729991.585349407,0.0,1091.9973573255993,9731083.582706733,1052
9732223.486398198,0.0,1089.7345644830389,9733313.22096268,1053
9734439.261247784,0.0,1087.475555809946,9735526.736803593,1054
9736638.958548563,0.0,1085.2203320357314,9737724.178880598,1055
9738822.627414394,0.0,1082.9688938777838,9739905.596308272,1056
9740990.317422604,0.0,1080.7212420414708,9742071.038664646,1057
9743142.07861399,0.0,1078.4773772201381,9744220.555991212,1058
9745277.96149281,0.0,1076.2373000951097,9746354.198792905,1059
9747398.01702679,0.0,1074.0010113356886,9748472.018038126,1060
9749502.29664712,0.0,1071.7685115991555,9750574.06515872,1061
9751590.852248462,0.0,1069.5398015307699,9752660.392049992,1062
9753663.736188939,0.0,1067.3148817637693,9754731.051070703,1063
9755721.00129014,0.0,1065.0937529193702,9756786.09504306,1064
9757762.700837126,0.0,1062.8764156067668,9758825.577252733,1065
9759788.888578417,0.0,1060.6628704231325,9760849.55144884,1066
9761799.618726002,0.0,1058.4531179536182,9762858.071843956,1067
9763794.945955338,0.0,1056.2471587713537,9764851.19311411,1068
9765774.925405346,0.0,1054.0449934374476,9766828.970398784,1069
9767739.612678414,0.0,1051.8466225009859,9768791.459300915,1070
9769689.063840397,0.0,1049.6520464990338,9770738.715886896,1071
9771623.335420612,0.0,1047.4612659566344,9772670.79668657,1072
9773542.484411849,0.0,1045.27428138681,9774587.758693235,1073
9775446.56827036,0.0,1043.09109329056,9776489.65936365,1074
9777335.644915862,0.0,1040.9117021568634,9778376.556618018,1075
9779209.772731539,0.0,1038.7361084626768,9780248.508840002,1076
9781069.010564046,0.0,1036.5643126729358,9782105.574876718,1077
9782913.417723497,0.0,1034.3963152405538,9783947.814038739,1078
9784743.053983478,0.0,1032.2321166064232,9785775.286100084,1079
9786557.979581036,0.0,1030.0717171994145,9787588.051298235,1080
9788358.255216688,0.0,1027.9151174363762,9789386.170334125,1081
9790143.942054415,0.0,1025.7623177221362,9791169.704372138,1082
9791915.101721669,0.0,1023.6133184494996,9792938.715040118,1083
9793671.79630936,0.0,1021.4681199992508,9794693.264429359,1084
9795414.08837187,0.0,1019.3267227401523,9796433.415094608,1085
9797142.040927045,0.0,1017.1891270289448,9798159.230054075,1086
9798855.7174562,0.0,1015.0553332103477,9799870.77278941,1087
9800555.181904111,0.0,1012.9253416170586,9801568.107245728,1088
9802240.498679027,0.0,1010.7991525697537,9803251.297831597,1089
9803911.732652657,0.0,1008.6767663770873,9804920.409419034,1090
9805568.94916018,0.0,1006.5581833356924,9806575.507343514,1091
9807212.214000238,0.0,1004.4434037301801,9808216.657403968,1092
9808841.593434941,0.0,1002.3324278331402,9809843.925862774,1093
9810457.154189868,0.0,1000.2252559051407,9811457.379445773,1094
9812058.963454058,0.0,998.121888194728,9813057.085342253,1095
9813647.088880023,0.0,996.0223249384269,9814643.111204961,1096
9815221.598583734,0.0,993.9265663607407,9816215.525150094,1097
9816782.561144633,0.0,991.834612674151,9817774.395757308,1098
9818330.04560563,0.0,989.7464640791179,9819319.792069709,1099
9819864.121473094,0.0,987.6621207640799,9820851.783593858,1100
9821384.858716868,0.0,985.5815829054535,9822370.440299774,1101
9822892.327770256,0.0,983.5048506676343,9823875.832620922,1102
9824386.599530028,0.0,981.4319242029956,9825368.031454232,1103
9825867.745356426,0.0,979.3628036518896,9826847.108160077,1104
9827335.83707315,0.0,977.2974891426467,9828313.134562291,1105
9828790.946967373,0.0,975.2359807915755,9829766.182948165,1106
9830233.147789732,0.0,973.1782787029634,9831206.326068435,1107
9831662.512754327,0.0,971.124382969076,9832633.637137296,1108
9833079.11553873,0.0,969.0742936701572,9834048.189832399,1109
9834483.030283973,0.0,967.0280108744295,9835450.058294848,1110
9835874.331594558,0.0,964.9855346380934,9836839.317129197,1111
9837253.094538454,0.0,962.9468650053284,9838216.04140346,1112
9838619.394647095,0.0,960.912002008292,9839580.306649104,1113
9839973.307915378,0.0,958.8809456671202,9840932.188861046,1114
9841314.910801673,0.0,956.853695989927,9842271.764497664,1115
9842644.280227808,0.0,954.8302529728057,9843599.110480782,1116
9843961.493579082,0.0,952.8106165998272,9844914.304195682,1117
9845266.628704263,0.0,950.7947868430409,9846217.423491105,1118
9846559.763915578,0.0,948.7827636624752,9847508.54667924,1119
9847840.977988726,0.0,946.7745470061359,9848787.752535732,1120
9849110.350162867,0.0,944.7701368100082,9850055.120299678,1121
9850367.960140634,0.0,942.7695329980551,9851310.729673631,1122
9851613.888088122,0.0,940.772735482218,9852554.660823604,1123
9852848.21463489,0.0,938.7797441624169,9853786.994379053,1124
9854071.020873968,0.0,936.7905589265503,9855007.811432894,1125
9855282.388361847,0.0,934.8051796504947,9856217.193541497,1126
9856482.399118492,0.0,932.8236061981053,9857415.222724691,1127
9857671.135627326,0.0,930.8458384212156,9858601.981465748,1128
9858848.680835241,0.0,928.8718761596376,9859777.552711401,1129
9860015.118152598,0.0,926.9017192411616,9860942.019871838,1130
9861170.531453222,0.0,924.9353674815561,9862095.466820704,1131
9862315.0050744,0.0,922.9728206845687,9863237.977895085,1132
9863448.623816894,0.0,921.0140786419242,9864369.637895536,1133
9864571.472944926,0.0,919.0591411333271,9865490.53208606,1134
9865683.638186185,0.0,917.1080079264594,9866600.746194111,1135
9866785.205731824,0.0,915.1606787769819,9867700.366410602,1136
9867876.26223647,0.0,913.2171534285335,9868789.479389898,1137
9868956.89481821,0.0,911.277431612732,9869868.172249822,1138
9870027.191058595,0.0,909.3415130491729,9870936.532571644,1139
9871087.239002649,0.0,907.4093974454307,9871994.648400094,1140
9872137.127158856,0.0,905.4810844970582,9873042.608243354,1141
9873176.944499172,0.0,903.5565738875861,9874080.50107306,1142
9874206.780459015,0.0,901.6358652885241,9875108.416324303,1143
9875226.724937268,0.0,899.7189583593602,9876126.443895627,1144
9876236.868296284,0.0,897.8058527475603,9877134.674149033,1145
9877237.30136188,0.0,895.8965480885691,9878133.197909968,1146
9878228.11542334,0.0,893.99104400581,9879122.106467346,1147
9879209.402233416,0.0,892.0893401106841,9880101.491573527,1148
9880181.254008323,0.0,890.1914360025714,9881071.445444325,1149
9881143.76342774,0.0,888.2973312688301,9882032.060759008,1150
9882097.02363482,0.0,886.4070254847969,9882983.430660304,1151
9883041.128236175,0.0,884.5205182137867,9883925.648754388,1152
9883976.171301888,0.0,882.6378090070929,9884858.809110895,1153
9884902.247365503,0.0,880.7588974039875,9885783.006262906,1154
9885819.451424036,0.0,878.8837829317205,9886698.335206969,1155
9886727.878937965,0.0,877.0124651055207,9887604.891403072,1156
9887627.625831237,0.0,875.1449434285951,9888502.770774666,1157
9888518.788491262,0.0,873.2812173921288,9889392.069708655,1158
9889401.463768918,0.0,871.421286475286,9890272.885055393,1159
9890275.74897855,0.0,869.5651501452089,9891145.314128695,1160
9891141.741897969,0.0,867.7128078570179,9892009.454705825,1161
9891999.540768448,0.0,865.8642590538118,9892865.405027501,1162
9892849.244294735,0.0,864.0195031666683,9893713.263797902,1163
9893690.951645035,0.0,862.1785396146431,9894553.13018465,1164
9894524.762451023,0.0,860.3413678047705,9895385.103818828,1165
9895350.776807843,0.0,858.5079871320629,9896209.284794975,1166
9896169.0952741,0.0,856.6783969795113,9897025.77367108,1167
9896979.818871867,0.0,854.8525967180851,9897834.671468586,1168
9897783.049086686,0.0,853.030585706732,9898636.079672392,1169
9898578.887867562,0.0,851.2123632923783,9899430.100230854,1170
9899367.437626967,0.0,849.3979288099285,9900216.835555777,1171
9900148.801240839,0.0,847.5872815822654,9900996.388522422,1172
9900923.082048584,0.0,845.7804209202505,9901768.862469504,1173
9901690.38385307,0.0,843.9773461227237,9902534.361199193,1174
9902450.810920635,0.0,842.1780564765028,9903292.988977112,1175
9903204.467981083,0.0,840.3825512563844,9904044.85053234,1176
9903951.460227683,0.0,838.5908297251437,9904790.051057408,1177
9904691.89331717,0.0,836.8028911335339,9905528.696208304,1178
9905425.873369744,0.0,835.0187347202866,9906260.892104464,1179
9906153.506969076,0.0,833.2383597121121,9906986.745328788,1180
9906874.901162297,0.0,831.4617653236987,9907706.36292762,1181
9907590.163460007,0.0,829.6889507577137,9908419.852410765,1182
9908299.401836274,0.0,827.919915204802,9909127.321751479,1183
9909002.72472863,0.0,826.1546578435873,9909828.879386475,1184
9909700.241038075,0.0,824.393177840672,9910524.634215916,1185
9910392.060129073,0.0,822.6354743506366,9911214.695603423,1186
9911078.29182955,0.0,820.8815465160399,9911899.173376067,1187
9911759.046430912,0.0,819.1313934674189,9912578.17782438,1188
9912434.434688017,0.0,817.3850143232896,9913251.81970234,1189
9913104.567819193,0.0,815.6424081901462,9913920.210227383,1190
9913769.55750624,0.0,813.9035741624609,9914583.461080404,1191
9914429.515894419,0.0,812.1685113226848,9915241.68440574,1192
9915084.555592457,0.0,810.437218741247,9915894.992811197,1193
9915734.789672548,0.0,808.7096954765552,9916543.499368025,1194
9916380.331670353,0.0,806.9859405749955,9917187.317610929,1195
9917021.295584997,0.0,805.2659530709325,9917826.561538069,1196
9917657.795879077,0.0,803.5497319867088,9918461.345611064,1197
9918289.947478648,0.0,801.8372763326458,9919091.78475498,1198
9918917.865773236,0.0,800.1285851070431,9919717.994358344,1199
9919541.666615834,0.0,798.4236572961788,9920340.09027313,1200
9920161.466322899,0.0,796.7224918743095,9920958.188814772,1201
9920777.381674353,0.0,795.0250878036697,9921572.406762157,1202
9921389.52991359,0.0,793.3314440344728,9922182.861357624,1203
9921998.02874746,0.0,791.6415595049106,9922789.670306966,1204
9922602.99634629,0.0,789.9554331411528,9923392.95177943,1205
9923204.551343866,0.0,788.2730638573479,9923992.824407723,1206
9923802.812837442,0.0,786.5944505556229,9924589.407287998,1207
9924397.900387743,0.0,784.9195921260829,9925182.819979869,1208
9924989.934018953,0.0,783.2484874468116,9925773.1825064,1209
9925579.034218725,0.0,781.5811353838708,9926360.61535411,1210
9926165.32193818,0.0,779.9175347913013,9926945.23947297,1211
9926748.9185919,0.0,778.2576845111214,9927527.17627641,1212
9927329.94605794,0.0,776.6015833733286,9928106.547641313,1213
9927908.526677817,0.0,774.9492301958985,9928683.475908013,1214
9928484.783256516,0.0,773.3006237847851,9929258.083880302,1215
9929058.839062486,0.0,771.6557629339206,9929830.494825419,1216
9929630.817827644,0.0,770.0146464252161,9930400.83247407,1217
9930200.843747372,0.0,768.3772730285605,9930969.2210204,1218
9930769.041480519,0.0,766.7436415018213,9931535.78512202,1219
9931335.536149401,0.0,765.1137505908448,9932100.649899991,1220
9931900.324189868,0.0,763.4875876130526,9932663.81177748,1221
9932462.467596356,0.0,761.8650588761241,9933224.332655232,1222
9933021.7392828,0.0,760.246136391734,9933781.985419191,1223
9933578.121241752,0.0,758.6308109060683,9934336.752052657,1224
9934131.595805157,0.0,757.0190731955047,9934888.614878353,1225
9934682.145644363,0.0,755.4109140666126,9935437.55655843,1226
9935229.753770111,0.0,753.8063243561535,9935983.560094466,1227
9935774.403532542,0.0,752.2052949310803,9936526.608827474,1228
9936316.078621197,0.0,750.6078166885382,9937066.686437886,1229
9936854.763065012,0.0,749.0138805558636,9937603.776945569,1230
9937390.44123232,0.0,747.4234774905851,9938137.864709811,1231
9937923.097830852,0.0,745.8365984804233,9938668.934429333,1232
9938452.717907744,0.0,744.25323454329,9939196.971142286,1233
9938979.286849517,0.0,742.6733767272892,9939721.960226245,1234
9939502.7903821,0.0,741.0970161107166,9940243.887398211,1235
9940023.214570817,0.0,739.5241438020599,9940762.738714619,1236
9940540.545820389,0.0,737.9547509399982,9941278.50057133,1237
9941054.770874934,0.0,736.3888286934028,9941791.159703627,1238
9941565.87681797,0.0,734.8263682613366,9942300.70318623,1239
9942073.85107241,0.0,733.2673608730543,9942807.118433284,1240
9942578.681400571,0.0,731.7117977880024,9943310.39319836,1241
9943080.355904158,0.0,730.1596702958193,9943810.515574453,1242
9943578.863024283,0.0,728.6109697163351,9944307.473994,1243
9944074.191541452,0.0,727.0656873995717,9944801.257228851,1244
9944566.330575567,0.0,725.523814725743,9945291.854390293,1245
9945055.269585932,0.0,723.9853431052544,9945779.254929038,1246
9945540.998371243,0.0,722.4502639787032,9946263.448635222,1247
9946023.507069603,0.0,720.9185688168787,9946744.425638419,1248
9946502.786158502,0.0,719.3902491207617,9947222.176407622,1249
9946978.826454835,0.0,717.8652964215252,9947696.691751257,1250
9947451.619114893,0.0,716.3437022805334,9948167.962817173,1251
9947921.155634364,0.0,714.8254582893429,9948635.981092654,1252
9948387.427848335,0.0,713.3105560697018,9949100.738404404,1253
9948850.427931292,0.0,711.7989872735499,9949562.226918565,1254
9949310.148397114,0.0,710.2907435830192,9950020.439140698,1255
9949766.582099082,0.0,708.7858167104331,9950475.367915792,1256
9950219.722229876,0.0,707.2841983983071,9950927.006428273,1257
9950669.562321568,0.0,705.7858804193482,9951375.348201986,1258
9951116.096245635,0.0,704.2908545764554,9951820.387100212,1259
9951559.318212945,0.0,702.7991127027196,9952262.117325647,1260
9951999.222773768,0.0,701.3106466614232,9952700.533420429,1261
9952435.804817773,0.0,699.8254483460407,9953135.630266119,1262
9952869.059574023,0.0,698.3435096802382,9953567.403083703,1263
9953298.98261098,0.0,696.8648226178736,9953995.847433599,1264
9953725.569836505,0.0,695.3893791429969,9954420.959215648,1265
9954148.817497857,0.0,693.9171712698494,9954842.734669127,1266
9954568.722181689,0.0,692.4481910428646,9955261.170372732,1267
9954985.28081406,0.0,690.9824305366677,9955676.263244595,1268
9955398.490660416,0.0,689.5198818560757,9956088.010542272,1269
9955808.34932561,0.0,688.0605371360973,9956496.409862746,1270
9956214.85475389,0.0,686.6043885419331,9956901.459142432,1271
9956618.005228898,0.0,685.1514282689756,9957303.156657167,1272
9957017.799373677,0.0,683.7016485428088,9957701.50102222,1273
9957414.23615067,0.0,682.2550416192088,9958096.49119229,1274
9957807.314861715,0.0,680.8115997841434,9958488.126461498,1275
9958197.035148049,0.0,679.3713153537722,9958876.406463403,1276
9958583.396990303,0.0,677.9341806744465,9959261.331170978,1277
9958966.400708513,0.0,676.5001881227095,9959642.900896637,1278
9959346.046962107,0.0,675.0693301052963,9960021.116292212,1279
9959722.336749911,0.0,673.6415990591336,9960395.97834897,1280
9960095.271410154,0.0,672.2169874513401,9960767.488397606,1281
9960464.852620456,0.0,670.795487779226,9961135.648108236,1282
9960831.08239784,0.0,669.3770925702938,9961500.459490411,1283
9961193.963098727,0.0,667.9617943822374,9961861.92489311,1284
9961553.497418929,0.0,666.5495858029424,9962220.047004731,1285
9961909.688393664,0.0,665.1404594504866,9962574.828853114,1286
9962262.539397543,0.0,663.7344079731394,9962926.273805516,1287
9962612.054144576,0.0,662.3314240493619,9963274.385568626,1288
9962958.236688172,0.0,660.9315003878072,9963619.16818856,1289
9963301.091421137,0.0,659.5346297273201,9963960.626050863,1290
9963640.623075673,0.0,658.1408048369373,9964298.76388051,1291
9963976.836723384,0.0,656.7500185158871,9964633.5867419,1292
9964309.737775268,0.0,655.3622635935897,9964965.100038862,1293
9964639.331981722,0.0,653.9775329296571,9965293.309514651,1294
9964965.625432542,0.0,652.5958194138933,9965618.221251955,1295
9965288.624556918,0.0,651.2171159662937,9965939.841672884,1296
9965608.336123444,0.0,649.841415537046,9966258.177538982,1297
9965924.767240105,0.0,648.4687111065291,9966573.235951211,1298
9966237.925354293,0.0,647.0989956853143,9966885.024349978,1299
9966547.818252785,0.0,645.7322623141642,9967193.550515098,1300
9966854.454061767,0.0,644.3685040640337,9967498.822565831,1301
9967157.84124682,0.0,643.007714036069,9967800.848960856,1302
9967457.988612918,0.0,641.6498853616084,9968099.63849828,1303
9967754.905304438,0.0,640.295011202182,9968395.20031564,1304
9968048.600805152,0.0,638.9430847495116,9968687.543889903,1305
9968339.084938234,0.0,637.5940992255107,9968976.67903746,1306
9968626.36786625,0.0,636.2480478822849,9969262.615914132,1307
9968910.460091168,0.0,634.9049240021316,9969545.36501517,1308
9969191.372454353,0.0,633.5647208975395,9969824.93717525,1309
9969469.116136564,0.0,632.2274319111896,9970101.343568476,1310
9969743.702657964,0.0,630.8930504159545,9970374.59570838,1311
9970015.143878112,0.0,629.5615698148988,9970644.705447927,1312
9970283.451995961,0.0,628.2329835412786,9970911.684979502,1313
9970548.639549866,0.0,626.9072850585419,9971175.546834925,1314
9970810.719417578,0.0,625.5844678603287,9971436.303885438,1315
9971069.704816246,0.0,624.2645254704706,9971693.969341718,1316
9971325.609302418,0.0,622.9474514429911,9971948.55675386,1317
9971578.446772039,0.0,621.6332393621053,9972200.080011401,1318
9971828.231460448,0.0,620.3218828422206,9972448.55334329,1319
9972074.977942392,0.0,619.0133755279354,9972693.99131792,1320
9972318.701132003,0.0,617.7077110940407,9972936.408843096,1321
9972559.416282821,0.0,616.4048832455189,9973175.821166066,1322
9972797.13898778,0.0,615.1048857175442,9973412.243873497,1323
9973031.885179209,0.0,613.8077122754827,9973645.692891484,1324
9973263.67112884,0.0,612.5133567148922,9973876.184485555,1325
9973492.513447799,0.0,611.2218128615225,9974103.73526066,1326
9973718.42908661,0.0,609.933074571315,9974328.362161182,1327
9973941.435335202,0.0,608.647135730403,9974550.082470933,1328
9974161.54982289,0.0,607.3639902551115,9974768.913813144,1329
9974378.790518394,0.0,606.0836320919574,9974984.874150485,1330
9974593.175729832,0.0,604.8060552176495,9975197.98178505,1331
9974804.724104717,0.0,603.5312536390882,9975408.255358357,1332
9975013.454629961,0.0,602.2592213933657,9975615.713851355,1333
9975219.386631876,0.0,600.9899525477662,9975820.376584424,1334
9975422.539776167,0.0,599.7234411997655,9976022.263217367,1335
9975622.934067942,0.0,598.4596814770314,9976221.39374942,1336
9975820.589851703,0.0,597.1986675374233,9976417.78851924,1337
9976015.527811352,0.0,595.9403935689925,9976611.468204921,1338
9976207.76897019,0.0,594.6848537899821,9976802.45382398,1339
9976397.334690908,0.0,593.4320424488269,9976990.766733358,1340
9976584.246675607,0.0,592.1819538241538,9977176.428629432,1341
9976768.526965776,0.0,590.9345822247811,9977359.461548,1342
9976950.197942307,0.0,589.6899219897192,9977539.887864297,1343
9977129.28232549,0.0,588.4479674881702,9977717.730292978,1344
9977305.803175004,0.0,587.208713119528,9977893.011888124,1345
9977479.783889942,0.0,585.9721533133784,9978065.756043255,1346
9977651.248208778,0.0,584.7382825294985,9978235.986491308,1347
9977820.220209396,0.0,583.5070952578582,9978403.727304654,1348
9977986.724309072,0.0,582.2785860186181,9978569.00289509,1349
9978150.78526448,0.0,581.0527493621314,9978731.838013843,1350
9978312.428171696,0.0,579.8295798689427,9978892.257751565,1351
9978471.67846619,0.0,578.6090721497885,9979050.28753834,1352
9978628.561922826,0.0,577.3912208455971,9979205.953143671,1353
9978783.104655877,0.0,576.1760206274887,9979359.280676505,1354
9978935.333119001,0.0,574.9634661967752,9979510.296585198,1355
9979085.274105266,0.0,573.7535522849604,9979659.02765755,1356
9979232.954747127,0.0,572.5462736537396,9979805.501020782,1357
9979378.402516445,0.0,571.3416250950003,9979949.74414154,1358
9979521.645224474,0.0,570.1396014308216,9980091.784825904,1359
9979662.711021869,0.0,568.9401975134742,9980231.651219383,1360
9979801.628398677,0.0,567.7434082254211,9980369.371806903,1361
9979938.42618435,0.0,566.5492284793168,9980504.97541283,1362
9980073.133547736,0.0,565.3576532180075,9980638.491200954,1363
9980205.779997079,0.0,564.1686774145315,9980769.948674493,1364
9980336.395380018,0.0,562.9822960721186,9980899.37767609,1365
9980465.009883597,0.0,561.7985042241905,9981026.808387822,1366
9980591.654034255,0.0,560.6172969343609,9981152.27133119,1367
9980716.358697824,0.0,559.4386692964351,9981275.79736712,1368
9980839.15507954,0.0,558.2626164344101,9981397.417695975,1369
9980960.074724033,0.0,557.0891335024749,9981517.163857536,1370
9981079.149515335,0.0,555.9182156850103,9981635.06773102,1371
9981196.41167687,0.0,554.7498581965888,9981751.161535067,1372
9981311.893771466,0.0,553.5840562819748,9981865.477827748,1373
9981425.628701344,0.0,552.4208052161243,9981978.04950656,1374
9981537.649708126,0.0,551.2601003041855,9982088.90980843,1375
9981647.99037283,0.0,550.101936881498,9982198.092309712,1376
9981756.684615871,0.0,548.9463103135932,9982305.630926184,1377
9981863.766697064,0.0,547.7932159961947,9982411.55991306,1378
9981969.27121562,0.0,546.6426493552176,9982515.913864974,1379
9982073.233110152,0.0,545.4946058467688,9982618.727715999,1380
9982175.687658664,0.0,544.3490809571472,9982720.036739621,1381
9982276.670478562,0.0,543.206070202843,9982819.876548765,1382
9982376.217526652,0.0,542.065569130539,9982918.283095783,1383
9982474.365099132,0.0,540.927573317109,9983015.29267245,1384
9982571.149831602,0.0,539.7920783696193,9983110.941909973,1385
9982666.60869906,0.0,538.6590799253274,9983205.267778985,1386
9982760.779015895,0.0,537.528573651683,9983298.307589546,1387
9982853.698435906,0.0,536.4005552463275,9983390.098991152,1388
9982945.404952282,0.0,535.275020437094,9983480.67997272,1389
9983035.936897608,0.0,534.1519649820074,9983570.088862589,1390
9983125.33294387,0.0,533.0313846692845,9983658.364328539,1391
9983213.632102454,0.0,531.9132753173341,9983745.545377772,1392
9983300.87372414,0.0,530.7976327747563,9983831.671356915,1393
9983387.09749911,0.0,529.6844529203435,9983916.781952031,1394
9983472.343456935,0.0,528.5737316630795,9984000.917188598,1395
9983556.651966596,0.0,527.4654649421401,9984084.117431538,1396
9983640.063736463,0.0,526.3596487268929,9984166.42338519,1397
9983722.619814306,0.0,525.2562790168976,9984247.876093324,1398
9983804.361587293,0.0,524.1553518419048,9984328.516939135,1399
9983885.330781994,0.0,523.056863261858,9984408.387645256,1400
9983965.569464369,0.0,521.9608093668917,9984487.530273736,1401
9984045.120039782,0.0,520.8671862773326,9984565.98722606,1402
9984124.02525299,0.0,519.7759901436991,9984643.801243134,1403
9984202.328188153,0.0,518.6872171467013,9984721.0154053,1404
9984280.072268825,0.0,517.6008634972414,9984797.673132323,1405
9984357.30125796,0.0,516.516925436413,9984873.818183396,1406
9984434.05925791,0.0,515.4353992355018,9984949.494657146,1407
9984510.39071042,0.0,514.356281195985,9985024.746991618,1408
9984586.34039664,0.0,513.2795676495322,9985099.61996429,1409
9984661.953437114,0.0,512.205254958004,9985174.158692071,1410
9984737.275291784,0.0,511.1333395134535,9985248.408631297,1411
9984812.351759987,0.0,510.06381773812507,9985322.415577725,1412
9984887.228980465,0.0,508.9966860844554,9985396.225666549,1413
9984961.953431351,0.0,507.93194103507255,9985469.885372385,1414
9985036.571930181,0.0,506.86957910279637,9985543.441509284,1415
9985111.131633883,0.0,505.80959683063895,9985616.941230714,1416
9985185.68003879,0.0,504.7519907918038,9985690.43202958,1417
9985260.264980623,0.0,503.69675758968623,9985763.961738214,1418
9985334.934634514,0.0,502.64389385787365,9985837.578528373,1419
9985409.737514982,0.0,501.59339626014497,9985911.330911241,1420
9985484.722475948,0.0,500.545261490471,9985985.267737439,1421
9985559.938710729,0.0,499.4994862730143,9986059.438197002,1422
9985635.435752042,0.0,498.4560673621295,9986133.891819404,1423
9985711.263472,0.0,497.41500154236275,9986208.678473543,1424
9985787.472082116,0.0,496.37628562845197,9986283.848367745,1425
9985864.1121333,0.0,495.3399164653271,9986359.452049766,1426
9985941.234515857,0.0,494.3058909281097,9986435.540406786,1427
9986018.890459495,0.0,493.27420592211325,9986512.164665416,1428
9986097.131533315,0.0,492.24485838284306,9986589.376391698,1429
9986176.009645818,0.0,491.217845275996,9986667.227491094,1430
9986255.577044904,0.0,490.19316359746097,9986745.770208502,1431
9986335.886317868,0.0,489.17081037331866,9986825.057128241,1432
9986416.990391403,0.0,488.1507826598415,9986905.141174063,1433
9986498.942531604,0.0,487.13307754349376,9986986.075609148,1434
9986581.796343962,0.0,486.1176921409314,9987067.914036103,1435
9986665.60577336,0.0,485.10462359900237,9987150.710396959,1436
9986750.425104085,0.0,484.0938690947462,9987234.518973181,1437
9986836.308959823,0.0,483.08542583539435,9987319.394385658,1438
9986923.312303653,0.0,482.07929105837013,9987405.391594712,1439
9987011.490438055,0.0,481.07546203128857,9987492.565900087,1440
9987100.899004905,0.0,480.07393605195665,9987580.972940957,1441
9987191.59398548,0.0,479.0747104483728,9987670.668695929,1442
9987283.631700447,0.0,478.07778257872764,9987761.709483026,1443
9987377.068809882,0.0,477.0831498314034,9987854.151959714,1444
9987471.96231325,0.0,476.0908096249741,9987948.053122874,1445
9987568.369549418,0.0,475.10075940820565,9988043.470308825,1446
9987666.34819665,0.0,474.11299666005556,9988140.46119331,1447
9987765.516951805,0.0,473.1274928892082,9988238.644444695,1448
9987864.327917678,0.0,472.1441510835744,9988336.472068762,1449
9987962.63743889,0.0,471.16295795484905,9988433.800396845,1450
9988060.442165557,0.0,470.1839085498822,9988530.626074107,1451
9988157.73880973,0.0,469.20699792552625,9988626.945807656,1452
9988254.524145389,0.0,468.2322211486362,9988722.756366538,1453
9988350.79500843,0.0,467.25957329606916,9988818.054581726,1454
9988446.548296688,0.0,466.28904945468474,9988912.837346142,1455
9988541.780969914,0.0,465.3206447213448,9989007.101614635,1456
9988636.490049794,0.0,464.3543542029138,9989100.844403997,1457
9988730.672619935,0.0,463.3901730162583,9989194.062792951,1458
9988824.325825877,0.0,462.4280962882475,9989286.753922166,1459
9988917.44687508,0.0,461.4681191557527,9989378.914994236,1460
9989010.033036934,0.0,460.51023676564773,9989470.5432737,1461
9989102.081642758,0.0,459.5544442748089,9989561.636087032,1462
9989193.590085791,0.0,458.6007368501146,9989652.190822642,1463
9989284.555821208,0.0,457.6491096684458,9989742.204930877,1464
9989374.976366105,0.0,456.6995579166859,9989831.675924022,1465
9989464.849299503,0.0,455.75207679172036,9989920.601376295,1466
9989554.172262354,0.0,454.80666150043743,9990008.978923853,1467
9989642.942957537,0.0,453.8633072597274,9990096.806264797,1468
9989731.159149852,0.0,452.92200929648305,9990184.081159148,1469
9989818.818666033,0.0,451.9827628475996,9990270.80142888,1470
9989905.919394737,0.0,451.04556315997456,9990356.964957897,1471
9989992.459286548,0.0,450.1104054905078,9990442.569692038,1472
9990078.436353978,0.0,449.1772851061016,9990527.613639085,1473
9990163.848671464,0.0,448.24619728366054,9990612.094868748,1474
9990248.69437537,0.0,447.31713731009177,9990696.01151268,1475
9990332.971663987,0.0,446.39010048230455,9990779.36176447,1476
9990416.678797537,0.0,445.4650821072107,9990862.143879645,1477
9990499.81409816,0.0,444.54207750172435,9990944.356175663,1478
9990582.375949932,0.0,443.621081992762,9991025.997031925,1479
9990664.36279885,0.0,442.70209091724246,9991107.064889766,1480
9990745.773152836,0.0,441.7850996220871,9991187.558252458,1481
9990826.605581747,0.0,440.87010346421937,9991267.47568521,1482
9990906.85871736,0.0,439.9570978105654,9991346.81581517,1483
9990986.531253379,0.0,439.0460780380535,9991425.577331416,1484
9991065.621945437,0.0,438.13703953361437,9991503.75898497,1485
9991144.129611095,0.0,437.2299776941812,9991581.359588789,1486
9991222.053129839,0.0,436.32488792668937,9991658.378017765,1487
9991299.39144308,0.0,435.42176564807676,9991734.813208727,1488
9991376.143554157,0.0,434.5206062852836,9991810.664160442,1489
9991452.308528338,0.0,433.62140527525247,9991885.929933613,1490
9991527.885492815,0.0,432.72415806492836,9991960.60965088,1491
9991602.873636708,0.0,431.82886011125856,9992034.70249682,1492
9991677.272211062,0.0,430.93550688119285,9992108.207717942,1493
9991751.080528853,0.0,430.0440938516832,9992181.124622704,1494
9991824.29796498,0.0,429.15461650968416,9992253.452581491,1495
9991896.92395627,0.0,428.26707035215253,9992325.191026622,1496
9991968.958001476,0.0,427.38145088604745,9992396.339452362,1497
9992040.39966128,0.0,426.49775362833054,9992466.897414908,1498
9992111.248558287,0.0,425.6159741059657,9992536.864532392,1499
9992181.504377032,0.0,424.7361078559193,9992606.240484888,1500
9992251.166863974,0.0,423.8581504251599,9992675.025014399,1501
9992320.235827504,0.0,422.9820973706587,9992743.217924874,1502
9992388.711137936,0.0,422.10794425938906,9992810.819082195,1503
9992456.592727507,0.0,421.23568666832676,9992877.828414176,1504
9992523.880590387,0.0,420.36532018445,9992944.245910572,1505
9992590.574782671,0.0,419.4968404047393,9993010.071623076,1506
9992656.675422382,0.0,418.63024293617764,9993075.305665318,1507
9992722.182689464,0.0,417.76552339575017,9993139.94821286,1508
9992787.096825795,0.0,416.90267741044465,9993203.999503206,1509
9992851.418135177,0.0,416.0417006172511,9993267.459835794,1510
9992915.146983337,0.0,415.1825886631618,9993330.329572,1511
9992978.283797929,0.0,414.32533720517176,9993392.609135134,1512
9993040.829068538,0.0,413.4699419102779,9993454.299010448,1513
9993102.78334667,0.0,412.61639845547984,9993515.399745125,1514
9993164.147245763,0.0,411.76470252777943,9993575.91194829,1515
9993224.921441177,0.0,410.914849824181,9993635.836291,1516
9993285.106670203,0.0,410.0668360516911,9993695.173506254,1517
9993344.703732055,0.0,409.2206569273187,9993753.924388982,1518
9993403.713487877,0.0,408.3763081780753,9993812.089796055,1519
9993462.136860738,0.0,407.5337855409746,9993869.670646278,1520
9993519.974835634,0.0,406.69308476303263,9993926.667920398,1521
9993577.228459489,0.0,405.854201601268,9993983.08266109,1522
9993633.89884115,0.0,405.0171318227016,9994038.915972972,1523
9993689.987151396,0.0,404.18187120435647,9994094.1690226,1524
9993745.494622929,0.0,403.3484155332584,9994148.843038462,1525
9993800.42255038,0.0,402.51676060643524,9994202.939310987,1526
9993854.772290306,0.0,401.68690223091744,9994256.459192537,1527
9993908.54526119,0.0,400.8588362237377,9994309.404097414,1528
9993961.74294344,0.0,400.03255841193106,9994361.775501851,1529
9994014.366879396,0.0,399.20806463253507,9994413.574944029,1530
9994066.418673322,0.0,398.3853507325895,9994464.804024054,1531
9994117.899991406,0.0,397.56441256913655,9994515.464403976,1532
9994168.812561767,0.0,396.74524600922086,9994565.557807777,1533
9994219.158174451,0.0,395.9278469298893,9994615.08602138,1534
9994268.938681427,0.0,395.1122112181913,9994664.050892645,1535
9994318.155996593,0.0,394.2983347711785,9994712.454331364,1536
9994366.812095772,0.0,393.48621349590496,9994760.298309268,1537
9994414.90901672,0.0,392.67584330942714,9994807.584860029,1538
9994462.448859109,0.0,391.8672201388038,9994854.316079248,1539
9994509.433784546,0.0,391.0603399210962,9994900.494124467,1540
9994555.866016565,0.0,390.2551986033679,9994946.121215168,1541
9994601.747840622,0.0,389.4517921426847,9994991.199632766,1542
9994647.081604103,0.0,388.65011650611507,9995035.73172061,1543
9994691.869716318,0.0,387.85016767072955,9995079.71988399,1544
9994736.11464851,0.0,387.05194162360124,9995123.166590134,1545
9994779.818933839,0.0,386.25543436180556,9995166.074368201,1546
9994822.9851674,0.0,385.4606418924203,9995208.445809294,1547
9994865.616006214,0.0,384.6675602325256,9995250.283566447,1548
9994907.714169225,0.0,383.8761854092039,9995291.590354634,1549
9994949.282437304,0.0,383.0865134595403,9995332.368950764,1550
9994990.323653251,0.0,382.298540430622,9995372.622193681,1551
9995030.840721793,0.0,381.51226237953847,9995412.352984173,1552
9995070.836609583,0.0,380.727675373382,9995451.564284956,1553
9995110.3143452,0.0,379.9447754892468,9995490.25912069,1554
9995149.277019149,0.0,379.1635588142297,9995528.440577963,1555
9995187.727783866,0.0,378.38402144542977,9995566.111805312,1556
9995225.669853708,0.0,377.60615948994865,9995603.276013197,1557
9995263.106504966,0.0,376.82996906489007,9995639.93647403,1558
9995300.041075848,0.0,376.05544629736033,9995676.096522145,1559
9995336.476966498,0.0,375.28258732446807,9995711.759553824,1560
9995372.417638982,0.0,374.51138829332433,9995746.929027274,1561
9995407.866617294,0.0,373.74184536104235,9995781.608462656,1562
9995442.827487353,0.0,372.9739546947379,9995815.801442048,1563
9995477.30389701,0.0,372.20771247152925,9995849.511609482,1564
9995511.299556036,0.0,371.4431148785367,9995882.742670914,1565
9995544.818236131,0.0,370.6801581128831,9995915.498394243,1566
9995577.863770925,0.0,369.9188383816937,9995947.782609306,1567
9995610.440055972,0.0,369.1591519020962,9995979.599207874,1568
9995642.551048754,0.0,368.40109490122046,9996010.952143654,1569
9995674.200768676,0.0,367.64466361619884,9996041.845432293,1570
9995705.393297076,0.0,366.88985429416607,9996072.28315137,1571
9995736.132777214,0.0,366.1366631922592,9996102.269440407,1572
9995766.423414277,0.0,365.38508657761776,9996131.808500854,1573
9995796.269475384,0.0,364.6351207273835,9996160.90459611,1574
9995825.675289571,0.0,363.88676192870065,9996189.5620515,1575
9995854.645247813,0.0,363.14000647871575,9996217.785254292,1576
9995883.183803,0.0,362.3948506845778,9996245.578653684,1577
9995911.295469958,0.0,361.651290863438,9996272.946760822,1578
9995938.984825432,0.0,360.9093233424502,9996299.894148774,1579
9995966.256508103,0.0,360.16894445877034,9996326.425452562,1580
9995993.115218569,0.0,359.43015055955686,9996352.545369128,1581
9996019.56571936,0.0,358.6929380019707,9996378.258657362,1582
9996045.612834934,0.0,357.9573031531748,9996403.570138087,1583
9996071.26145167,0.0,357.2232423903348,9996428.484694062,1584
9996096.516517883,0.0,356.49075210061875,9996453.007269984,1585
9996121.383043803,0.0,355.7598286811967,9996477.142872484,1586
9996145.866101598,0.0,355.03046853924155,9996500.896570137,1587
9996169.970825357,0.0,354.3026680919282,9996524.27349345,1588
9996193.702411095,0.0,353.57642376643406,9996547.27883486,1589
9996217.066116758,0.0,352.8517319999389,9996569.917848758,1590
9996240.067262212,0.0,352.12858923962494,9996592.19585145,1591
9996262.711229257,0.0,351.4069919426766,9996614.1182212,1592
9996285.003461616,0.0,350.68693657628086,9996635.690398192,1593
9996306.94946494,0.0,349.9684196176269,9996656.917884557,1594
9996328.554806804,0.0,349.2514375539065,9996677.806244358,1595
9996349.825116716,0.0,348.53598688231347,9996698.361103598,1596
9996370.766086103,0.0,347.8220641100443,9996718.588150213,1597
9996391.383468326,0.0,347.1096657542978,9996738.493134081,1598
9996411.683078665,0.0,346.39878834227494,9996758.081867008,1599
9996431.670794336,0.0,345.6894284111794,9996777.360222748,1600
9996451.352554474,0.0,344.9815825082168,9996796.334136982,1601
9996470.734360144,0.0,344.27524719059556,9996815.009607334,1602
9996489.822274337,0.0,343.57041902552635,9996833.392693361,1603
9996508.622421972,0.0,342.867094590222,9996851.489516562,1604
9996527.140989894,0.0,342.1652704718979,9996869.306260366,1605
9996545.384226875,0.0,341.4649432677718,9996886.849170143,1606
9996563.358443612,0.0,340.76610958506376,9996904.124553198,1607
9996581.070012731,0.0,340.06876604099637,9996921.138778772,1608
9996598.525368785,0.0,339.37290926279434,9996937.898278048,1609
9996615.731008254,0.0,338.6785358876849,9996954.409544142,1610
9996632.69348954,0.0,337.9856425628977,9996970.679132104,1611
9996649.419432977,0.0,337.2942259456646,9996986.713658923,1612
9996665.915520826,0.0,336.60428270322006,9997002.51980353,1613
9996682.18849727,0.0,335.9158095128007,9997018.104306782,1614
9996698.245168423,0.0,335.22880306164564,9997033.473971484,1615
9996714.092402324,0.0,334.54326004699624,9997048.635662371,1616
9996729.73712894,0.0,333.8591771760963,9997063.596306115,1617
9996745.186340164,0.0,333.1765511661921,9997078.362891331,1618
9996760.447089816,0.0,332.4953787445322,9997092.94246856,1619
9996775.52649364,0.0,331.8156566483675,9997107.34215029,1620
9996790.431729313,0.0,331.13738162495133,9997121.569110937,1621
9996805.170036433,0.0,330.4605504315393,9997135.630586864,1622
9996819.748716526,0.0,329.7851598353895,9997149.533876361,1623
9996834.175133048,0.0,329.1112066137624,9997163.286339661,1624
9996848.456711378,0.0,328.43868755392066,9997176.895398932,1625
9996862.600938825,0.0,327.7675994531296,9997190.368538277,1626
9996876.615364619,0.0,327.0979391186566,9997203.713303737,1627
9996890.507599926,0.0,326.42970336777165,9997216.937303293,1628
9996904.285317827,0.0,325.76288902774706,9997230.048206855,1629
9996917.956253342,0.0,325.0974929358575,9997243.053746277,1630
9996931.52820341,0.0,324.43351193937985,9997255.961715348,1631
9996945.009026898,0.0,323.7709428955936,9997268.779969793,1632
9996958.406644601,0.0,323.10978267178047,9997281.516427273,1633
9996971.729039242,0.0,322.4500281452247,9997294.179067388,1634
9996984.984255468,0.0,321.79167620321266,9997306.775931671,1635
9996998.180399852,0.0,321.1347237430334,9997319.315123595,1636
9997011.325640898,0.0,320.479167671978,9997331.80480857,1637
9997024.428209035,0.0,319.8250049073402,9997344.253213942,1638
9997037.496396616,0.0,319.172232376416,9997356.668628993,1639
9997050.538557924,0.0,318.5208470165036,9997369.059404941,1640
9997063.563109167,0.0,317.87084577490396,9997381.433954941,1641
9997076.578528482,0.0,317.2222256089201,9997393.80075409,1642
9997089.593355931,0.0,316.57498348585744,9997406.168339416,1643
9997102.616193501,0.0,315.92911638302394,9997418.545309884,1644
9997115.655705111,0.0,315.2846212877298,9997430.940326398,1645
9997128.720616601,0.0,314.64149519728767,9997443.3621118,1646
9997141.819715742,0.0,313.99973511901237,9997455.81945086,1647
9997154.96185223,0.0,313.3593380702213,9997468.3211903,1648
9997168.155937688,0.0,312.72030107823434,9997480.876238767,1649
9997181.410945665,0.0,312.0826211803734,9997493.493566845,1650
9997194.735911636,0.0,311.4462954239629,9997506.18220706,1651
9997208.139933007,0.0,310.8113208663298,9997518.951253872,1652
9997221.632169107,0.0,310.1776945748033,9997531.809863681,1653
9997235.221841194,0.0,309.54541362671495,9997544.76725482,1654
9997248.918232448,0.0,308.9144751093986,9997557.832707558,1655
9997262.730687983,0.0,308.28487612019075,9997571.015564103,1656
9997276.668614835,0.0,307.6566137664299,9997584.325228602,1657
9997290.741481965,0.0,307.02968516545724,9997597.771167131,1658
9997304.958820269,0.0,306.40408744461615,9997611.362907713,1659
9997319.33022256,0.0,305.77981774125254,9997625.110040301,1660
9997333.865343586,0.0,305.15687320271445,9997639.022216788,1661
9997348.573900014,0.0,304.5352509863524,9997653.109151,1662
9997363.465670444,0.0,303.91494825951946,9997667.380618704,1663
9997378.5504954,0.0,303.2959621995709,9997681.846457599,1664
9997393.838277332,0.0,302.67828999386427,9997696.516567327,1665
9997409.33898062,0.0,302.06192883975973,9997711.400909461,1666
9997425.06263157,0.0,301.4468759446196,9997726.509507515,1667
9997441.019318411,0.0,300.83312852580866,9997741.852446936,1668
9997457.219191302,0.0,300.22068381069414,9997757.439875113,1669
9997473.672462327,0.0,299.6095390366455,9997773.282001365,1670
9997490.3894055,0.0,298.9996914510347,9997789.389096951,1671
9997507.380356759,0.0,298.391138311236,9997805.77149507,1672
9997524.655713968,0.0,297.7838768846259,9997822.439590853,1673
9997542.225936923,0.0,297.1779044485836,9997839.403841373,1674
9997560.101547338,0.0,296.57321829049044,9997856.674765628,1675
