subclone_1,subclone_2,subclone_3,total_tumor,days
21320.0,45651.0,33029.0,100000.0,1
21359.73846934955,45716.04865224956,32879.447254846025,99955.23437644515,2
21399.30692906733,45778.43292440486,32652.016956739633,99829.75681021182,3
21438.70397900296,45838.01377614017,32324.22667182264,99600.94442696575,4
21477.928336892957,45894.64629900515,31866.65890928566,99239.23354518377,5
21516.978871640906,45948.17918840159,31246.395133081594,98711.55319312408,6
21555.854606089593,45998.45465318966,30427.723285285614,97982.03254456486,7
21594.55463741551,46045.30802479165,29379.4913814561,97019.35404366326,8
21633.07839966862,46088.56837377672,28061.626033052187,95783.27280649752,9
21671.425579027895,46128.05804638257,26437.892747603724,94237.37637301418,10
21709.595727983888,46163.591141329714,24507.50588141042,92380.69275072403,11
21747.58826176419,46194.973495240265,22305.420441643662,90247.98219864813,12
21785.40245833344,46222.00268263793,19902.332086346534,87909.7372273179,13
21823.03747515038,46244.46781422758,17394.32075738792,85461.82604676588,14
21860.491635938906,46262.147894473645,14884.566884913482,83007.20641532603,15
21897.76247040108,46274.81203009613,12477.868874383355,80650.44337488056,16
21934.84729785158,46282.22003043831,10256.200033002247,78473.26736129212,17
21971.743235574486,46284.122411335076,8278.180288547452,76534.045935457,18
22008.447198823305,46280.26039511292,6579.076189368856,74867.78378330509,19
22044.955900820954,46270.36591058996,5170.800904388951,73486.12271579987,20
22081.265847921368,46254.161660713115,4032.9944583823385,72368.42196701682,21
22117.3737799484,46231.36219418095,3123.05827725941,71471.79425138875,22
22153.276699689406,46201.67390442769,2406.9102121370656,70761.86081625416,23
22188.97165621269,46164.79462186848,1850.024466933779,70203.79074501495,24
22224.455820705596,46120.413951405804,1418.7075097908726,69763.57728190227,25
22259.72664662996,46068.214113305374,1086.5246222282422,69414.46538216357,26
22294.781655083818,46007.8698297916,832.1629509644423,69134.81443583986,27
22329.61841073219,45939.04850348033,637.9127643337918,68906.5796785463,28
22364.2345678385,45861.410668510885,490.7730437577219,68716.41828010711,29
22398.627807628778,45774.61075812957,377.7934983207849,68551.03206407913,30
22432.795827261903,45678.29791602268,288.17623290686845,68399.26997619146,31
22466.736455876216,45572.116823698285,218.68646644882688,68257.53974602332,32
22500.44756933476,45455.70801169898,169.04456936107178,68125.20015039481,33
22533.92688831778,45328.70895765687,131.136269015598,67993.77211499024,34
22567.172206535954,45190.755907698025,101.22315972398955,67859.15127395796,35
22600.181351833875,45041.48511780028,77.72498554152287,67719.39145517569,36
22632.952170515226,44880.53327225985,60.4123120119338,67573.897754787,37
22665.48246453683,44707.53964166642,47.21832210484301,67420.2404283081,38
22697.77004672938,44522.147864169856,37.005704274214594,67256.92361517345,39
22729.812731002763,44324.0087309232,29.04552203398756,67082.86698395995,40
22761.608328597187,44112.78042351416,22.826158730868464,66897.21491084222,41
22793.154646582407,43888.13112827968,17.968894073213622,66699.2546689353,42
22824.44948716648,43649.74162583401,14.181612674401547,66488.37272567488,43
22855.490647286824,43397.308673402,11.230173591433383,66264.02949428026,44
22886.275918137315,43130.54620766172,8.91173125482531,66025.73385705386,45
22916.80308577573,42849.18773035994,7.077490866090979,65773.06830700177,46
22947.06993126642,42552.98954047958,5.633951846695336,65505.6934235927,47
22977.074229868573,42241.734737042665,4.498467333684924,65223.307434244925,48
23006.813751124417,41915.23488959039,3.599706178968891,64925.64834689378,49
23036.286259004875,41573.332344566916,2.8825900885689686,64612.50119366036,50
23065.48951201134,41215.9034799911,2.3129396291493682,64283.705931631586,51
23094.421262926557,40842.862995118754,1.8616798529976735,63939.14593789831,52
23123.079258843307,40454.166559096586,1.5029613775070665,63578.7487793174,53
23151.461241170993,40049.81115076801,1.2144957811561146,63202.48688772015,54
23179.564945688537,39629.839502201576,0.9822333673300956,62810.38668125744,55
23207.388102419172,39194.34204832756,0.7962668949703408,62402.526417641704,56
23234.9284356197,38743.4604782015,0.6474751485667635,61979.03638896976,57
23262.18366379188,38277.38843512935,0.5277751634045148,61540.09987408463,58
23289.15149967095,37796.371996231435,0.4304294476949964,61085.95392535008,59
23315.829650105654,37300.71308718897,0.3514687047168893,60616.894205999335,60
23342.215816019438,36790.769720180564,0.28768297921183356,60133.27321917922,61
23368.307692431797,36266.9561235863,0.2361492042678034,59635.49996522236,62
23394.102968458017,35729.74280848451,0.19427289600134545,59124.04004983853,63
23419.59932729291,35179.65617906541,0.1599124230942129,58599.41541878141,64
23444.794446062246,34617.278376399496,0.1318156125175981,58062.20463807426,65
23469.685995886306,34043.24544435802,0.1088907763294913,57513.04033102065,66
23494.2716419699,33458.24333719646,0.0901594692722744,56952.60513863563,67
23518.549043603354,32863.007753682316,0.07477358173879008,56381.63157086741,68
23542.515854200257,32258.32091109888,0.06207627638855635,55800.89884157552,69
23566.169721237253,31645.00905139739,0.05162268353248173,55211.23039531817,70
23589.50828654672,31023.935309782733,0.0430189623202387,54613.486615291775,71
23612.52918646644,30395.995175093296,0.03592031510078047,54008.56028187484,72
23635.23005187838,29762.11571321121,0.03004965080419964,53397.37581474039,73
23657.608508500554,29123.247128879455,0.02528512592724211,52780.88092250594,74
23679.66217663122,28480.36423112564,0.021258607103179502,52160.047666363964,75
23701.388672178364,27834.449561345973,0.017705038298884937,51535.855938562636,76
23722.785606864258,27186.489829071215,0.014556296942090999,50909.289992232414,77
23743.850588225476,26537.475911966703,0.011941193921389683,50281.338441386106,78
23764.58121982533,25888.39981484942,0.009905869865561705,49652.99094054462,79
23784.97510206788,25240.239942134463,0.007945191119206378,49025.222989393464,80
23805.02983228623,24593.96192629679,0.006551827736538028,48398.99831041075,81
23824.74300600171,23950.506494468165,0.005951352147965037,47775.25545182202,82
23844.112217023598,23310.788295000664,0.0059690989242445975,47154.90648112319,83
23863.135057505202,22675.695538073287,0.0,46538.83059557849,84
23881.80911911514,22046.080881624017,0.0,45927.89000073916,85
23900.131993300394,21422.758234446057,0.0,45322.89022774645,86
23918.1012726418,20806.498095734336,0.0,44724.59936837613,87
23935.714551257886,20198.025534056407,0.0,44133.74008531429,88
23952.969467704206,19598.130395449312,0.0,43551.09986315352,89
23969.863975116914,19008.360326455986,0.0,42978.224301572904,90
23986.395648917052,18429.231551910627,0.0,42415.62720082768,91
24002.561977394816,17860.966944759966,0.0,41863.52892215479,92
24018.36046911001,17303.771496150872,0.0,41322.13196526088,93
24033.78865289207,16757.83231543034,0.0,40791.620968322415,94
24048.844077840047,16223.318630145495,0.0,40272.16270798554,95
24063.52431332261,15700.381786043596,0.0,39763.906099366206,96
24077.826948978065,15189.155247072027,0.0,39266.98219605009,97
24091.749594714325,14689.754595378306,0.0,38781.50419009263,98
24105.28988070893,14202.277531310081,0.0,38307.56741201901,99
24118.44545740904,13726.803873415127,0.0,37845.24933082417,100
24131.213995531445,13263.395558441352,0.0,37394.6095539728,101
24143.59318606254,12812.096641336797,0.0,36955.689827399336,102
24155.580740258356,12372.933295249628,0.0,36528.514035507986,103
24167.17438964454,11945.913811528142,0.0,36113.08820117268,104
24178.37188601636,11531.02859972077,0.0,35709.40048573713,105
24189.171001438714,11128.250187576072,0.0,35317.421189014785,106
24199.56952824611,10737.533221042733,0.0,34937.10274928884,107
24209.565279042683,10358.814464269575,0.0,34568.37974331226,108
24219.15608670219,9992.01279960555,0.0,34211.16888630774,109
24228.33980436801,9637.029227599734,0.0,33865.36903196774,110
24237.114305453142,9293.746867001339,0.0,33530.86117245448,111
24245.477483640203,8962.030954759708,0.0,33207.50843839991,112
24253.427252881444,8641.728846024307,0.0,32895.15609890575,113
24260.961547398725,8332.670014144738,0.0,32593.631561543465,114
24268.078321683537,8034.666050670738,0.0,32302.744372354275,115
24274.77555049698,7747.510665352163,0.0,32022.28621584914,116
24281.05122886979,7470.97968613901,0.0,31752.0309150088,117
24286.90337210232,7204.8310591813915,0.0,31491.73443128371,118
24292.330015764535,6948.804848829577,0.0,31241.13486459411,119
24297.329215696038,6702.62323763393,0.0,30999.95245332997,120
24301.899048006042,6465.990526344975,0.0,30767.889574351015,121
24306.037609073384,6238.593133913353,0.0,30544.630742986737,122
24309.743015546526,6020.099597489836,0.0,30329.842613036362,123
24313.013404343554,5810.160572425331,0.0,30123.173976768885,124
24315.84693265216,5608.40883227087,0.0,29924.25576492303,125
24318.241777929677,5414.459268777615,0.0,29732.70104670729,126
24320.19613790305,5227.908891896868,0.0,29548.105029799917,127
24321.708230568845,5048.336829780041,0.0,29370.045060348886,128
24322.776294193256,4875.304328778706,0.0,29198.08062297196,129
24323.398587312095,4708.3547534445315,0.0,29031.753340756626,130
24323.573388730787,4547.0135865293505,0.0,28870.586975260136,131
24323.299241821627,4391.376948748346,0.0,28714.676190569975,132
24322.57478297614,4241.747859539083,0.0,28564.32264251522,133
24321.398450338205,4097.88856005314,0.0,28419.287010391345,134
24319.768725516667,3959.5686003887513,0.0,28279.33732590542,135
24317.684133678915,3826.5650591815975,0.0,28144.249192860512,136
24315.143243550876,3698.662543604803,0.0,28013.805787155678,137
24312.144667417037,3575.65318936894,0.0,27887.797856785975,138
24308.687061120418,3457.336660722027,0.0,27766.023721842445,139
24304.76912406259,3343.5201504495244,0.0,27648.289274512113,140
24300.389599203674,3234.018379874344,0.0,27534.40797907802,141
24295.547273062326,3128.6535988568394,0.0,27424.200871919165,142
24290.24097571576,3027.255585794812,0.0,27317.49656151057,143
24284.469580799723,2929.661647623507,0.0,27214.13122842323,144
24278.232005508522,2835.7166198156183,0.0,27113.94862532414,145
24271.527210595003,2745.272866381284,0.0,27016.800076976288,146
24264.354200370555,2658.1902798680867,0.0,26922.54448023864,147
24256.712022705113,2574.3362813610574,0.0,26831.04830406617,148
24248.599769027165,2493.585820482672,0.0,26742.185589509838,149
24240.016574323738,2415.821375392851,0.0,26655.837949716588,150
24230.96161714041,2340.932952788963,0.0,26571.894569929373,151
24221.434119581296,2268.818087905821,0.0,26490.252207487116,152
24211.433347309066,2199.381844515682,0.0,26410.81519182475,153
24200.958609544934,2132.5368149282535,0.0,26333.49542447319,154
24190.009259068658,2068.2031199906846,0.0,26258.212379059343,155
24178.58469221854,2006.3084090875727,0.0,26184.893101306116,156
24166.68434889143,1946.7878601409598,0.0,26113.472209032392,157
24154.30771254273,1889.584179610334,0.0,26043.891892153064,158
24141.45431039007,1834.6473398976148,0.0,25976.101650287685,159
24128.12382175896,1781.7922865935257,0.0,25909.916108352485,160
24114.315969769305,1730.8365680463041,0.0,25845.152537815608,161
24100.03044964267,1681.7082833821637,0.0,25781.73873302483,162
24085.267015379053,1634.3375927785169,0.0,25719.60460815757,163
24070.025479756885,1588.6567174639754,0.0,25658.68219722086,164
24054.305714333022,1544.5999397183507,0.0,25598.905654051374,165
24038.10764944275,1502.103602872653,0.0,25540.211252315403,166
24021.431274199786,1461.1061113090923,0.0,25482.537385508876,167
24004.27663649627,1421.5479304610778,0.0,25425.824566957348,168
23986.64384300278,1383.3715868132183,0.0,25370.015429815998,169
23968.533059168323,1346.5216679013213,0.0,25315.054727069644,170
23949.94450922032,1310.944822312394,0.0,25260.889331532715,171
23930.87847616464,1276.589759684644,0.0,25207.468235849283,172
23911.335301785566,1243.4072507074757,0.0,25154.74255249304,173
23891.315386645827,1211.3501271214955,0.0,25102.665513767322,174
23870.81919008656,1180.3732817185073,0.0,25051.19247180507,175
23849.84723022735,1150.4336683415154,0.0,25000.280898568868,176
23828.4000839662,1121.490301884723,0.0,24949.890385850922,177
23806.478386979546,1093.504258293533,0.0,24899.982645273078,178
23784.082833722252,1066.4386745645468,0.0,24850.521508286798,179
23761.214177427613,1040.258748745566,0.0,24801.47292617318,180
23737.87323010735,1014.931739935591,0.0,24752.80497004294,181
23714.060862551614,990.4269682848222,0.0,24704.487830836435,182
23689.77800432899,966.7158149946586,0.0,24656.49381932365,183
23665.02564378648,943.7717223176987,0.0,24608.79736610418,184
23639.80482804953,921.570193557741,0.0,24561.375021607273,185
23614.116663022007,900.0887930697825,0.0,24514.20545609179,186
23587.962312586333,879.3069001668152,0.0,24467.269212753148,187
23561.34293673635,859.1816802424381,0.0,24420.524616978786,188
23534.259825755304,839.6775174593062,0.0,24373.93734321461,189
23506.714389906887,820.7745636245937,0.0,24327.48895353148,190
23478.708099675576,802.4534103886803,0.0,24281.161510064256,191
23450.24248576664,784.6950892451498,0.0,24234.93757501179,192
23421.31913910613,767.4810715307913,0.0,24188.80021063692,193
23391.939710840878,750.7932684255984,0.0,24142.732979266475,194
23362.105912338517,734.6140309527697,0.0,24096.719943291286,195
23331.81951518745,718.9261499787085,0.0,24050.74566516616,196
23301.082351196885,703.7128562130231,0.0,24004.79520740991,197
23269.896312396802,688.9578202085264,0.0,23958.854132605327,198
23238.263351037975,674.6451523612361,0.0,23912.908503399212,199
23206.18547959196,660.759402910375,0.0,23866.944882502336,200
23173.664770751104,647.2855619383704,0.0,23820.950332689474,201
23140.703357428538,634.2090593708544,0.0,23774.912416799394,202
23107.303432758184,621.5157649766644,0.0,23728.81919773485,203
23073.467250094745,609.191988367842,0.0,23682.659238462587,204
23039.197123013713,597.2244789996339,0.0,23636.421602013346,205
23004.49542531137,585.6004261704917,0.0,23590.09585148186,206
22969.364591004778,574.3074590220715,0.0,23543.67205002685,207
22933.807114331794,563.3336465392347,0.0,23497.14076087103,208
22897.82554975105,552.6674975500468,0.0,23450.493047301097,209
22861.42251194198,542.2979607257789,0.0,23403.72047266776,210
22824.60067580479,532.2144245809066,0.0,23356.8151003857,211
22787.362776460483,522.4067174731099,0.0,23309.769493933592,212
22749.711609250848,512.8651076032743,0.0,23262.57671685412,213
22711.650029738452,503.5803030154896,0.0,23215.23033275394,214
22673.180953706655,494.5434515970507,0.0,23167.724405303707,215
22634.307357159607,485.74614107845713,0.0,23120.053498238063,216
22595.03227632224,477.1803990334135,0.0,23072.21267535565,217
22555.35880764027,468.8386928788289,0.0,23024.197500519098,218
22515.29010778021,460.71392987481744,0.0,22976.004037655028,219
22474.829393629345,452.79945712469794,0.0,22927.62885075404,220
22433.979942295762,445.08906157499405,0.0,22879.069003870754,221
22392.745091108325,437.57697001543426,0.0,22830.32206112376,222
22351.12823761669,430.25784907895223,0.0,22781.386086695642,223
22309.132839591293,423.1268052416857,0.0,22732.25964483298,224
22266.76241502336,416.1793848229775,0.0,22682.94179984634,225
22224.02054212491,409.41157398537575,0.0,22633.432116110285,226
22180.91085932874,402.8197987346328,0.0,22583.73065806337,227
22137.43706528843,396.40092491970614,0.0,22533.83799020814,228
22093.602822591383,390.15146880076225,0.0,22483.754291392146,229
22049.41044748659,384.05574195410736,0.0,22433.466189440696,230
22004.863517538357,378.1057737284653,0.0,22382.96929126682,231
21959.966217183442,372.29813520023146,0.0,22332.264352383674,232
21914.72274963815,366.62944825688237,0.0,22281.35219789503,233
21869.13733689835,361.0963855969754,0.0,22230.233722495326,234
21823.214219739486,355.69567073014883,0.0,22178.909890469637,235
21776.95765771655,350.42407797712195,0.0,22127.38173569367,236
21730.37192916411,345.27843246969485,0.0,22075.650361633805,237
21683.46133119629,340.2556101507486,0.0,22023.716941347036,238
21636.230179706774,335.3525377742452,0.0,21971.58271748102,239
21588.68280936882,330.5661929052275,0.0,21919.249002274046,240
21540.82357363524,325.8936039198194,0.0,21866.71717755506,241
21492.656844738412,321.3318500052255,0.0,21813.98869474364,242
21444.18701369028,316.87806115973154,0.0,21761.065074850012,243
21395.418490282344,312.52941819270416,0.0,21707.94790847505,244
21346.355703085675,308.2831527245907,0.0,21654.638855810266,245
21297.003099450903,304.13654718691964,0.0,21601.139646637825,246
21247.365145508218,300.08693482230035,0.0,21547.452080330517,247
21197.446326167385,296.1316996844231,0.0,21493.578025851806,248
21147.251145117716,292.26827663805886,0.0,21439.519421755776,249
21096.7841248281,288.49415135905997,0.0,21385.27827618716,250
21046.049806546976,284.80686033435927,0.0,21330.856666881336,251
20995.052750302362,281.20399086197074,0.0,21276.256741164332,252
20943.797534901827,277.6831810509892,0.0,21221.480715952817,253
20892.288757932507,274.24211982159045,0.0,21166.530877754096,254
20840.5310357611,270.87854690503116,0.0,21111.409582666132,255
20788.52900353387,267.5902528436489,0.0,21056.11925637752,256
20736.28731517664,264.3750789908621,0.0,21000.662394167502,257
20683.8106433948,261.23091751117045,0.0,20945.04156090597,258
20631.1036796733,258.155711380154,0.0,20889.259391053452,259
20578.171134276654,255.14745438447426,0.0,20833.318588661128,260
20525.017736248945,252.20419112187332,0.0,20777.221927370818,261
20471.64823341381,249.32401700117427,0.0,20720.972250414983,262
20418.06739237445,246.5050782422812,0.0,20664.57247061673,263
20364.279998513637,243.74557187617899,0.0,20608.025570389815,264
20310.2908559937,241.04374574493355,0.0,20551.334601738632,265
20256.10478775653,238.3978985016917,0.0,20494.50268625822,266
20201.726635523588,235.80637961068106,0.0,20437.533015134268,267
20147.16125979589,233.2675893472103,0.0,20380.4288491431,268
20092.41353985402,230.77997879766897,0.0,20323.19351865169,269
20037.488373758126,228.34204985952752,0.0,20265.830423617652,270
19982.390678347914,225.95235524133733,0.0,20208.34303358925,271
19927.12538924266,223.6094984627307,0.0,20150.734887705392,272
19871.6974608412,221.31213385442084,0.0,20093.00959469562,273
19816.111866321924,219.0589665582019,0.0,20035.170832880125,274
19760.373597642803,216.8487525269489,0.0,19977.22235016975,275
19704.487665541357,214.6802985246179,0.0,19919.167964065975,276
19648.459099534677,212.5524621262457,0.0,19861.011561660922,277
19592.29294791941,210.46415171795007,0.0,19802.75709963736,278
19535.994277771777,208.41432649692985,0.0,19744.40860426871,279
19479.568174947548,206.40199647146468,0.0,19685.970171419012,280
19423.01974408207,204.42622246091508,0.0,19627.445966542986,281
19366.35410859024,202.48611609572256,0.0,19568.840224685962,282
19309.57641066653,200.5808398174095,0.0,19510.15725048394,283
19252.69181128497,198.70960687857922,0.0,19451.40141816355,284
19195.70549019915,196.87168134291605,0.0,19392.577171542067,285
19138.622519469645,195.0662684906467,0.0,19333.68878796029,286
19081.4446540189,193.28982434327486,0.0,19274.734478362174,287
19024.17558003406,191.54075053672244,0.0,19215.716330570784,288
18966.82051509591,189.81884792084608,0.0,19156.63936301676,289
18909.384633197547,188.12391493838336,0.0,19097.50854813593,290
18851.873064744417,186.45574762495275,0.0,19038.32881236937,291
18794.290896554292,184.81413960905368,0.0,18979.105036163346,292
18736.643171857286,183.1988821120664,0.0,18919.84205396935,293
18678.93489029584,181.6097639482522,0.0,18860.54465424409,294
18621.171007924746,180.04657152475318,0.0,18801.217579449498,295
18563.35643721111,178.50908884159242,0.0,18741.8655260527,296
18505.496047034387,176.99709749167386,0.0,18682.49314452606,297
18447.594662686362,175.5103766607824,0.0,18623.105039347145,298
18389.657065871157,174.04870312758385,0.0,18563.70576899874,299
18331.68799470523,172.61185126362489,0.0,18504.299845968853,300
18273.69214371737,171.19959303333317,0.0,18444.891736750702,301
18215.6741638487,169.8116979940172,0.0,18385.485861842717,302
18157.63866245269,168.44793329586648,0.0,18326.086595748555,303
18099.590203295124,167.10806368195136,0.0,18266.698266977073,304
18041.53330655414,165.7918514882231,0.0,18207.325158042364,305
17983.47244882021,164.4990566435139,0.0,18147.971505463724,306
17925.412063096122,163.2294366695369,0.0,18088.64149976566,307
17867.356538797023,161.9827466808861,0.0,18029.33928547791,308
17809.310221750377,160.75873938503645,0.0,17970.068961135414,309
17751.277414195993,159.5571650823438,0.0,17910.834579278337,310
17693.262374786013,158.3777716660449,0.0,17851.640146452057,311
17635.269318584906,157.2203046222575,0.0,17792.489623207162,312
17577.302417069495,156.0845070299801,0.0,17733.386924099475,313
17519.365798128914,154.97011956109228,0.0,17674.335917690005,314
17461.463546064653,153.8768804803544,0.0,17615.340426545008,315
17403.599701590523,152.80452564540786,0.0,17556.40422723593,316
17345.77826183268,151.75278850677492,0.0,17497.531050339454,317
17288.0031803296,150.7214001078587,0.0,17438.724580437458,318
17230.27836703211,149.71008908494332,0.0,17379.988456117055,319
17172.60768830337,148.71858166719375,0.0,17321.326269970566,320
17114.994966918865,147.74660167665587,0.0,17262.74156859552,321
17057.443982066423,146.79387052825658,0.0,17204.23785259468,322
16999.958469346206,145.86010722980356,0.0,17145.81857657601,323
16942.542120770704,144.94502838198548,0.0,17087.48714915269,324
16885.198584764756,144.04834817837192,0.0,17029.246932943126,325
16827.931466165523,143.16977840541335,0.0,16971.101244570935,326
16770.744326222506,142.30902844244116,0.0,16913.053354664946,327
16713.640682597543,141.46580526166764,0.0,16855.10648785921,328
16656.6240093648,140.63981342818607,0.0,16797.263822792986,329
16599.69773701079,139.83075509997056,0.0,16739.52849211076,330
16542.86525243435,139.03833002787616,0.0,16681.903582462226,331
16486.129898946652,138.2622355556388,0.0,16624.39213450229,332
16429.494976271213,137.50216661987542,0.0,16566.997142891087,333
16372.963740543873,136.7578157500838,0.0,16509.721556293956,334
16316.539404312818,136.02887306864264,0.0,16452.568277381462,335
16260.225136538564,135.31502629081155,0.0,16395.540162829377,336
16204.024062593957,134.61596072473108,0.0,16338.640023318689,337
16147.939264264183,133.93135927142268,0.0,16281.870623535606,338
16091.973779746766,133.2609024247887,0.0,16225.234682171555,339
16036.130603651562,132.60426827161245,0.0,16168.734871923174,340
15980.412687000759,131.96113249155815,0.0,16112.373819492317,341
15924.822937228882,131.33116835717084,0.0,16056.154105586053,342
15869.364218182795,130.71404673387661,0.0,16000.07826491667,343
15814.039350121691,130.10943607998232,0.0,15944.148786201673,344
15758.851109717101,129.51700244667586,0.0,15888.368112163776,345
15703.802230052892,128.936409478026,0.0,15832.738639530919,346
15648.895400625262,128.36731841098242,0.0,15777.262719036245,347
15594.13326734275,127.80938807537572,0.0,15721.942655418125,348
15539.518432526223,127.26227489391742,0.0,15666.780707420141,349
15485.053454908888,126.72563288219989,0.0,15611.779087791088,350
15430.740849636288,126.19911364869654,0.0,15556.939963284984,351
15376.583088266296,125.68236639476154,0.0,15502.265454661057,352
15322.58259876912,125.17503791463011,0.0,15447.757636683751,353
15268.741765527311,124.67677259541834,0.0,15393.418538122729,354
15215.062929335747,124.18721241712318,0.0,15339.25014175287,355
15161.548387401643,123.70599695262256,0.0,15285.254384354264,356
15108.200393344549,123.23276336767529,0.0,15231.433156712224,357
15055.021157196352,122.76714642092112,0.0,15177.788303617273,358
15002.01284540127,122.3087784638807,0.0,15124.321623865151,359
14949.177580815864,121.8572894409556,0.0,15071.034870256819,360
14896.517442709017,121.41230688942827,0.0,15017.929749598445,361
14844.034466761961,120.97345593946214,0.0,14965.007922701423,362
14791.730645068252,120.5403593141015,0.0,14912.271004382354,363
14739.607926133787,120.11263732927155,0.0,14859.720563463059,364
14687.668214876794,119.68990789377847,0.0,14807.358122770573,365
14635.913372627841,119.27178650930928,0.0,14755.18515913715,366
14584.34521712983,118.85788627043196,0.0,14703.203103400263,367
14532.965522537994,118.44781786459536,0.0,14651.413340402589,368
14481.776019419904,118.04118957212933,0.0,14599.817208992034,369
14430.778394755464,117.63760726624452,0.0,14548.416002021708,370
14379.974291936915,117.23667441303259,0.0,14497.210966349947,371
14329.365310768833,116.83799207146602,0.0,14446.203302840298,372
14278.953007468128,116.44115889339834,0.0,14395.394166361526,373
14228.738894664046,116.04577112356385,0.0,14344.784665787609,374
14178.724441398164,115.65142259957784,0.0,14294.375863997742,375
14128.911073124402,115.25770475193652,0.0,14244.168777876339,376
14079.300171709006,114.86420660401699,0.0,14194.164378313024,377
14029.893075430566,114.47051477207727,0.0,14144.363590202644,378
13980.691078979997,114.0762134652563,0.0,14094.767292445253,379
13931.695433460558,113.68088448557394,0.0,14045.376317946131,380
13882.907346387836,113.2841072279309,0.0,13996.191453615767,381
13834.32798168976,112.8854586801089,0.0,13947.213440369867,382
13785.958459706586,112.48451342277058,0.0,13898.442973129357,383
13737.799927542972,112.08239717427607,0.0,13849.882324717248,384
13689.853523807667,111.68449959724529,0.0,13801.538023404913,385
13642.119945325801,111.29128971165774,0.0,13753.41123503746,386
13594.59983774473,110.90273073049876,0.0,13705.502568475229,387
13547.293826590321,110.51878580373014,0.0,13657.812612394051,388
13500.202517266955,110.13941801828999,0.0,13610.341935285245,389
13453.326495057529,109.76459039809284,0.0,13563.09108545562,390
13406.66632512345,109.39426590402955,0.0,13516.060591027479,391
13360.222552504638,109.02840743396742,0.0,13469.250959938605,392
13313.995702119531,108.66697782275006,0.0,13422.662679942281,393
13267.986278765076,108.3099398421975,0.0,13376.296218607275,394
13222.194767116735,107.95725620110612,0.0,13330.15202331784,395
13176.621631728478,107.60888954524872,0.0,13284.230521273726,396
13131.267317032796,107.2648024573744,0.0,13238.53211949017,397
13086.13224734069,106.92495745720873,0.0,13193.0572047979,398
13041.216826841674,106.58931700145358,0.0,13147.806143843127,399
12996.521439603772,106.25784348378724,0.0,13102.779283087559,400
12952.046449573525,105.93049923486436,0.0,13057.97694880839,401
12907.79220057599,105.60724652231596,0.0,13013.399447098305,402
12863.75901631473,105.28804755074947,0.0,12969.04706386548,403
12819.947200371827,104.97286446174866,0.0,12924.920064833575,404
12776.357036207875,104.66165933387367,0.0,12881.018695541748,405
12732.988787161978,104.35439418266108,0.0,12837.343181344639,406
12689.842696451755,104.05103096062376,0.0,12793.893727412378,407
12646.91898717334,103.75153155725104,0.0,12750.67051873059,408
12604.217862301379,103.45585779900856,0.0,12707.673720100387,409
12561.739504689032,103.16397144933836,0.0,12664.90347613837,410
12519.48407706797,102.87583420865889,0.0,12622.359911276628,411
12477.451722048378,102.5914077143649,0.0,12580.043129762742,412
12435.642562118956,102.31065354082762,0.0,12537.953215659783,413
12394.056699646913,102.03353319939455,0.0,12496.090232846307,414
12352.694216877979,101.76000813838965,0.0,12454.454225016369,415
12311.555175936388,101.4900397431132,0.0,12413.045215679502,416
12270.639618824895,101.22358933584191,0.0,12371.863208160736,417
12229.947567424762,100.9606181758288,0.0,12330.90818560059,418
12189.479023495767,100.70108745930332,0.0,12290.18011095507,419
12149.233968676202,100.4449583194713,0.0,12249.678926995673,420
12109.212364482872,100.1921918265149,0.0,12209.404556309386,421
12069.414152311094,99.9427489875927,0.0,12169.356901298686,422
12029.839253434697,99.69659074683962,0.0,12129.535844181537,423
11990.487569006025,99.453677985367,0.0,12089.941246991391,424
11951.35898005594,99.21397152126252,0.0,12050.572951577204,425
11912.453347493807,98.97743210959024,0.0,12011.430779603397,426
11873.77051210751,98.74402044239064,0.0,11972.514532549902,427
11835.31029456345,98.51369714868052,0.0,11933.82399171213,428
11797.07249540653,98.28642279445307,0.0,11895.358918200984,429
11759.056895060177,98.0621578826779,0.0,11857.119052942855,430
11721.26325382633,97.84086285330093,0.0,11819.104116679631,431
11683.691311885434,97.62249808324452,0.0,11781.313809968678,432
11646.340789296453,97.40702388640736,0.0,11743.747813182861,433
11609.211385996865,97.19440051366453,0.0,11706.40578651053,434
11572.302781802657,96.9845881528675,0.0,11669.287369955524,435
11535.614636408329,96.7775469288441,0.0,11632.392183337173,436
11499.146589386903,96.57323690339855,0.0,11595.719826290302,437
11462.8982601899,96.37161807531143,0.0,11559.269878265211,438
11426.86924814737,96.17265038033973,0.0,11523.04189852771,439
11391.05913246786,95.97629369121677,0.0,11487.035426159078,440
11355.467472238444,95.78250781765229,0.0,11451.249980056096,441
11320.093806424702,95.59125250633235,0.0,11415.685058931034,442
11284.93765387073,95.40248744091947,0.0,11380.340141311648,443
11249.998513299131,95.21617224205248,0.0,11345.214685541185,444
11215.275863311032,95.0322664673466,0.0,11310.308129778377,445
11180.769162386063,94.85072961139345,0.0,11275.619891997456,446
11146.477848882374,94.67152110576099,0.0,11241.149369988136,447
11112.401341036626,94.49460031899359,0.0,11206.89594135562,448
11078.53903696399,94.31992655661199,0.0,11172.858963520603,449
11044.890314658156,94.1474590611133,0.0,11139.037773719268,450
11011.454531991323,93.97715701197097,0.0,11105.431689003293,451
10978.231026714206,93.80897952563492,0.0,11072.04000623984,452
10945.21911645603,93.64288565553136,0.0,11038.862002111562,453
10912.418098724535,93.47883439206292,0.0,11005.896933116597,454
10879.827250905975,93.31678466260857,0.0,10973.144035568585,455
10847.445830265116,93.15669533152371,0.0,10940.60252559664,456
10815.273073945236,92.99852520014007,0.0,10908.271599145377,457
10783.30819896813,92.84223300676577,0.0,10876.150431974896,458
10751.550402234105,92.68777742668533,0.0,10844.23817966079,459
10719.998860521977,92.53511707215961,0.0,10812.533977594136,460
10688.652730489077,92.38421049242586,0.0,10781.036940981503,461
10657.511148671258,92.23501617369773,0.0,10749.746164844955,462
10626.57323148287,92.08749253916523,0.0,10718.660724022035,463
10595.838075216789,91.94159794899471,0.0,10687.779673165784,464
10565.3047560444,91.79729070032896,0.0,10657.102046744729,465
10534.972330015602,91.6545290272871,0.0,10626.62685904289,466
10504.839833058806,91.51327110096466,0.0,10596.35310415977,467
10474.906280980935,91.37347502943354,0.0,10566.279756010368,468
10445.170669467429,91.23509885774196,0.0,10536.40576832517,469
10415.631974082236,91.09810056791461,0.0,10506.730074650151,470
10386.289150267825,90.96243807895252,0.0,10477.251588346777,471
10357.141133345172,90.82806924683302,0.0,10447.969202592005,472
10328.186838513766,90.69495186450996,0.0,10418.881790378276,473
10299.425160851612,90.56304366191345,0.0,10389.988204513525,474
10270.854975315227,90.43230230595003,0.0,10361.287277621177,475
10242.47513673964,90.30268540050258,0.0,10332.777822140142,476
10214.284479838398,90.17415048643042,0.0,10304.458630324829,477
10186.281819203556,90.04665504156918,0.0,10276.328474245125,478
10158.46594930568,89.92015648073091,0.0,10248.386105786412,479
10130.83564449386,89.79461215570402,0.0,10220.630256649563,480
10103.389658995688,89.66997935525328,0.0,10193.05963835094,481
10076.126726917275,89.54621530511984,0.0,10165.672942222394,482
10049.045562243242,89.4232771680213,0.0,10138.468839411264,483
10022.144858836726,89.30112204365153,0.0,10111.445980880377,484
9995.423290439378,89.17970696868083,0.0,10084.602997408057,485
9968.879510671359,89.05898891675591,0.0,10057.938499588116,486
9942.51215303134,88.93892479849976,0.0,10031.45107782984,487
9916.319830896518,88.81947146151182,0.0,10005.13930235803,488
9890.305055644874,88.70084365930524,0.0,9979.00589930418,489
9864.47181152296,88.58335939716632,0.0,9953.055170920126,490
9838.81910521076,88.46701219418856,0.0,9927.286117404949,491
9813.345924366085,88.35179404989795,0.0,9901.697718415984,492
9788.051260768008,88.23769696038508,0.0,9876.288957728393,493
9762.934110316859,88.12471291830501,0.0,9851.058823235164,494
9737.993473034225,88.01283391287731,0.0,9826.006306947102,495
9713.22835306295,87.90205192988607,0.0,9801.130404992837,496
9688.637758667139,87.79235895167987,0.0,9776.430117618818,497
9664.220702232149,87.68374695717185,0.0,9751.90444918932,498
9639.976200264602,87.57620792183963,0.0,9727.552408186442,499
9615.90327339237,87.46973381772531,0.0,9703.373007210095,500
9592.000946364591,87.36431661343556,0.0,9679.365262978026,501
9568.268248051652,87.25994827414154,0.0,9655.528196325793,502
9544.704211445205,87.15662076157889,0.0,9631.860832206785,503
9521.30787365816,87.05432603404782,0.0,9608.362199692207,504
9498.078275924674,86.953056046413,0.0,9585.031331971088,505
9475.014463600175,86.85280275010362,0.0,9561.867266350278,506
9452.115486161343,86.75355809311343,0.0,9538.869044254456,507
9429.380397206114,86.65531402000062,0.0,9516.035711226115,508
9406.808254453686,86.55806247188792,0.0,9493.366316925574,509
9384.39811974451,86.46179538646261,0.0,9470.859915130972,510
9362.149059040301,86.36650469797642,0.0,9448.515563738278,511
9340.060142424025,86.27218233724564,0.0,9426.33232476127,512
9318.130444099908,86.17882023165102,0.0,9404.30926433156,513
9296.359042393437,86.08641030513787,0.0,9382.445452698574,514
9274.745019751354,85.994944478216,0.0,9360.73996422957,515
9253.287462741659,85.90441466795971,0.0,9339.191877409618,516
9231.985462053608,85.81481278800783,0.0,9317.800274841617,517
9210.838112497719,85.72613074856369,0.0,9296.564243246283,518
9189.844513005764,85.63836045639515,0.0,9275.482873462159,519
9169.003766630774,85.55149381483456,0.0,9254.55526044561,520
9148.314980547038,85.4655227237788,0.0,9233.780503270817,521
9127.777266050105,85.38043907968924,0.0,9213.157705129794,522
9107.389738556774,85.29623477559178,0.0,9192.685973332365,523
9087.151517605113,85.21290170107683,0.0,9172.36441930619,524
9067.061726854437,85.1304317422993,0.0,9152.192158596737,525
9047.119494085327,85.0488167819786,0.0,9132.168310867306,526
9027.323951199618,84.9680486993987,0.0,9112.291999899016,527
9007.674234220402,84.88811937040802,0.0,9092.562353590809,528
8988.16948329203,84.80902066741955,0.0,9072.978503959448,529
8968.808842680111,84.73074445941074,0.0,9053.539587139523,530
8949.591460771511,84.65328261192359,0.0,9034.244743383435,531
8930.516490074355,84.57662698706457,0.0,9015.093117061419,532
8911.583087218025,84.50076944350472,0.0,8996.08385666153,533
8892.790412953158,84.42570183647955,0.0,8977.216114789637,534
8874.137632151655,84.35141601778906,0.0,8958.489048169444,535
8855.62391380667,84.27790383579782,0.0,8939.901817642469,536
8837.248431032614,84.20515713543487,0.0,8921.45358816805,537
8819.010361065162,84.13316775819378,0.0,8903.143528823355,538
8800.908885261239,84.06192754213261,0.0,8884.97081280337,539
8782.94318909903,83.99142832187397,0.0,8866.934617420904,540
8765.112462177984,83.92166192860493,0.0,8849.034124106589,541
8747.415898218798,83.85262019007712,0.0,8831.268518408875,542
8729.852695063433,83.78429493060663,0.0,8813.63698999404,543
8712.422054675106,83.71667797107413,0.0,8796.138732646179,544
8695.123183138294,83.64976112892475,0.0,8778.772944267219,545
8677.955290658727,83.58353621816813,0.0,8761.538826876895,546
8660.917591563399,83.51799504937844,0.0,8744.435586612777,547
8644.009304300553,83.45312942969436,0.0,8727.462433730247,548
8627.229651439699,83.38893116281908,0.0,8710.618582602518,549
8610.5778596716,83.3253920490203,0.0,8693.903251720621,550
8594.053159808278,83.26250388513022,0.0,8677.315663693409,551
8577.65478678301,83.20025846454556,0.0,8660.855045247556,552
8561.381979650336,83.13864757722756,0.0,8644.520627227563,553
8545.233981586049,83.07766300970196,0.0,8628.311644595751,554
8529.2100398872,83.01729654505904,0.0,8612.22733643226,555
8513.309405972104,82.95753996295353,0.0,8596.266945935058,556
8497.531335380325,82.89838503960475,0.0,8580.42972041993,557
8481.87508777269,82.83982354779644,0.0,8564.714911320487,558
8466.339926931283,82.78184725687693,0.0,8549.12177418816,559
8450.925120759444,82.72444793275903,0.0,8533.649568692203,560
8435.629941281775,82.66761733792006,0.0,8518.297558619695,561
8420.45366464413,82.61134723140187,0.0,8503.065011875533,562
8405.395571113626,82.55562936881077,0.0,8487.951200482437,563
8390.454945078633,82.50045550231765,0.0,8472.95540058095,564
8375.631075048781,82.44581738065787,0.0,8458.076892429439,565
8360.923253654959,82.3917067491313,0.0,8443.31496040409,566
8346.330777649313,82.33811534960235,0.0,8428.668892998916,567
8331.852947905245,82.28503492049991,0.0,8414.137982825745,568
8317.489069417417,82.23245719681739,0.0,8399.721526614234,569
8303.23845130175,82.18037391011273,0.0,8385.418825211862,570
8289.100406795416,82.12877678850836,0.0,8371.229183583924,571
8275.074253256855,82.07765755669122,0.0,8357.151910813545,572
8261.159312165753,82.02700793591279,0.0,8343.186320101666,573
8247.354909123065,81.97681964398902,0.0,8329.331728767054,574
8233.660373850997,81.9270843953004,0.0,8315.587458246297,575
8220.075040193013,81.87779390079191,0.0,8301.952834093805,576
8206.598246113837,81.82893986797309,0.0,8288.42718598181,577
8193.22933369945,81.78051400091792,0.0,8275.009847700368,578
8179.967649157091,81.73250800026494,0.0,8261.700157157356,579
8166.812542815256,81.6849135632172,0.0,8248.497456378473,580
8153.763369123701,81.63772238354223,0.0,8235.401091507243,581
8140.819486653436,81.59092615157209,0.0,8222.410412805008,582
8127.980258096731,81.54451655420338,0.0,8209.524774650934,583
8115.245050267113,81.49848527489716,0.0,8196.74353554201,584
8102.613234099369,81.45282399367905,0.0,8184.066058093048,585
8090.0841846495405,81.40752438713912,0.0,8171.49170903668,586
8077.657281094928,81.362578128432,0.0,8159.01985922336,587
8065.331906734092,81.31797688727686,0.0,8146.649883621369,588
8053.107448986846,81.27371232995728,0.0,8134.381161316804,589
8040.9832993942655,81.22977611932144,0.0,8122.213075513587,590
8028.958853618682,81.18615991478201,0.0,8110.145013533464,591
8017.033511443687,81.14285537231616,0.0,8098.176366816003,592
8005.2066767741235,81.09985414446557,0.0,8086.3065309185895,593
7993.4777576361,81.05714788033643,0.0,8074.534905516437,594
7981.846166176979,81.01472822559947,0.0,8062.860894402578,595
7970.311318665379,80.9725868224899,0.0,8051.283905487869,596
7958.8726354911805,80.93071530980744,0.0,8039.803350800988,597
7947.529541165518,80.88910532291635,0.0,8028.418646488434,598
7936.281464320787,80.84774849374537,0.0,8017.129212814532,599
7925.127837710636,80.80663645078778,0.0,8005.934474161424,600
7914.068004746948,80.76576714472303,0.0,7994.833771891671,601
7903.1004561332265,80.72519812333823,0.0,7983.825654256565,602
7892.2243704280845,80.6849437383088,0.0,7972.909314166393,603
7881.439172272801,80.64500219545418,0.0,7962.084174468256,604
7870.744289095017,80.60537169625294,0.0,7951.34966079127,605
7860.139151108729,80.5660504378429,0.0,7940.7052015465715,606
7849.623191314291,80.52703661302104,0.0,7930.150227927312,607
7839.1958454984215,80.48832841024348,0.0,7919.684173908665,608
7828.856552234191,80.44992401362558,0.0,7909.306476247817,609
7818.604752881034,80.41182160294186,0.0,7899.016574483976,610
7808.4398915847405,80.37401935362601,0.0,7888.8139109383665,611
7798.36141527746,80.33651543677091,0.0,7878.697930714231,612
7788.368773677701,80.29930801912863,0.0,7868.66808169683,613
7778.46141929033,80.26239526311042,0.0,7858.72381455344,614
7768.6388074065735,80.22577532678669,0.0,7848.86458273336,615
7758.900396104015,80.18944636388707,0.0,7839.089842467903,616
7749.245646246599,80.15340652380036,0.0,7829.399052770399,617
7739.674021484625,80.1176539515745,0.0,7819.7916754361995,618
7730.184988254755,80.08218678791667,0.0,7810.267175042672,619
7720.778015780007,80.04700316919319,0.0,7800.8250189492,620
7711.45257606976,80.01210122742961,0.0,7791.464677297189,621
7702.208143919748,79.97747909031061,0.0,7782.185623010058,622
7693.044196912069,79.94313488118007,0.0,7772.98733179325,623
7683.960215415175,79.90906671904108,0.0,7763.8692821342165,624
7674.955682583879,79.87527271855586,0.0,7754.830955302435,625
7666.030084359351,79.84175099004585,0.0,7745.871835349397,626
7657.182909469123,79.80849963949167,0.0,7736.991409108615,627
7648.4136494270815,79.77551676853311,0.0,7728.189166195614,628
7639.721798533475,79.74280047446913,0.0,7719.464599007943,629
7631.106853874908,79.71034885025792,0.0,7710.817202725166,630
7622.568315324346,79.6781599845168,0.0,7702.246475308863,631
7614.105685541112,79.64623196152228,0.0,7693.751917502634,632
7605.718469970887,79.61456286121008,0.0,7685.333032832097,633
7597.406176845713,79.58315075917508,0.0,7676.989327604888,634
7589.168317183988,79.55199372667136,0.0,7668.7203109106595,635
7581.00440479047,79.52108983061215,0.0,7660.5254946210825,636
7572.913956256277,79.49043713356991,0.0,7652.4043933898465,637
7564.896490958882,79.46003369377623,0.0,7644.356524652659,638
7556.951531062121,79.4298775651219,0.0,7636.381408627243,639
7549.078601516186,79.39996679715692,0.0,7628.478568313342,640
7541.277230057627,79.37029943509043,0.0,7620.647529492718,641
7533.546947209355,79.34087351979079,0.0,7612.8878207291455,642
7525.887286280638,79.31168708778551,0.0,7605.198973368424,643
7518.297783367106,79.28273817126131,0.0,7597.580521538367,644
7510.777977350741,79.25402479806407,0.0,7590.032002148805,645
7503.32740989989,79.22554499169884,0.0,7582.552954891589,646
7495.945625469257,79.1972967713299,0.0,7575.142922240587,647
7488.6321712999015,79.16927815178069,0.0,7567.801449451682,648
7481.386597419247,79.1414871435338,0.0,7560.52808456278,649
7474.20845664107,79.11392175273102,0.0,7553.322378393801,650
7467.097304565511,79.08657998117336,0.0,7546.183884546685,651
7460.052699579066,79.05945982632097,0.0,7539.112159405387,652
7453.07420285459,79.0325592812932,0.0,7532.106762135883,653
7446.161378351298,79.00587633486856,0.0,7525.167254686166,654
7439.313792814762,78.97940897148477,0.0,7518.293201786247,655
7432.531015776913,78.9531551712387,0.0,7511.484170948152,656
7425.812619556042,78.92711290988646,0.0,7504.739732465928,657
7419.158179256798,78.90128015884328,0.0,7498.059459415641,658
7412.567272770188,78.8756548851836,0.0,7491.442927655371,659
7406.039480773578,78.85023505164101,0.0,7484.889715825219,660
7399.574386730694,78.82501861660835,0.0,7478.3994053473025,661
7393.171576891617,78.80000353413759,0.0,7471.971580425755,662
7386.830640292793,78.77518775393989,0.0,7465.605828046732,663
7380.551168757019,78.75056922138559,0.0,7459.301737978404,664
7374.332756893457,78.72614587750422,0.0,7453.058902770961,665
7368.175002097625,78.7019156589845,0.0,7446.87691775661,666
7362.077504551399,78.67787649817431,0.0,7440.755381049574,667
7356.039867223015,78.65402632308074,0.0,7434.693893546096,668
7350.061695867067,78.63036305737002,0.0,7428.692058924437,669
7344.142599024509,78.60688462036761,0.0,7422.749483644877,670
7338.282188022652,78.58358892705812,0.0,7416.86577694971,671
7332.480076975166,78.56047388808535,0.0,7411.040550863252,672
7326.735882782081,78.53753740975229,0.0,7405.273420191833,673
7321.049225129783,78.5147773940211,0.0,7399.5640025238035,674
7315.41972649102,78.49219173851313,0.0,7393.911918229533,675
7309.847012124896,78.46977833650891,0.0,7388.316790461405,676
7304.330710076874,78.44753507694814,0.0,7382.778245153822,677
7298.870451178779,78.42545984442974,0.0,7377.295911023209,678
7293.4658690487895,78.40355051921176,0.0,7371.869419568001,679
7288.116600091447,78.38180497721147,0.0,7366.498405068659,680
7282.822283497649,78.36022109000531,0.0,7361.182504587654,681
7277.582561244652,78.33879672482891,0.0,7355.9213579694815,682
7272.3970780960735,78.31752974457704,0.0,7350.71460784065,683
7267.265481601886,78.29641800780372,0.0,7345.561899609689,684
7262.187422098425,78.27545936872211,0.0,7340.462881467147,685
7257.16255270838,78.25465167720455,0.0,7335.417204385584,686
7252.190529340802,78.23399277878258,0.0,7330.424522119584,687
7247.271010691101,78.2134805146469,0.0,7325.484491205748,688
7242.4036582410445,78.19311272164744,0.0,7320.596770962692,689
7237.588136258759,78.17288723229323,0.0,7315.761023491052,690
7232.824111798729,78.15280187475256,0.0,7310.976913673481,691
7228.1112547018,78.13285447285287,0.0,7306.244109174653,692
7223.449237595173,78.11304284608077,0.0,7301.562280441254,693
7218.837735892411,78.09336480958207,0.0,7296.931100701993,694
7214.276427793431,78.07381817416177,0.0,7292.350245967593,695
7209.764994284515,78.05440074628403,0.0,7287.819395030799,696
7205.303119138298,78.0351103280722,0.0,7283.33822946637,697
7200.890488913776,78.01594471730881,0.0,7278.906433631085,698
7196.526792956304,77.99690170743558,0.0,7274.52369466374,699
7192.211723397597,77.97797908755342,0.0,7270.1897024851505,700
7187.944975155725,77.9591746424224,0.0,7265.904149798147,701
7183.726245935119,77.94048615246177,0.0,7261.66673208758,702
7179.555236226568,77.92191139374998,0.0,7257.477147620318,703
7175.431649307221,77.90344813802466,0.0,7253.335097445246,704
7171.355191240585,77.88509415268263,0.0,7249.240285393267,705
7167.325570876524,77.86684720077984,0.0,7245.192418077304,706
7163.342499851262,77.84870504103151,0.0,7241.191204892293,707
7159.405692587383,77.83066542781195,0.0,7237.236358015195,708
7155.514866293828,77.81272611115473,0.0,7233.327592404983,709
7151.669740965897,77.79488483675254,0.0,7229.46462580265,710
7147.870039385249,77.77713934595731,0.0,7225.647178731206,711
7144.1154871199005,77.7594873757801,0.0,7221.87497449568,712
7140.405812524228,77.74192665889117,0.0,7218.1477391831195,713
7136.740746738968,77.72445492361997,0.0,7214.465201662588,714
7133.120023691212,77.70706989395514,0.0,7210.827093585167,715
7129.543380094412,77.68976928954447,0.0,7207.2331493839565,716
7126.01055544838,77.67255082569497,0.0,7203.683106274075,717
7122.521292039285,77.6554122133728,0.0,7200.176704252658,718
7119.0753349396555,77.63835115920331,0.0,7196.7136860988585,719
7115.672432008379,77.62136536547106,0.0,7193.29379737385,720
7112.312333890699,77.60445253011976,0.0,7189.916786420818,721
7108.994794018222,77.58761034675229,0.0,7186.5824043649745,722
7105.719568608909,77.57083650463076,0.0,7183.29040511354,723
7102.486416667083,77.55412868867643,0.0,7180.04054535576,724
7099.295099983424,77.53748457946973,0.0,7176.832584562893,725
7096.14538313497,77.52090185325032,0.0,7173.6662849882205,726
7093.037032660584,77.50437819832054,0.0,7170.541410858905,727
7089.969182639114,77.48792436042228,0.0,7167.457106999535,728
7086.941064905755,77.47155075284226,0.0,7164.412615658598,729
7083.952466768011,77.45525711657257,0.0,7161.407723884583,730
7081.0031762019935,77.43904318917082,0.0,7158.442219391164,731
7078.092981852433,77.42290870476006,0.0,7155.5158905571925,732
7075.22167303267,77.40685339402886,0.0,7152.628526426699,733
7072.389039724661,77.39087698423124,0.0,7149.779916708892,734
7069.594872578976,77.37497919918673,0.0,7146.969851778163,735
7066.838962914796,77.35915975928029,0.0,7144.198122674076,736
7064.121102719919,77.34341838146243,0.0,7141.464521101381,737
7061.441084650755,77.32775477924908,0.0,7138.768839430005,738
7058.798702032328,77.31216866272169,0.0,7136.11087069505,739
7056.193748858276,77.29665973852718,0.0,7133.490408596804,740
7053.6260197908505,77.28122770987795,0.0,7130.907247500729,741
7051.095310160917,77.26587227655189,0.0,7128.361182437468,742
7048.601415967952,77.25059313489234,0.0,7125.852009102844,743
7046.1441338800505,77.23538997780814,0.0,7123.379523857859,744
7043.723261233917,77.22026249477364,0.0,7120.943523728691,745
7041.338596034872,77.20521037182861,0.0,7118.543806406701,746
7038.989936956849,77.19023329157838,0.0,7116.180170248428,747
7036.677083342395,77.17533093319366,0.0,7113.852414275589,748
7034.399835202671,77.16050297241075,0.0,7111.560338175082,749
7032.157993217451,77.14574908153135,0.0,7109.303742298982,750
7029.951358735124,77.13106892942268,0.0,7107.082427664546,751
7027.7797337726915,77.11646218151742,0.0,7104.896195954209,752
7025.6429210157685,77.10192849981375,0.0,7102.744849515582,753
7023.540723818585,77.08746754287532,0.0,7100.62819136146,754
7021.472946203984,77.07307896583126,0.0,7098.546025169815,755
7019.439392863421,77.05876242037618,0.0,7096.498155283797,756
7017.439869156968,77.0445175547702,0.0,7094.484386711738,757
7015.474181113307,77.03034401383886,0.0,7092.504525127146,758
7013.542135429738,77.01624143897325,0.0,7090.558376868711,759
7011.643539472169,77.00220946812989,0.0,7088.645748940299,760
7009.778201275129,76.98824773583081,0.0,7086.766449010959,761
7007.945929541753,76.9743558731635,0.0,7084.920285414916,762
7006.146533643796,76.96053350778095,0.0,7083.107067151577,763
7004.379823621623,76.94678026390162,0.0,7081.3266038855245,764
7002.645610184213,76.93309576230945,0.0,7079.578705946523,765
7000.943704709161,76.91947962035387,0.0,7077.863184329514,766
6999.2739192426725,76.90593145194978,0.0,7076.1798506946225,767
6997.636066499569,76.89245086757757,0.0,7074.528517367146,768
6996.0299598632855,76.87903747428311,0.0,7072.9089973375685,769
6994.455413385869,76.86569087567774,0.0,7071.321104261547,770
6992.912241787983,76.8524106719383,0.0,7069.764652459921,771
6991.4002604589,76.83919645980708,0.0,7068.239456918707,772
6989.919285456513,76.82604783259191,0.0,7066.745333289105,773
6988.469133507321,76.81296438016604,0.0,7065.282097887487,774
6987.049622006443,76.79994568896821,0.0,7063.849567695412,775
6985.660569017609,76.78699134200266,0.0,7062.447560359612,776
6984.301793273163,76.77410091883914,0.0,7061.075894192002,777
6982.973114174061,76.76127399561281,0.0,7059.734388169674,778
6981.674351789876,76.74851014502435,0.0,7058.4228619349005,779
6980.405326858791,76.73580893633994,0.0,7057.141135795131,780
6979.165860787607,76.72316993539118,0.0,7055.8890307229985,781
6977.955775651735,76.71059270457525,0.0,7054.66636835631,782
6976.7748941952,76.6980768028547,0.0,7053.472970998055,783
6975.623039830644,76.68562178575763,0.0,7052.308661616402,784
6974.500036639319,76.67322720537761,0.0,7051.1732638446965,785
6973.405709371092,76.6608926103737,0.0,7050.066601981465,786
6972.339883444442,76.64861754597038,0.0,7048.988500990413,787
6971.302384946467,76.6364015539577,0.0,7047.938786500425,788
6970.293040632872,76.6242441726911,0.0,7046.917284805563,789
6969.311677927981,76.61214493709161,0.0,7045.923822865072,790
6968.358124924727,76.60010337864564,0.0,7044.958228303373,791
6967.432210384662,76.58811902540513,0.0,7044.020329410067,792
6966.533763737945,76.5761914019875,0.0,7043.109955139933,793
6965.662615083356,76.56432002957563,0.0,7042.226935112932,794
6964.818595188284,76.55250442591789,0.0,7041.371099614202,795
6964.001535488732,76.54074410532814,0.0,7040.54227959406,796
6963.211268089318,76.52903857868573,0.0,7039.7403066680035,797
6962.447625763273,76.51738735343545,0.0,7038.965013116709,798
6961.710441952442,76.50578993358764,0.0,7038.21623188603,799
6960.999550767284,76.49424581971803,0.0,7037.493796587002,800
6960.314786986871,76.48275450896791,0.0,7036.797541495839,801
6959.655986058888,76.47131549504402,0.0,7036.127301553932,802
6959.022984099635,76.45992826821856,0.0,7035.482912367854,803
6958.415617894027,76.44859231532926,0.0,7034.864210209355,804
6957.833724895588,76.43730711977929,0.0,7034.271032015367,805
6957.277143226461,76.42607216153732,0.0,7033.703215387998,806
6956.7457116773985,76.4148869171375,0.0,7033.160598594536,807
6956.239269707769,76.40375085967943,0.0,7032.643020567449,808
6955.757657445556,76.39266345882825,0.0,7032.150320904384,809
6955.300715687352,76.38162418081454,0.0,7031.682339868166,810
6954.8682858983675,76.37063248843437,0.0,7031.238918386802,811
6954.460210212425,76.35968784104928,0.0,7030.819898053474,812
6954.076331431962,76.3487896945863,0.0,7030.425121126548,813
6953.716493028027,76.33793750153798,0.0,7030.054430529565,814
6953.380539140283,76.32713071096227,0.0,7029.707669851246,815
6953.06831457701,76.31636876848266,0.0,7029.384683345493,816
6952.779664815097,76.30565111628812,0.0,7029.085315931385,817
6952.5144360000495,76.29497719313306,0.0,7028.809413193183,818
6952.272474945986,76.28434643433742,0.0,7028.5568213803235,819
6952.053629135638,76.27375827178659,0.0,7028.327387407425,820
6951.857746720353,76.26321213393146,0.0,7028.120958854284,821
6951.684676520089,76.25270744578839,0.0,7027.937383965877,822
6951.53426802342,76.2422436289392,0.0,7027.776511652359,823
6951.406371387531,76.23182010153124,0.0,7027.638191489063,824
6951.300837438225,76.2214362782773,0.0,7027.522273716502,825
6951.217517669916,76.21109157045566,0.0,7027.428609240371,826
6951.156264245629,76.20078538591011,0.0,7027.35704963154,827
6951.116929997009,76.19051712904988,0.0,7027.307447126059,828
6951.09936842431,76.1802862008497,0.0,7027.27965462516,829
6951.1034336964,76.17009199884976,0.0,7027.27352569525,830
6951.128980650764,76.15993391715578,0.0,7027.28891456792,831
6951.175864793496,76.14981134643892,0.0,7027.325676139934,832
6951.243942299307,76.13972367393585,0.0,7027.383665973242,833
6951.333070011519,76.12967028344866,0.0,7027.462740294968,834
6951.443105442072,76.11965055534502,0.0,7027.562755997417,835
6951.573906771516,76.10966386655797,0.0,7027.683570638073,836
6951.725332849015,76.09970959058612,0.0,7027.825042439601,837
6951.8972431923485,76.08978709749353,0.0,7027.987030289842,838
6952.089497987907,76.07989575390971,0.0,7028.169393741817,839
6952.301958090698,76.07003492302971,0.0,7028.371993013728,840
6952.53448502434,76.060203964614,0.0,7028.594688988954,841
6952.7869409810655,76.0504022349886,0.0,7028.837343216054,842
6953.059188821723,76.04062908704493,0.0,7029.099817908768,843
6953.351092075772,76.03088387023998,0.0,7029.381975946012,844
6953.662514941286,76.02116593059613,0.0,7029.683680871882,845
6953.993322284953,76.0114746107013,0.0,7030.004796895654,846
6954.343379642076,76.00180924970888,0.0,7030.345188891784,847
6954.712553216568,75.99216918333775,0.0,7030.704722399906,848
6955.1007098809605,75.98255374387224,0.0,7031.083263624832,849
6955.507717176393,75.97296226016219,0.0,7031.480679436556,850
6955.933443312625,75.9633940576229,0.0,7031.896837370248,851
6956.377757168024,75.95384845823519,0.0,7032.331605626259,852
6956.840528289574,75.94432478054529,0.0,7032.784853070119,853
6957.321626892873,75.93482233966496,0.0,7033.256449232537,854
6957.82092386213,75.92534044727147,0.0,7033.746264309401,855
6958.338290750173,75.9158784116075,0.0,7034.25416916178,856
6958.873599778438,75.90643553748126,0.0,7034.780035315919,857
6959.426723836977,75.89701112626643,0.0,7035.323734963243,858
6959.997536484456,75.88760447590218,0.0,7035.885140960358,859
6960.585911948155,75.87821488089311,0.0,7036.464126829048,860
6961.191725123966,75.86884163230938,0.0,7037.060566756275,861
6961.814851576396,75.85948401778658,0.0,7037.674335594183,862
6962.4551675385665,75.85014132152578,0.0,7038.305308860092,863
6963.11254991221,75.84081282429356,0.0,7038.953362736504,864
6963.786876267675,75.83149780342197,0.0,7039.618374071098,865
6964.478024843923,75.82219553280851,0.0,7040.300220376731,866
6965.185874548529,75.81290528291619,0.0,7040.998779831445,867
6965.910304957682,75.80362632077352,0.0,7041.713931278455,868
6966.651196316183,75.79435790997445,0.0,7042.445554226158,869
6967.4084295374505,75.78509931067845,0.0,7043.193528848129,870
6968.1818862035125,75.77584977961043,0.0,7043.957735983123,871
6968.971448565014,75.7666085700608,0.0,7044.738057135075,872
6969.776999541211,75.75737493188547,0.0,7045.534374473096,873
6970.598422719974,75.7481481115058,0.0,7046.34657083148,874
6971.43560235779,75.73892735190864,0.0,7047.174529709699,875
6972.288423379755,75.72971189264635,0.0,7048.018135272401,876
6973.156719683157,75.72050522367175,0.0,7048.877224906828,877
6974.040324558627,75.71131365647193,0.0,7049.751638215099,878
6974.939169403896,75.70213732133425,0.0,7050.641306725231,879
6975.8531866914145,75.69297627346727,0.0,7051.546162964882,880
6976.782308949151,75.68383056624755,0.0,7052.466139515399,881
6977.726468760595,75.67470025121965,0.0,7053.401169011814,882
6978.685598764754,75.66558537809618,0.0,7054.35118414285,883
6979.659631656159,75.65648599475779,0.0,7055.316117650917,884
6980.64850018486,75.64740214725312,0.0,7056.295902332113,885
6981.652137156427,75.63833387979882,0.0,7057.290471036225,886
6982.67047543195,75.62928123477964,0.0,7058.299756666729,887
6983.703447928039,75.62024425274826,0.0,7059.3236921807875,888
6984.750987616826,75.61122297242545,0.0,7060.362210589252,889
6985.813027525963,75.60221743069997,0.0,7061.415244956663,890
6986.889500738619,75.59322766262862,0.0,7062.482728401248,891
6987.9803403934875,75.58425370143621,0.0,7063.564594094923,892
6989.085479684779,75.5752955785156,0.0,7064.660775263294,893
6990.204851862227,75.5663533234276,0.0,7065.771205185654,894
6991.338390231083,75.55742696390118,0.0,7066.895817194984,895
6992.486028152121,75.54851652583318,0.0,7068.034544677955,896
6993.647699041632,75.53962203328857,0.0,7069.187321074921,897
6994.823336371431,75.53074350850031,0.0,7070.354079879931,898
6996.01287366885,75.52188097186936,0.0,7071.534754640719,899
6997.216244516744,75.51303444196473,0.0,7072.729278958709,900
6998.433382553486,75.50420393552348,0.0,7073.937586489009,901
6999.66422147297,75.49538946745064,0.0,7075.159610940421,902
7000.908695024612,75.48659105081927,0.0,7076.395286075432,903
7002.166737013345,75.4778086968705,0.0,7077.644545710215,904
7003.438281299625,75.46904241501342,0.0,7078.907323714638,905
7004.723261799426,75.46029221282521,0.0,7080.183554012251,906
7006.0216124842445,75.45155809605102,0.0,7081.473170580295,907
7007.333267381096,75.44284006860406,0.0,7082.7761074497,908
7008.658160572518,75.43413813256552,0.0,7084.0922987050835,909
7009.996226196565,75.42545228818467,0.0,7085.4216784847495,910
7011.347398446813,75.41678253387876,0.0,7086.764180980692,911
7012.71161157236,75.40812886623308,0.0,7088.119740438593,912
7014.0887998778235,75.39949128000094,0.0,7089.488291157824,913
7015.478897723339,75.39086976810368,0.0,7090.869767491443,914
7016.881839524565,75.38226432163066,0.0,7092.264103846196,915
7018.29755975268,75.37367492983924,0.0,7093.67123468252,916
7019.725992934381,75.36510158015486,0.0,7095.091094514536,917
7021.167073651886,75.35654425817093,0.0,7096.5236179100575,918
7022.620736542935,75.3480029476489,0.0,7097.968739490584,919
7024.0869163007865,75.33947763051825,0.0,7099.426393931305,920
7025.565547674218,75.33096828687648,0.0,7100.896515961094,921
7027.05656546753,75.32247489498913,0.0,7102.379040362519,922
7028.559904540542,75.31399743128972,0.0,7103.873901971832,923
7030.075499808594,75.30553587037983,0.0,7105.381035678974,924
7031.603286242546,75.29709018502906,0.0,7106.900376427576,925
7033.143198868778,75.28866034617502,0.0,7108.431859214953,926
7034.695172769191,75.28024632292336,0.0,7109.975419092115,927
7036.259143081206,75.27184808254775,0.0,7111.530991163754,928
7037.835044997764,75.26346559048984,0.0,7113.098510588254,929
7039.422813767325,75.2550988103594,0.0,7114.677912577685,930
7041.022384693873,75.24674770393412,0.0,7116.269132397808,931
7042.633693136909,75.23841223115977,0.0,7117.872105368068,932
7044.256674511454,75.23009235015013,0.0,7119.486766861603,933
7045.8912642880505,75.22178801718702,0.0,7121.113052305238,934
7047.537397992763,75.21349918672027,0.0,7122.750897179483,935
7049.195011207173,75.20522581136771,0.0,7124.400237018541,936
7050.864039568383,75.19696784191524,0.0,7126.061007410299,937
7052.544418769018,75.18872522731674,0.0,7127.733143996335,938
7054.236084557222,75.18049791469414,0.0,7129.416582471917,939
7055.938972736657,75.17228584933741,0.0,7131.111258585995,940
7057.653019166508,75.16408897470448,0.0,7132.817108141212,941
7059.37815976148,75.15590723242138,0.0,7134.534066993901,942
7061.114330491797,75.14774056228211,0.0,7136.262071054079,943
7062.8614673832035,75.13958890224872,0.0,7138.001056285452,944
7064.619506516966,75.13145218845126,0.0,7139.750958705417,945
7066.3883840298695,75.12333035518785,0.0,7141.5117143850575,946
7068.168036114219,75.11522333492455,0.0,7143.283259449144,947
7069.958399017842,75.10713105829554,0.0,7145.065530076137,948
7071.7594090440825,75.09905345410297,0.0,7146.858462498186,949
7073.571002551809,75.090990449317,0.0,7148.661993001127,950
7075.393115955408,75.08294196907586,0.0,7150.476057924484,951
7077.225685724785,75.07490793668578,0.0,7152.300593661471,952
7079.068648385368,75.066888273621,0.0,7154.135536658989,953
7080.921940518105,75.05888289952381,0.0,7155.980823417629,954
7082.785498759464,75.05089173220449,0.0,7157.836390491668,955
7084.659259801431,75.04291468764139,0.0,7159.702174489073,956
7086.543160391518,75.03495167998082,0.0,7161.578112071498,957
7088.437137332749,75.02700262153719,0.0,7163.464139954287,958
7090.341127483676,75.01906742279289,0.0,7165.360194906469,959
7092.255067758368,75.01114599239831,0.0,7167.266213750766,960
7094.178895126412,75.00323823717191,0.0,7169.1821333635835,961
7096.11254661292,74.99534406210016,0.0,7171.10789067502,962
7098.05595929852,74.98746337033754,0.0,7173.043422668858,963
7100.009070319363,74.97959606320656,0.0,7174.988666382569,964
7101.971816867119,74.97174204019777,0.0,7176.943558907316,965
7103.9441361889785,74.96390119896971,0.0,7178.908037387948,966
7105.925965587652,74.95607343534897,0.0,7180.882039023001,967
7107.917242421372,74.94825864333015,0.0,7182.865501064703,968
7109.917904103889,74.9404567150759,0.0,7184.858360818965,969
7111.927888104474,74.93266754091685,0.0,7186.86055564539,970
7113.94713194792,74.9248910093517,0.0,7188.872022957272,971
7115.975573214538,74.91712700704714,0.0,7190.892700221585,972
7118.01314954016,74.90937541883788,0.0,7192.922524958998,973
7120.05979861614,74.90163612772669,0.0,7194.961434743866,974
7122.115458189351,74.89390901488431,0.0,7197.009367204235,975
7124.180066062185,74.88619395964957,0.0,7199.066260021835,976
7126.253560092555,74.87849083952928,0.0,7201.132050932084,977
7128.335878193896,74.87079953019827,0.0,7203.206677724094,978
7130.4269583351615,74.8631199054994,0.0,7205.290078240661,979
7132.526738540825,74.85545183744358,0.0,7207.382190378269,980
7134.635156890882,74.8477951962097,0.0,7209.482952087092,981
7136.752151520846,74.84014985014473,0.0,7211.592301370991,982
7138.877660621753,74.83251566576358,0.0,7213.710176287517,983
7141.011622440157,74.82489250774927,0.0,7215.836514947907,984
7143.153975278135,74.81728023895279,0.0,7217.971255517087,985
7145.304657493281,74.8096787203932,0.0,7220.1143362136745,986
7147.463607498712,74.8020878112575,0.0,7222.2656953099695,987
7149.630763763063,74.7945073689008,0.0,7224.425271131964,988
7151.806064810492,74.7869372488462,0.0,7226.593002059338,989
7153.989449220675,74.77937730478483,0.0,7228.76882652546,990
7156.180855628809,74.77182738857582,0.0,7230.9526830173845,991
7158.380222725611,74.76428735024635,0.0,7233.144510075857,992
7160.587489257319,74.75675703799162,0.0,7235.344246295311,993
7162.80259402569,74.74923629817484,0.0,7237.551830323865,994
7165.025475888003,74.74172497532724,0.0,7239.76720086333,995
7167.256073757055,74.73422291214811,0.0,7241.9902966692025,996
7169.494326601165,74.72672994950474,0.0,7244.22105655067,997
7171.740173444172,74.71924592643242,0.0,7246.459419370604,998
7173.993553365435,74.7117706801345,0.0,7248.70532404557,999
7176.2544054998325,74.70430404598234,0.0,7250.958709545815,1000
7178.522669037766,74.69684585751531,0.0,7253.2195148952815,1001
7180.798283225153,74.68939594644084,0.0,7255.487679171593,1002
7183.081187363434,74.68195414263434,0.0,7257.763141506068,1003
7185.37132080957,74.67452027413928,0.0,7260.045841083709,1004
7187.668622976042,74.66709416716712,0.0,7262.335717143209,1005
7189.973033330849,74.65967564609737,0.0,7264.632708976947,1006
7192.284491397513,74.65226453347755,0.0,7266.93675593099,1007
7194.602936755076,74.6448606500232,0.0,7269.2477974051,1008
7196.928309038099,74.63746381461793,0.0,7271.565772852717,1009
7199.260547936664,74.63007384431329,0.0,7273.890621780977,1010
7201.599593196372,74.62269055432891,0.0,7276.222283750701,1011
7203.945384618347,74.61531375805245,0.0,7278.560698376399,1012
7206.297862059229,74.60794326703956,0.0,7280.905805326269,1013
7208.656965431184,74.60057889101392,0.0,7283.257544322199,1014
7211.022634701894,74.59322043786727,0.0,7285.615855139761,1015
7213.394809894562,74.58586771365933,0.0,7287.980677608221,1016
7215.773431087911,74.57852052261786,0.0,7290.351951610529,1017
7218.158438416186,74.57117866713864,0.0,7292.729617083325,1018
7220.54977206915,74.56384194778549,0.0,7295.113614016936,1019
7222.947372292088,74.55651016329023,0.0,7297.5038824553785,1020
7225.351179385805,74.5491831105527,0.0,7299.900362496358,1021
7227.7611337066255,74.5418605846408,0.0,7302.302994291266,1022
7230.177175666395,74.53454237879043,0.0,7304.711718045185,1023
7232.599245732477,74.52722828440551,0.0,7307.126474016883,1024
7235.027284427761,74.51991809105799,0.0,7309.547202518818,1025
7237.461232330648,74.51261158648782,0.0,7311.973843917136,1026
7239.901030075069,74.50530855660303,0.0,7314.406338631672,1027
7242.346618350467,74.49800878547961,0.0,7316.844627135946,1028
7244.79793790181,74.49071205536163,0.0,7319.288649957171,1029
7247.254929529585,74.48341814666112,0.0,7321.738347676246,1030
7249.717534089798,74.4761268379582,0.0,7324.193660927756,1031
7252.185692493978,74.46883790600097,0.0,7326.654530399979,1032
7254.659345709173,74.46155112570557,0.0,7329.120896834878,1033
7257.138434757949,74.45426627015615,0.0,7331.592701028105,1034
7259.622900718395,74.44698311060492,0.0,7334.069883829,1035
7262.11268472412,74.43970141647206,0.0,7336.552386140593,1036
7264.607727964252,74.4324209553458,0.0,7339.040148919598,1037
7267.107971683442,74.42514149298242,0.0,7341.533113176424,1038
7269.613357181856,74.41786279330617,0.0,7344.0312199751625,1039
7272.123825815185,74.41058461840936,0.0,7346.5344104335945,1040
7274.63931899464,74.40330672855232,0.0,7349.042625723193,1041
7277.15977818695,74.3960288821634,0.0,7351.555807069113,1042
7279.685144914363,74.38875083583896,0.0,7354.073895750203,1043
7282.215360754653,74.38147234434342,0.0,7356.596833098997,1044
7284.750367341109,74.37419316060917,0.0,7359.124560501718,1045
7287.290106362543,74.36691303573666,0.0,7361.65701939828,1046
7289.8345195632855,74.35963171899435,0.0,7364.19415128228,1047
7292.383548743188,74.35234895781876,0.0,7366.735897701006,1048
7294.937135757622,74.34506449781438,0.0,7369.282200255437,1049
7297.49522251748,74.33777808275373,0.0,7371.833000600234,1050
7300.057750989175,74.3304894545774,0.0,7374.388240443752,1051
7302.624663194638,74.32319835339396,0.0,7376.947861548032,1052
7305.195901211324,74.31590451748004,0.0,7379.511805728804,1053
7307.771407172203,74.30860768328023,0.0,7382.080014855484,1054
7310.351123265771,74.3013075854072,0.0,7384.652430851178,1055
7312.9349917360405,74.29400395664165,0.0,7387.2289956926825,1056
7315.5229548825455,74.28669652793225,0.0,7389.809651410478,1057
7318.1149550603395,74.27938502839574,0.0,7392.394340088736,1058
7320.710934679997,74.27206918531688,0.0,7394.983003865314,1059
7323.310836207615,74.26474872414842,0.0,7397.575584931763,1060
7325.914639106702,74.25742422920928,0.0,7400.172063335912,1061
7328.522505433127,74.25010034692772,0.0,7402.772605780055,1062
7331.134443848742,74.24277786475257,0.0,7405.377221713495,1063
7333.750432596719,74.2354568421811,0.0,7407.985889438901,1064
7336.370449899596,74.22813733801284,0.0,7410.598587237609,1065
7338.994473959276,74.22081941034956,0.0,7413.215293369625,1066
7341.62248295703,74.21350311659529,0.0,7415.8359860736255,1067
7344.254455053497,74.20618851345625,0.0,7418.460643566953,1068
7346.890368388678,74.19887565694097,0.0,7421.089244045619,1069
7349.530201081945,74.19156460236019,0.0,7423.721765684305,1070
7352.173931232034,74.18425540432686,0.0,7426.358186636361,1071
7354.8215369170475,74.17694811675625,0.0,7428.998485033804,1072
7357.472996194454,74.16964279286579,0.0,7431.6426389873195,1073
7360.128287101091,74.16233948517521,0.0,7434.290626586266,1074
7362.7873876531585,74.15503824550646,0.0,7436.942425898665,1075
7365.450275846227,74.14773912498373,0.0,7439.59801497121,1076
7368.11692965523,74.14044217403347,0.0,7442.257371829263,1077
7370.78732703447,74.13314744238433,0.0,7444.920474476854,1078
7373.461445917615,74.12585497906727,0.0,7447.587300896682,1079
7376.139264217697,74.11856483241543,0.0,7450.257829050112,1080
7378.820759827119,74.11127705006423,0.0,7452.932036877183,1081
7381.505910617649,74.10399167895132,0.0,7455.6099022966,1082
7384.194694440417,74.09670876531658,0.0,7458.291403205733,1083
7386.887089125926,74.08942835470215,0.0,7460.976517480628,1084
7389.583072484041,74.08215049195242,0.0,7463.665222975993,1085
7392.282622303995,74.07487522121399,0.0,7466.357497525209,1086
7394.985716354387,74.06760258593573,0.0,7469.053318940322,1087
7397.692332383183,74.06033262886875,0.0,7471.752665012052,1088
7400.402448117716,74.05306539206639,0.0,7474.455513509782,1089
7403.116041264683,74.04580091688425,0.0,7477.161842181567,1090
7405.83308951015,74.03853924398014,0.0,7479.87162875413,1091
7408.553570519547,74.03128041331415,0.0,7482.584850932862,1092
7411.277461937674,74.0240244641486,0.0,7485.301486401822,1093
7414.004741388693,74.01677143504804,0.0,7488.021512823741,1094
7416.735386476136,74.00952136387929,0.0,7490.744907840016,1095
7419.469374782901,74.00227428781136,0.0,7493.471649070712,1096
7422.206683871248,73.99503024331557,0.0,7496.201714114563,1097
7424.9472912828105,73.98778926616542,0.0,7498.935080548976,1098
7427.691174538583,73.9805513914367,0.0,7501.67172593002,1099
7430.438311138929,73.97331665350744,0.0,7504.411627792436,1100
7433.188678563577,73.96608508605786,0.0,7507.154763649635,1101
7435.942254271624,73.95885672207048,0.0,7509.901110993695,1102
7438.699015701531,73.95163159383004,0.0,7512.650647295361,1103
7441.458940271126,73.94440973292352,0.0,7515.40335000405,1104
7444.2220053776055,73.93719117024014,0.0,7518.159196547846,1105
7446.988188397529,73.92997593597137,0.0,7520.9181643335,1106
7449.757466686826,73.92276405961094,0.0,7523.680230746437,1107
7452.529817580789,73.91555556995479,0.0,7526.445373150744,1108
7455.30521839408,73.90835049510112,0.0,7529.213568889181,1109
7458.083646420726,73.90114886245034,0.0,7531.984795283176,1110
7460.865078934119,73.89395069870518,0.0,7534.759029632824,1111
7463.64949318702,73.88675602987053,0.0,7537.536249216891,1112
7466.436866411556,73.87956488125357,0.0,7540.31643129281,1113
7469.227175819219,73.8723772774637,0.0,7543.099553096683,1114
7472.020398600867,73.86519324241256,0.0,7545.88559184328,1115
7474.816511926729,73.85801279931407,0.0,7548.674524726042,1116
7477.615492946393,73.85083597068434,0.0,7551.466328917078,1117
7480.417318788819,73.84366277834178,0.0,7554.260981567161,1118
7483.221966562333,73.83649324340698,0.0,7557.05845980574,1119
7486.029413354625,73.82932738630281,0.0,7559.858740740928,1120
7488.839636232753,73.82216522675438,0.0,7562.661801459508,1121
7491.652612243142,73.81500678378904,0.0,7565.467619026931,1122
7494.468318411582,73.80785207573638,0.0,7568.276170487318,1123
7497.286731743229,73.80070112022821,0.0,7571.087432863457,1124
7500.107829222608,73.79355393419864,0.0,7573.901383156807,1125
7502.9315878136085,73.78641053388398,0.0,7576.7179983474925,1126
7505.757984459486,73.77927093482278,0.0,7579.537255394309,1127
7508.586996082863,73.77213515185584,0.0,7582.359131234719,1128
7511.418599585731,73.7650031991262,0.0,7585.183602784857,1129
7514.252771849443,73.75787509007917,0.0,7588.010646939522,1130
7517.0894897347225,73.75075083746226,0.0,7590.8402405721845,1131
7519.928730081657,73.74363045332525,0.0,7593.672360534982,1132
7522.7704697097015,73.73651394902016,0.0,7596.506983658722,1133
7525.614685417678,73.72940133520123,0.0,7599.344086752879,1134
7528.461353983773,73.72229262182499,0.0,7602.1836466055975,1135
7531.310452165541,73.71518781815014,0.0,7605.025639983692,1136
7534.161956699904,73.70808693273771,0.0,7607.870043632642,1137
7537.015844303148,73.70098997345089,0.0,7610.716834276599,1138
7539.872091670925,73.69389694745517,0.0,7613.56598861838,1139
7542.730675478257,73.68680786121826,0.0,7616.4174833394745,1140
7545.591572379529,73.67972272051011,0.0,7619.2712951000385,1141
7548.454759008494,73.67264153040291,0.0,7622.127400538897,1142
7551.320211978272,73.66556429527111,0.0,7624.985776273543,1143
7554.187907881346,73.6584910187914,0.0,7627.8463989001375,1144
7557.057823289571,73.65142170394267,0.0,7630.709244993514,1145
7559.929934754164,73.64435635300613,0.0,7633.57429110717,1146
7562.80421880571,73.63729496756517,0.0,7636.441513773275,1147
7565.680651954159,73.63023754850542,0.0,7639.310889502664,1148
7568.559210688831,73.62318409601481,0.0,7642.182394784845,1149
7571.439871478407,73.61613460958345,0.0,7645.056006087991,1150
7574.3226107709415,73.60908908800374,0.0,7647.931699858946,1151
7577.207404993848,73.60204752937028,0.0,7650.809452523218,1152
7580.094230553912,73.59500993107996,0.0,7653.689240484992,1153
7582.983063837282,73.58797628983186,0.0,7656.571040127114,1154
7585.873881209475,73.58094660162733,0.0,7659.454827811102,1155
7588.766659015373,73.57392086176999,0.0,7662.340579877143,1156
7591.661373579226,73.56689906486564,0.0,7665.228272644092,1157
7594.558001204649,73.55988120482237,0.0,7668.117882409471,1158
7597.456518174624,73.55286727485051,0.0,7671.009385449474,1159
7600.356900751499,73.54585726746261,0.0,7673.902758018961,1160
7603.259125176988,73.53885117447346,0.0,7676.797976351461,1161
7606.1631676721745,73.53184898700012,0.0,7679.695016659175,1162
7609.069004437505,73.52485069546188,0.0,7682.593855132967,1163
7611.9766116527935,73.51785628958028,0.0,7685.494467942373,1164
7614.8859654772195,73.51086575837907,0.0,7688.396831235598,1165
7617.797042049331,73.50387909018427,0.0,7691.300921139516,1166
7620.7098174870425,73.49689627262416,0.0,7694.206713759667,1167
7623.6242678876315,73.48991729262922,0.0,7697.11418518026,1168
7626.540369327745,73.4829421364322,0.0,7700.023311464177,1169
7629.458097863396,73.47597078956807,0.0,7702.934068652964,1170
7632.377429529964,73.46900323687409,0.0,7705.846432766838,1171
7635.298340342192,73.4620394624897,0.0,7708.760379804682,1172
7638.220806294195,73.45507944985663,0.0,7711.675885744052,1173
7641.14480335945,73.44812318171883,0.0,7714.592926541169,1174
7644.0703074908015,73.4411706401225,0.0,7717.511478130924,1175
7646.997294620462,73.43422180641608,0.0,7720.431516426877,1176
7649.925740660006,73.42727666125023,0.0,7723.353017321257,1177
7652.855621500381,73.42033518457792,0.0,7726.275956684959,1178
7655.786913011896,73.41339735565428,0.0,7729.200310367551,1179
7658.719591044228,73.40646315303674,0.0,7732.126054197264,1180
7661.65363142642,73.39953255458494,0.0,7735.053163981005,1181
7664.589009966882,73.39260553746078,0.0,7737.981615504343,1182
7667.52570245339,73.38568207812841,0.0,7740.911384531519,1183
7670.4636846530875,73.37876215235418,0.0,7743.842446805442,1184
7673.402932312481,73.37184573520675,0.0,7746.774778047688,1185
7676.3434211574495,73.36493280105695,0.0,7749.708353958506,1186
7679.285126893233,73.3580233235779,0.0,7752.643150216811,1187
7682.228025204439,73.35111727574495,0.0,7755.579142480185,1188
7685.172091755043,73.3442146298357,0.0,7758.516306384879,1189
7688.117302188387,73.33731535742999,0.0,7761.454617545817,1190
7691.063632127177,73.33041942940986,0.0,7764.394051556586,1191
7694.011057173489,73.32352681595967,0.0,7767.334583989448,1192
7696.959552908761,73.31663748656595,0.0,7770.276190395327,1193
7699.909094893801,73.30975141001754,0.0,7773.218846303818,1194
7702.859658668783,73.30286855440545,0.0,7776.162527223189,1195
7705.8112197532455,73.29598888712299,0.0,7779.107208640368,1196
7708.763753646095,73.2891123748657,0.0,7782.052866020961,1197
7711.717235825605,73.28223898363132,0.0,7784.999474809236,1198
7714.6716417494135,73.2753686787199,0.0,7787.947010428134,1199
7717.626946854526,73.26850142473369,0.0,7790.89544827926,1200
7720.583126557314,73.26163718557717,0.0,7793.844763742892,1201
7723.540156253517,73.25477592445712,0.0,7796.794932177974,1202
7726.498011318239,73.2479176038825,0.0,7799.7459289221215,1203
7729.456667105951,73.24106218566456,0.0,7802.697729291615,1204
7732.41609895049,73.23420963091675,0.0,7805.6503085814065,1205
7735.376282165061,73.2273599000548,0.0,7808.603642065115,1206
7738.337192042233,73.22051295279664,0.0,7811.55770499503,1207
7741.298803853944,73.21366874816249,0.0,7814.512472602107,1208
7744.261092851498,73.2068272444748,0.0,7817.467920095973,1209
7747.224034265563,73.19998839935823,0.0,7820.424022664922,1210
7750.187603306176,73.19315216973973,0.0,7823.380755475916,1211
7753.151775162739,73.18631851184844,0.0,7826.338093674587,1212
7756.116525004021,73.17948738121581,0.0,7829.296012385237,1213
7759.081827978158,73.17265873267544,0.0,7832.254486710834,1214
7762.0476592126515,73.16583252036328,0.0,7835.213491733015,1215
7765.013993814369,73.15900869771743,0.0,7838.173002512087,1216
7767.9808068695465,73.15218721747829,0.0,7841.132994087025,1217
7770.948073443785,73.14536803168848,0.0,7844.093441475473,1218
7773.91576858205,73.13855109169285,0.0,7847.054319673743,1219
7776.8838673086775,73.13173634813853,0.0,7850.015603656816,1220
7779.852344627367,73.12492375097486,0.0,7852.977268378341,1221
7782.821175521185,73.11811324945344,0.0,7855.939288770638,1222
7785.790334952566,73.1113047921281,0.0,7858.901639744694,1223
7788.759797863308,73.10449832685491,0.0,7861.864296190163,1224
7791.729539174579,73.0976938007922,0.0,7864.827232975372,1225
7794.699533786909,73.09089116040052,0.0,7867.7904249473095,1226
7797.6697565802,73.0840903514427,0.0,7870.753846931642,1227
7800.640182413714,73.07729131898377,0.0,7873.717473732698,1228
7803.610786126085,73.07049400739102,0.0,7876.681280133476,1229
7806.581542535311,73.06369836033399,0.0,7879.645240895645,1230
7809.552426438756,73.05690432078444,0.0,7882.60933075954,1231
7812.523412613151,73.05011183101641,0.0,7885.573524444168,1232
7815.494475814594,73.04332083260614,0.0,7888.5377966472,1233
7818.465590778548,73.03653126643214,0.0,7891.502122044981,1234
7821.436732219845,73.02974307267516,0.0,7894.46647529252,1235
7824.407874832681,73.02295619081818,0.0,7897.430831023499,1236
7827.3789932906175,73.01617055964643,0.0,7900.395163850264,1237
7830.350062246586,73.00938611724737,0.0,7903.3594483638335,1238
7833.321056332883,73.00260280101075,0.0,7906.323659133894,1239
7836.29195016117,72.9958205476285,0.0,7909.287770708798,1240
7839.262718322474,72.98903929309482,0.0,7912.251757615569,1241
7842.233335387194,72.98225897270615,0.0,7915.2155943599,1242
7845.203775905089,72.97547952106119,0.0,7918.17925542615,1243
7848.174014405289,72.96870087206085,0.0,7921.14271527735,1244
7851.144025396287,72.96192295890832,0.0,7924.105948355195,1245
7854.113783365945,72.955145714109,0.0,7927.068929080054,1246
7857.083262781491,72.94836906947053,0.0,7930.031631850961,1247
7860.052438089517,72.94159295610282,0.0,7932.9940310456195,1248
7863.021283715984,72.934817304418,0.0,7935.9561010204025,1249
7865.98977406622,72.92804204413048,0.0,7938.91781611035,1250
7868.957883524917,72.92126710425686,0.0,7941.879150629174,1251
7871.925586456135,72.91449241311601,0.0,7944.840078869251,1252
7874.892857203298,72.90771789832903,0.0,7947.800575101627,1253
7877.859670089202,72.90094348681929,0.0,7950.760613576022,1254
7880.8259994160035,72.89416910481236,0.0,7953.720168520816,1255
7883.791819465228,72.8873946778361,0.0,7956.679214143064,1256
7886.7571044977685,72.88062013072057,0.0,7959.637724628489,1257
7889.721828753882,72.87384538759811,0.0,7962.59567414148,1258
7892.685966453193,72.86707037190328,0.0,7965.553036825097,1259
7895.649491794693,72.86029500637287,0.0,7968.509786801066,1260
7898.612378956739,72.85351921304594,0.0,7971.465898169785,1261
7901.574602097055,72.84674291326378,0.0,7974.421345010318,1262
7904.5361353527305,72.83996602766992,0.0,7977.3761013804005,1263
7907.4969528402235,72.83318847621014,0.0,7980.330141316434,1264
7910.457028655357,72.82641017813245,0.0,7983.2834388334895,1265
7913.41633687332,72.81963105198712,0.0,7986.235967925307,1266
7916.374851548668,72.81285101562665,0.0,7989.187702564294,1267
7919.3325467153245,72.80606998620578,0.0,7992.13861670153,1268
7922.289396386577,72.79928788018152,0.0,7995.088684266759,1269
7925.245374555082,72.79250461331308,0.0,7998.037879168395,1270
7928.20045519286,72.78572010066193,0.0,8000.986175293522,1271
7931.154612251301,72.7789342565918,0.0,8003.933546507893,1272
7934.107819661158,72.77214699476863,0.0,8006.879966655926,1273
7937.060051332552,72.76535822816065,0.0,8009.825409560713,1274
7940.011281154971,72.75856786903827,0.0,8012.769849024009,1275
7942.961482997268,72.75177582897419,0.0,8015.713258826242,1276
7945.9106307076645,72.74498201884333,0.0,8018.655612726508,1277
7948.858698113745,72.73818634882288,0.0,8021.596884462568,1278
7951.805659022465,72.73138872839223,0.0,8024.537047750858,1279
7954.751487220143,72.72458906633305,0.0,8027.476076286476,1280
7957.696156472464,72.71778727072923,0.0,8030.413943743193,1281
7960.639640524482,72.71098324896691,0.0,8033.350623773449,1282
7963.581913100616,72.70417690773448,0.0,8036.28609000835,1283
7966.522947904648,72.69736815302255,0.0,8039.220316057671,1284
7969.462718619733,72.690556890124,0.0,8042.153275509857,1285
7972.401198908388,72.68374302363394,0.0,8045.084941932022,1286
7975.338362412497,72.67692645744972,0.0,8048.015288869947,1287
7978.274182753312,72.67010709477093,0.0,8050.944289848083,1288
7981.20863353145,72.6632848380994,0.0,8053.871918369549,1289
7984.141688326894,72.65645958923923,0.0,8056.7981479161335,1290
7987.073320698994,72.64963124929673,0.0,8059.722951948291,1291
7990.0035041864685,72.64279971868046,0.0,8062.646303905149,1292
7992.932212307399,72.63596489710123,0.0,8065.5681772045,1293
7995.859418559236,72.6291266835721,0.0,8068.488545242808,1294
7998.785096418793,72.62228497640835,0.0,8071.407381395201,1295
8001.709244260903,72.6154399848577,0.0,8074.32468424576,1296
8004.632027385482,72.60859397280382,0.0,8077.240621358285,1297
8007.553474818276,72.60174744385378,0.0,8080.15522226213,1298
8010.473578813957,72.59490043678714,0.0,8083.068479250744,1299
8013.39233162421,72.58805299008951,0.0,8085.9803846142995,1300
8016.309725497738,72.58120514195258,0.0,8088.890930639691,1301
8019.225752680261,72.57435693027413,0.0,8091.800109610535,1302
8022.140405414511,72.56750839265804,0.0,8094.7079138071695,1303
8025.0536759402385,72.56065956641423,0.0,8097.614335506652,1304
8027.965556494209,72.55381048855868,0.0,8100.519366982768,1305
8030.876039310202,72.54696119581351,0.0,8103.423000506015,1306
8033.785116619015,72.54011172460686,0.0,8106.325228343621,1307
8036.692780648461,72.53326211107296,0.0,8109.226042759534,1308
8039.5990236233665,72.52641239105215,0.0,8112.1254360144185,1309
8042.503837765576,72.51956260009081,0.0,8115.023400365666,1310
8045.407215293948,72.51271277344141,0.0,8117.919928067389,1311
8048.309148424358,72.50586294606249,0.0,8120.8150113704205,1312
8051.209629369696,72.49901315261869,0.0,8123.708642522314,1313
8054.108650339869,72.49216342748068,0.0,8126.60081376735,1314
8057.006203541798,72.48531380472527,0.0,8129.491517346523,1315
8059.902281179421,72.47846431813528,0.0,8132.380745497557,1316
8062.7968754536905,72.47161500119967,0.0,8135.2684904548905,1317
8065.6899785625765,72.46476588711342,0.0,8138.15474444969,1318
8068.581582701062,72.45791700877763,0.0,8141.039499709839,1319
8071.471680061149,72.45106839879946,0.0,8143.922748459948,1320
8074.360262831851,72.44422008949216,0.0,8146.804482921343,1321
8077.247323199202,72.43737211287501,0.0,8149.684695312077,1322
8080.132853346247,72.43052450067344,0.0,8152.563377846921,1323
8083.01684545305,72.4236772843189,0.0,8155.440522737369,1324
8085.89929169669,72.41683049494893,0.0,8158.316122191639,1325
8088.780184251259,72.40998416340716,0.0,8161.190168414666,1326
8091.659515287869,72.40313832024327,0.0,8164.062653608113,1327
8094.537276974644,72.39629299571308,0.0,8166.933569970357,1328
8097.413461476725,72.3894482197784,0.0,8169.802909696504,1329
8100.28806095627,72.38260402210719,0.0,8172.670664978377,1330
8103.1610675724505,72.37576043207343,0.0,8175.536828004524,1331
8106.032473481456,72.36891747875723,0.0,8178.401390960213,1332
8108.902270836487,72.36207519094472,0.0,8181.264346027432,1333
8111.770451787766,72.35523359712816,0.0,8184.1256853848945,1334
8114.637008482528,72.34839272550586,0.0,8186.985401208033,1335
8117.501933065021,72.34155260398222,0.0,8189.843485669004,1336
8120.365217676514,72.33471326016769,0.0,8192.699930936682,1337
8123.226854455288,72.32787472137882,0.0,8195.554729176667,1338
8126.08683553664,72.32103701463824,0.0,8198.407872551279,1339
8128.945153052885,72.31420016667464,0.0,8201.259353219559,1340
8131.801799133352,72.30736420392279,0.0,8204.109163337274,1341
8134.656765904383,72.30052915252357,0.0,8206.957295056907,1342
8137.510045489342,72.29369503832388,0.0,8209.803740527666,1343
8140.361630008602,72.28686188687674,0.0,8212.64849189548,1344
8143.211511579557,72.28002972344123,0.0,8215.491541302998,1345
8146.059682316612,72.27319857298251,0.0,8218.332880889595,1346
8148.906134331192,72.26636846017182,0.0,8221.172502791364,1347
8151.7508597317355,72.25953940938646,0.0,8224.010399141122,1348
8154.593850623695,72.25271144470985,0.0,8226.846562068406,1349
8157.435099109542,72.24588458993144,0.0,8229.680983699473,1350
8160.2745972887615,72.23905886854676,0.0,8232.513656157309,1351
8163.112337257856,72.23223430375745,0.0,8235.344571561613,1352
8165.94831111034,72.22541091847121,0.0,8238.17372202881,1353
8168.782510936749,72.21858873530182,0.0,8241.00109967205,1354
8171.614928824629,72.2117677765691,0.0,8243.826696601198,1355
8174.4455568585445,72.20494806429902,0.0,8246.650504922844,1356
8177.274387120076,72.19812962022357,0.0,8249.4725167403,1357
8180.101411687818,72.19131246578081,0.0,8252.292724153598,1358
8182.926622637381,72.18449662211493,0.0,8255.111119259496,1359
8185.750012041392,72.17768211007616,0.0,8257.927694151469,1360
8188.5715719694945,72.17086895022081,0.0,8260.742440919716,1361
8191.391294488344,72.16405716281126,0.0,8263.555351651155,1362
8194.209171661616,72.157246767816,0.0,8266.366418429432,1363
8197.025195549999,72.15043778490956,0.0,8269.175633334908,1364
8199.839358211197,72.14363023347255,0.0,8271.98298844467,1365
8202.65165169993,72.1368241325917,0.0,8274.788475832522,1366
8205.462068067938,72.13001950105976,0.0,8277.592087568997,1367
8208.27059936397,72.12321635737558,0.0,8280.393815721345,1368
8211.077237633794,72.1164147197441,0.0,8283.193652353537,1369
8213.881974920192,72.10961460607633,0.0,8285.99158952627,1370
8216.684803262964,72.10281603398934,0.0,8288.787619296954,1371
8219.485714698925,72.0960190208063,0.0,8291.581733719731,1372
8222.284701261906,72.08922358355643,0.0,8294.373924845462,1373
8225.08175498275,72.08242973897507,0.0,8297.164184721725,1374
8227.876867889318,72.07563750350357,0.0,8299.952505392821,1375
8230.67003200649,72.06884689328943,0.0,8302.73887889978,1376
8233.461239356158,72.06205792418619,0.0,8305.523297280344,1377
8236.250481957231,72.05527061175347,0.0,8308.305752568986,1378
8239.037751825632,72.04848497125695,0.0,8311.08623679689,1379
8241.823040974301,72.04170101766843,0.0,8313.864741991969,1380
8244.606341413193,72.03491876566575,0.0,8316.64126017886,1381
8247.38764514928,72.02813822963283,0.0,8319.415783378912,1382
8250.166944186549,72.02135942365967,0.0,8322.188303610208,1383
8252.944230526,72.0145823615424,0.0,8324.958812887542,1384
8255.719496165653,72.00780705678311,0.0,8327.727303222437,1385
8258.492733100544,72.00103352259009,0.0,8330.493766623134,1386
8261.263933322718,71.99426177187762,0.0,8333.258195094595,1387
8264.033088821243,71.9874918172661,0.0,8336.02058063851,1388
8266.800191582197,71.98072367108202,0.0,8338.780915253279,1389
8269.56523358868,71.97395734535789,0.0,8341.539190934038,1390
8272.328206820801,71.96719285183234,0.0,8344.295399672634,1391
8275.08910325569,71.96043020195008,0.0,8347.04953345764,1392
8277.847914867489,71.95366940686186,0.0,8349.80158427435,1393
8280.604633627356,71.94691047742455,0.0,8352.551544104781,1394
8283.359251503469,71.94015342420109,0.0,8355.29940492767,1395
8286.111760461014,71.93339825746045,0.0,8358.045158718474,1396
8288.862152462201,71.92664498717774,0.0,8360.788797449379,1397
8291.61041946625,71.9198936230341,0.0,8363.530313089283,1398
8294.356553429396,71.91314417441677,0.0,8366.269697603813,1399
8297.100546304897,71.90639665041908,0.0,8369.006942955315,1400
8299.842390043017,71.89965105984041,0.0,8371.742041102858,1401
8302.582076591043,71.89290741118621,0.0,8374.474984002229,1402
8305.319597893273,71.88616571266805,0.0,8377.20576360594,1403
8308.054945891025,71.87942597220352,0.0,8379.934371863228,1404
8310.788112522629,71.87268819741634,0.0,8382.660800720045,1405
8313.519089723432,71.86595239563627,0.0,8385.385042119067,1406
8316.247869425795,71.85921857389917,0.0,8388.107087999695,1407
8318.9744435591,71.85248673894698,0.0,8390.826930298048,1408
8321.698804049738,71.84575689722767,0.0,8393.544560946966,1409
8324.420942821118,71.83902905489535,0.0,8396.259971876014,1410
8327.140851793669,71.83230321781016,0.0,8398.97315501148,1411
8329.858522884828,71.82557939153837,0.0,8401.684102276366,1412
8332.573948009054,71.81885758135225,0.0,8404.392805590407,1413
8335.287119077817,71.81213779223019,0.0,8407.099256870048,1414
8337.998027999607,71.80542002885669,0.0,8409.803448028464,1415
8340.706666679926,71.79870429562227,0.0,8412.505370975548,1416
8343.413027021295,71.79199059662356,0.0,8415.205017617918,1417
8346.117100923248,71.78527893566324,0.0,8417.902379858911,1418
8348.818880282333,71.7785693162501,0.0,8420.597449598583,1419
8351.518356992121,71.77186174159898,0.0,8423.29021873372,1420
8354.21552294319,71.76515621463082,0.0,8425.980679157821,1421
8356.91037002314,71.7584527379726,0.0,8428.668822761114,1422
8359.602890116583,71.75175131395743,0.0,8431.35464143054,1423
8362.293075105146,71.74505194462445,0.0,8434.038127049771,1424
8364.980916867478,71.7383546317189,0.0,8436.719271499198,1425
8367.666407279236,71.73165937669211,0.0,8439.398066655927,1426
8370.349538213095,71.72496618070143,0.0,8442.074504393797,1427
8373.030301538747,71.71827504461034,0.0,8444.748576583357,1428
8375.708689122903,71.7115859689884,0.0,8447.420275091892,1429
8378.38469282928,71.70489895411121,0.0,8450.089591783391,1430
8381.05830451862,71.69821399996049,0.0,8452.75651851858,1431
8383.729516048677,71.69153110622398,0.0,8455.421047154901,1432
8386.39831927422,71.68485027229555,0.0,8458.083169546515,1433
8389.064706047033,71.67817149727512,0.0,8460.742877544308,1434
8391.72866821592,71.6714947799687,0.0,8463.400162995888,1435
8394.390197626695,71.66482011888837,0.0,8466.055017745584,1436
8397.049286122194,71.65814751225228,0.0,8468.707433634447,1437
8399.705925542261,71.65147695798468,0.0,8471.357402500245,1438
8402.360107723762,71.64480845371587,0.0,8474.004916177477,1439
8405.011824500576,71.63814199678224,0.0,8476.649966497358,1440
8407.661067703597,71.63147758422625,0.0,8479.292545287823,1441
8410.307829160738,71.62481521279645,0.0,8481.932644373535,1442
8412.952100696924,71.61815487894745,0.0,8484.570255575873,1443
8415.593874134096,71.61149657883996,0.0,8487.205370712936,1444
8418.233141291215,71.60484030834074,0.0,8489.837981599556,1445
8420.86989398425,71.59818606302265,0.0,8492.468080047272,1446
8423.504124026194,71.59153383816461,0.0,8495.095657864358,1447
8426.135823227049,71.58488362875161,0.0,8497.7207068558,1448
8428.764983393836,71.57823542947476,0.0,8500.343218823311,1449
8431.391596330592,71.5715892347312,0.0,8502.963185565322,1450
8434.015653838367,71.56494503862416,0.0,8505.580598876992,1451
8436.63714771523,71.55830283496297,0.0,8508.195450550193,1452
8439.256069756262,71.55166261726299,0.0,8510.807732373525,1453
8441.872411753564,71.54502437874571,0.0,8513.41743613231,1454
8444.486165496248,71.53838811233865,0.0,8516.024553608586,1455
8447.097322770445,71.53175381067545,0.0,8518.62907658112,1456
8449.705875359303,71.5251214660958,0.0,8521.2309968254,1457
8452.311815042978,71.51849107064545,0.0,8523.830306113623,1458
8454.915133598652,71.51186261607629,0.0,8526.426996214728,1459
8457.515822800515,71.50523609384621,0.0,8529.021058894361,1460
8460.113874419776,71.49861149511922,0.0,8531.612485914895,1461
8462.709280224657,71.4919888107654,0.0,8534.201269035422,1462
8465.302031980402,71.48536803136093,0.0,8536.787400011763,1463
8467.892121449262,71.47874914718803,0.0,8539.370870596451,1464
8470.47954039051,71.472132148235,0.0,8541.951672538746,1465
8473.064280560431,71.46551702419625,0.0,8544.529797584628,1466
8475.646333712328,71.45890376447221,0.0,8547.1052374768,1467
8478.22569159652,71.45229235816944,0.0,8549.67798395469,1468
8480.802345960341,71.44568279410058,0.0,8552.248028754442,1469
8483.376288548137,71.43907506078428,0.0,8554.815363608921,1470
8485.947511101274,71.43246914644536,0.0,8557.37998024772,1471
8488.516005358135,71.42586503901462,0.0,8559.94187039715,1472
8491.081763054115,71.41926272612903,0.0,8562.501025780244,1473
8493.644775921624,71.41266219513156,0.0,8565.057438116755,1474
8496.20503569009,71.40606343307132,0.0,8567.611099123162,1475
8498.762534085958,71.39946642670344,0.0,8570.16200051266,1476
8501.317262832687,71.39287116248917,0.0,8572.710133995175,1477
8503.869213650749,71.3862776265958,0.0,8575.255491277345,1478
8506.418378257635,71.37968580489675,0.0,8577.798064062532,1479
8508.964748367851,71.37309568297145,0.0,8580.337844050822,1480
8511.50831569292,71.36650724610546,0.0,8582.874822939026,1481
8514.049071941377,71.3599204792904,0.0,8585.408992420667,1482
8516.587008818777,71.35333536722395,0.0,8587.940344186001,1483
8519.122118027684,71.34675189430989,0.0,8590.468869921995,1484
8521.654391267688,71.34017004465808,0.0,8592.994561312345,1485
8524.183820235385,71.33358980208442,0.0,8595.51741003747,1486
8526.710396624392,71.32701115011093,0.0,8598.037407774504,1487
8529.234112125338,71.32043407196569,0.0,8600.554546197303,1488
8531.754958425872,71.31385855058286,0.0,8603.068816976454,1489
8534.272927210657,71.30728456860265,0.0,8605.58021177926,1490
8536.788010161368,71.3007121083714,0.0,8608.08872226974,1491
8539.300198956702,71.29414115194147,0.0,8610.594340108644,1492
8541.809485272364,71.28757168107134,0.0,8613.097056953437,1493
8544.315860781086,71.28100367722556,0.0,8615.596864458312,1494
8546.819317152602,71.2744371215747,0.0,8618.093754274176,1495
8549.31984605367,71.26787199499552,0.0,8620.587718048666,1496
8551.817439148064,71.26130827807074,0.0,8623.078747426134,1497
8554.312088096573,71.25474595108925,0.0,8625.566834047662,1498
8556.803784556996,71.24818499404593,0.0,8628.051969551043,1499
8559.292520184154,71.24162538664181,0.0,8630.534145570795,1500
8561.778286629882,71.23506710828397,0.0,8633.013353738166,1501
8564.26107554303,71.22851013808555,0.0,8635.489585681116,1502
8566.740878569464,71.22195445486581,0.0,8637.96283302433,1503
8569.217687352066,71.21540003715002,0.0,8640.433087389216,1504
8571.691493530734,71.2088468631696,0.0,8642.900340393904,1505
8574.162288742378,71.20229491086201,0.0,8645.36458365324,1506
8576.630064620931,71.19574415787076,0.0,8647.825808778802,1507
8579.094812797333,71.18919458154551,0.0,8650.28400737888,1508
8581.556524899548,71.18264615894192,0.0,8652.73917105849,1509
8584.015192552548,71.17609886682177,0.0,8655.191291419369,1510
8586.470807378326,71.16955268165293,0.0,8657.640360059979,1511
8588.923360995888,71.16300757960929,0.0,8660.086368575498,1512
8591.37284502126,71.15646353657087,0.0,8662.52930855783,1513
8593.819251067476,71.14992052812376,0.0,8664.9691715956,1514
8596.262570744591,71.1433785295601,0.0,8667.40594927415,1515
8598.702795659676,71.1368375158781,0.0,8669.839633175554,1516
8601.139917416815,71.13029746178212,0.0,8672.270214878597,1517
8603.57392761711,71.1237583416825,0.0,8674.697685958792,1518
8606.004817858677,71.11722012969574,0.0,8677.122037988373,1519
8608.432579736647,71.11068279964435,0.0,8679.543262536292,1520
8610.857204843169,71.10414632505697,0.0,8681.961351168226,1521
8613.278684767407,71.09761067916828,0.0,8684.376295446575,1522
8615.69701109554,71.09107583491905,0.0,8686.788086930459,1523
8618.112175410763,71.08454176495613,0.0,8689.196717175719,1524
8620.524169293285,71.07800844163245,0.0,8691.602177734918,1525
8622.932984320334,71.07147583700701,0.0,8694.00446015734,1526
8625.33861206615,71.06494392284488,0.0,8696.403555988996,1527
8627.741044101993,71.05841267061722,0.0,8698.799456772611,1528
8630.140271996135,71.05188205150127,0.0,8701.192154047636,1529
8632.536287313864,71.04535203638032,0.0,8703.581639350245,1530
8634.929081617485,71.03882259584377,0.0,8705.967904213328,1531
8637.318646466318,71.03229370018708,0.0,8708.350940166505,1532
8639.7049734167,71.02576531941179,0.0,8710.73073873611,1533
8642.08805402198,71.0192374232255,0.0,8713.107291445205,1534
8644.46787983253,71.01270998104194,0.0,8715.480589813571,1535
8646.844442395726,71.00618296198085,0.0,8717.850625357707,1536
8649.217733255971,70.99965633486809,0.0,8720.21738959084,1537
8651.587743954678,70.99313006823557,0.0,8722.580874022913,1538
8653.954466030276,70.98660413032131,0.0,8724.941070160598,1539
8656.317891018214,70.98007848906937,0.0,8727.297969507283,1540
8658.678010450947,70.97355311212992,0.0,8729.651563563077,1541
8661.034815857958,70.96702796685919,0.0,8732.001843824817,1542
8663.388298765734,70.96050302031948,0.0,8734.348801786055,1543
8665.738450697787,70.95397823927917,0.0,8736.692428937065,1544
8668.085263174638,70.94745359021273,0.0,8739.032716764852,1545
8670.42872771383,70.94092903930071,0.0,8741.369656753131,1546
8672.768835829915,70.93440455242973,0.0,8743.703240382345,1547
8675.105579034464,70.92788009519244,0.0,8746.033459129656,1548
8677.438948836063,70.92135563288765,0.0,8748.36030446895,1549
8679.768936740315,70.9148311305202,0.0,8750.683767870834,1550
8682.095534249838,70.90830655280101,0.0,8753.00384080264,1551
8684.418732864266,70.90178186414707,0.0,8755.320514728413,1552
8686.738524080245,70.89525702868148,0.0,8757.633781108927,1553
8689.054899391442,70.88873201023338,0.0,8759.943631401675,1554
8691.367850288538,70.882206772338,0.0,8762.250057060875,1555
8693.677368259227,70.87568127823664,0.0,8764.553049537462,1556
8695.98344478822,70.86915549087671,0.0,8766.852600279097,1557
8698.286071357248,70.86262937291166,0.0,8769.14870073016,1558
8700.585239445052,70.85610288670102,0.0,8771.441342331753,1559
8702.88094052739,70.84957599431041,0.0,8773.7305165217,1560
8705.173166077038,70.84304865751153,0.0,8776.016214734549,1561
8707.461907563784,70.83652083778215,0.0,8778.298428401566,1562
8709.747156454432,70.8299924963061,0.0,8780.577148950739,1563
8712.028904212808,70.82346359397333,0.0,8782.852367806781,1564
8714.307142299747,70.8169340913798,0.0,8785.124076391126,1565
8716.581862173101,70.81040394882763,0.0,8787.39226612193,1566
8718.853055287738,70.80387312632496,0.0,8789.656928414062,1567
8721.120713095543,70.797341583586,0.0,8791.918054679129,1568
8723.384827045413,70.79080928003108,0.0,8794.175636325444,1569
8725.645388583267,70.78427617478658,0.0,8796.429664758054,1570
8727.902389152034,70.77774222668496,0.0,8798.680131378718,1571
8730.15582019166,70.77120739426478,0.0,8800.927027585923,1572
8732.405673139108,70.76467163577061,0.0,8803.170344774879,1573
8734.651939428355,70.75813490915317,0.0,8805.410074337507,1574
8736.894610490397,70.75159717206922,0.0,8807.646207662467,1575
8739.13367775324,70.74505838188162,0.0,8809.87873613512,1576
8741.369132641912,70.73851849565929,0.0,8812.107651137572,1577
8743.600966578451,70.73197747017721,0.0,8814.332944048629,1578
8745.829170981913,70.72543526191649,0.0,8816.55460624383,1579
8748.053737268374,70.71889182706425,0.0,8818.772629095438,1580
8750.274656850916,70.71234712151374,0.0,8820.98700397243,1581
8752.491921139645,70.70580110086426,0.0,8823.19772224051,1582
8754.705521541679,70.6992537204212,0.0,8825.404775262099,1583
8756.915449461154,70.69270493519602,0.0,8827.60815439635,1584
8759.121696299218,70.68615469990625,0.0,8829.807850999125,1585
8761.324253454039,70.67960296897552,0.0,8832.003856423014,1586
8763.523112320796,70.67304969653351,0.0,8834.19616201733,1587
8765.718264291689,70.66649483641598,0.0,8836.384759128105,1588
8767.909700755928,70.6599383421648,0.0,8838.569639098094,1589
8770.097413099742,70.65338016702788,0.0,8840.75079326677,1590
8772.281392706378,70.64682026395921,0.0,8842.928212970337,1591
8774.461630956092,70.6402585856189,0.0,8845.101889541711,1592
8776.638119226162,70.63369508437304,0.0,8847.271814310534,1593
8778.810848890877,70.62712971229394,0.0,8849.437978603171,1594
8780.979811321546,70.62056242115985,0.0,8851.600373742705,1595
8783.14499788649,70.61399316245516,0.0,8853.758991048944,1596
8785.306399951047,70.60742188737035,0.0,8855.913821838418,1597
8787.46400887757,70.60084854680194,0.0,8858.064857424373,1598
8789.617816025431,70.59427309135256,0.0,8860.212089116783,1599
8791.767812751012,70.5876954713309,0.0,8862.355508222343,1600
8793.913990407716,70.58111563675172,0.0,8864.495106044467,1601
8796.05634034596,70.57453353733587,0.0,8866.630873883296,1602
8798.194853913174,70.56794912251027,0.0,8868.762803035685,1603
8800.329522453803,70.56136234140791,0.0,8870.890884795212,1604
8802.460337309318,70.5547731428679,0.0,8873.015110452186,1605
8804.587289818191,70.54818147543536,0.0,8875.135471293626,1606
8806.710371315921,70.54158728736151,0.0,8877.251958603283,1607
8808.829616770377,70.53499102643912,0.0,8879.364607796817,1608
8810.945267416031,70.52839549470981,0.0,8881.473662910741,1609
8813.057359420816,70.5218011324726,0.0,8883.579160553289,1610
8815.165890238923,70.51520793544812,0.0,8885.681098174371,1611
8817.270857350433,70.50861589938256,0.0,8887.779473249815,1612
8819.372258261319,70.50202502004772,0.0,8889.874283281366,1613
8821.470090503446,70.49543529324104,0.0,8891.965525796688,1614
8823.564351634566,70.48884671478551,0.0,8894.053198349351,1615
8825.655039238329,70.48225928052976,0.0,8896.13729851886,1616
8827.742150924269,70.47567298634799,0.0,8898.217823910616,1617
8829.825684327812,70.46908782814003,0.0,8900.294772155952,1618
8831.90563711028,70.46250380183129,0.0,8902.36814091211,1619
8833.982006958882,70.45592090337279,0.0,8904.437927862255,1620
8836.05479158672,70.44933912874114,0.0,8906.50413071546,1621
8838.123988732783,70.4427584739386,0.0,8908.566747206722,1622
8840.189596161954,70.43617893499294,0.0,8910.625775096947,1623
8842.25161166501,70.42960050795762,0.0,8912.681212172967,1624
8844.310033058613,70.42302318891164,0.0,8914.733056247525,1625
8846.36485818532,70.41644697395965,0.0,8916.781305159278,1626
8848.416084913575,70.40987185923187,0.0,8918.825956772807,1627
8850.463711137721,70.40329784088411,0.0,8920.867008978606,1628
8852.507734777982,70.39672491509782,0.0,8922.90445969308,1629
8854.548153780483,70.39015307808002,0.0,8924.938306858563,1630
8856.584966117229,70.38358232606335,0.0,8926.968548443292,1631
8858.618169786125,70.37701265530605,0.0,8928.995182441431,1632
8860.647762810964,70.37044406209192,0.0,8931.018206873056,1633
8862.673743241428,70.36387654273042,0.0,8933.03761978416,1634
8864.696109153096,70.3573100935566,0.0,8935.053419246653,1635
8866.714858647429,70.35074471093108,0.0,8937.06560335836,1636
8868.729989851785,70.34418039124009,0.0,8939.074170243024,1637
8870.741500919414,70.33761713089548,0.0,8941.07911805031,1638
8872.749390029452,70.3310549263347,0.0,8943.080444955787,1639
8874.753655386932,70.32449377402078,0.0,8945.078149160952,1640
8876.754295222772,70.31793367044236,0.0,8947.072228893214,1641
8878.751307793787,70.3113746121137,0.0,8949.062682405902,1642
8880.744691382677,70.30481659557462,0.0,8951.049507978252,1643
8882.734444298036,70.2982596173906,0.0,8953.032703915425,1644
8884.720564874351,70.29170367415267,0.0,8955.012268548504,1645
8886.703051471995,70.28514876247748,0.0,8956.988200234473,1646
8888.681902477238,70.27859487900727,0.0,8958.960497356245,1647
8890.657116302236,70.27204202040991,0.0,8960.929158322646,1648
8892.628691385038,70.26549018337884,0.0,8962.894181568417,1649
8894.596626189585,70.25893936463314,0.0,8964.855565554219,1650
8896.560919205705,70.25238956091742,0.0,8966.813308766623,1651
8898.521568949125,70.24584076900197,0.0,8968.767409718128,1652
8900.478573961453,70.23929298568264,0.0,8970.717866947136,1653
8902.431932810196,70.23274620778088,0.0,8972.664679017977,1654
8904.381644088746,70.22620043214376,0.0,8974.60784452089,1655
8906.327706416392,70.21965565564392,0.0,8976.547362072037,1656
8908.27011843831,70.21311187517965,0.0,8978.48323031349,1657
8910.208878825566,70.20656908767481,0.0,8980.415447913241,1658
8912.143986275121,70.20002729007885,0.0,8982.3440135652,1659
8914.075439509825,70.19348647936684,0.0,8984.268925989192,1660
8916.003237278419,70.18694665253945,0.0,8986.190183930958,1661
8917.927378355533,70.18040780662294,0.0,8988.107786162156,1662
8919.847861541692,70.17386993866918,0.0,8990.021731480361,1663
8921.76468566331,70.16733304575565,0.0,8991.932018709065,1664
8923.677849572689,70.16079712498542,0.0,8993.838646697674,1665
8925.587352148028,70.15426217348715,0.0,8995.741614321516,1666
8927.493192293412,70.14772818841513,0.0,8997.640920481826,1667
8929.395368938822,70.14119516694923,0.0,8999.53656410577,1668
8931.293881040123,70.13466310629491,0.0,9001.428544146418,1669
8933.188727579078,70.12813200368326,0.0,9003.316859582761,1670
8935.079907563337,70.12160185637097,0.0,9005.201509419709,1671
8936.967420026442,70.1150726616403,0.0,9007.082492688081,1672
8938.851264027826,70.10854441679915,0.0,9008.959808444624,1673
8940.731438652812,70.10201711918097,0.0,9010.833455771994,1674
8942.607943012617,70.09549076614488,0.0,9012.703433778763,1675
