subclone_1,subclone_2,total_tumor,days
42729.0,57271.0,100000.0,1
43085.758150012676,57733.22464145167,100818.98279146434,2
43443.98829360961,58194.7639865993,101638.75228020891,3
43803.626181623564,58655.23256033895,102458.85874196251,4
44164.60672220835,59114.24828993624,103278.85501214459,5
44526.87011259144,59571.47945472806,104098.3495673195,6
44890.35048761048,60026.54395223565,104916.89443984613,7
45254.97586853523,60479.008853219406,105733.98472175463,8
45620.668163067516,60928.39040167892,106549.05856474643,9
45987.34316534122,61374.154014852946,107361.49718019416,10
46354.91055592233,61815.714283219415,108170.62483914175,11
46723.2739018089,62252.434970495444,108975.70887230434,12
47092.33065643104,62683.6290136373,109775.95967006835,13
47461.97215965096,63108.55852284045,110570.53068249142,14
47832.08363776296,63526.43478153953,111358.51841930249,15
48202.54420349337,63936.41824640834,112138.96244990171,16
48573.226856000634,64337.61854735986,112910.8454033605,17
48943.99848087526,64729.094487546245,113673.09296842151,18
49314.71985013984,65109.854043358835,114424.57389349867,19
49685.24562224903,65478.85436442812,115164.09998667715,20
50055.424342089565,65835.0017736238,115890.42611571336,21
50425.098417064706,66177.15249563094,116602.25091269566,22
50794.06413809386,66505.2547865205,117299.31892461436,23
51162.12451892125,66818.44556174883,117980.57008067008,24
51529.10998142922,67114.50407629815,118643.61405772736,25
51894.83539970456,67391.21072180064,119286.0461215052,26
52259.10010003853,67646.3470265385,119905.44712657703,27
52621.687860926795,67877.69565544387,120499.38351637067,28
52982.366913069505,68083.04041009891,121065.40732316842,29
53340.88993937123,68260.16622873576,121601.056168107,30
53696.99407494098,68406.85918623654,122103.85326117752,31
54050.40090709224,68520.90649413339,122571.30740122564,32
54400.81647534292,68600.0965006084,123000.91297595133,33
54747.93127141537,68642.21869049367,123390.14996190905,34
55091.4202392364,68645.06368527125,123736.48392450766,35
55430.942774937255,68606.42324307324,124037.36601801049,36
55766.14272685363,68524.09025868167,124290.23298553529,37
56096.648395525655,68395.8587635286,124492.50715905425,38
56422.07253369792,68219.52392569603,124641.59645939396,39
56742.01234631946,67992.88204991602,124734.89439623548,40
57056.04949054374,67713.73057757053,124769.78006811427,41
57363.75007572867,67379.86808669158,124743.61816242026,42
57664.66466343663,66989.09429196116,124653.75895539779,43
57958.32826743442,66539.21004471119,124497.53831214561,44
58244.2603536933,66028.01733292366,124272.27768661696,45
58521.964840388966,65453.319281230506,123975.28412161948,46
58790.93009790156,64812.92015091366,123603.85024881523,47
59050.62961115145,64104.63120626169,123155.26081741315,48
59300.555624851724,63327.15646335821,122627.71208820993,49
59540.089587009934,62480.38260633474,122020.47219334467,50
59768.54954852245,61564.521119478915,121333.07066800137,51
59985.24382151176,60580.24164584124,120565.48546735299,52
60189.47097932645,59528.671987235124,119718.14296656157,53
60380.51985654122,58411.398104236825,118791.91796077805,54
60557.66954895691,57230.46411618551,117788.13366514242,55
60720.18941360045,55988.37230118322,116708.56171478366,56
60867.339068724876,54688.08309609486,115555.42216481973,57
60998.36839380937,53333.01509654824,114331.3834903576,58
61112.51752955919,51927.04505693403,113039.56258649322,59
61209.01687790574,50474.5078904058,111683.52476831154,60
61287.087102006524,48980.19666887999,110267.28377088651,61
61345.93912624516,47449.36262303592,108795.30174928109,62
61384.77413623138,45887.7151423158,107272.48927854717,63
61402.783578801034,44301.421774924704,105704.20535372573,64
61399.14916201608,42697.108227830606,104096.2573898467,65
61373.04285516459,41081.858366764354,102454.90122192894,66
61323.62688876076,39463.21421621967,100786.84110498043,67
61250.05375454489,37849.17595945317,99099.22971399807,68
61151.46620548339,36248.20193848434,97399.66814396772,69
61027.09068782425,34668.50348832929,95695.59417615354,70
60876.58207071838,33112.90922656487,93989.49129728325,71
60699.0212597887,31584.890601770658,92283.91186155936,72
60493.46834306865,30088.185040506163,90581.65338357481,73
60259.08395913789,28626.19333307131,88885.2772922092,74
59995.12929712236,27201.97963350641,87197.10893062878,75
59700.966096694196,25818.271459592168,85519.23755628636,76
59376.0566480718,24477.459692849698,83853.51634092149,77
59019.963792019815,23181.5985785405,82201.5623705603,78
58632.35091984911,21932.405725666475,80564.75664551559,79
58212.98197341681,20731.26210696993,78944.24408038674,80
57761.721445126284,19579.21205893356,77340.93350405985,81
57278.53437792712,18476.963281780463,75755.49765970759,82
56763.48636531517,17424.886839474122,74188.3732047893,83
56216.74355133251,16423.017159718434,72639.76071105094,84
55638.57263056747,15471.05203395768,71109.62466452515,85
55029.3408481546,14568.35261737655,69597.69346553115,86
54389.515999774725,13713.943428900122,68103.45942867485,87
53719.66643165487,12906.512351193876,66626.17878284874,88
53020.46104056835,12144.41063066369,65164.87167123204,89
52292.66927383466,11425.652877455843,63718.3221512905,90
51537.1611293196,10747.91706545699,62285.078194776586,91
50754.80711874583,10109.11861117739,60863.92572992323,92
49946.71038056016,9507.885027904691,59454.59540846485,93
49114.36915545607,8942.247922110422,58056.617077566494,94
48259.330740477686,8410.303531466428,56669.634271944116,95
47383.186456660806,7910.228859948331,55293.415316609135,96
46487.57164903294,7440.281677835519,53927.85332686846,97
45574.16568661328,6998.80052171116,52572.96620832445,98
44644.69196241272,6584.204694462191,51228.89665687491,99
43700.91789343384,6194.994265279319,49895.91215871316,100
42744.65492067094,5829.750069657024,48574.40499032797,101
41777.758509109975,5487.133709393567,47264.89221850354,102
40802.128147728625,5165.88755259097,45968.01570031959,103
39819.70734949625,4864.834733655032,44684.54208315129,104
38832.48365137393,4582.879153295328,43415.362804669254,105
37842.4886143144,4319.005478525201,42161.4940928396,106
36851.797823262124,4072.2791426617678,40924.076965923894,107
35862.47591702445,3841.725823133644,39704.201740158096,108
34876.19386375063,3625.6534087052996,38501.84727245593,109
33894.7402286773,3423.0227775395765,37317.763006216876,110
32919.86945579867,3232.9968291048144,36152.86628490348,111
31953.23508362364,3054.778565505772,35008.01364912941,112
30996.38974517582,2887.6110914836245,33884.00083665944,113
30050.78516799349,2730.777614415969,32781.562782409455,114
29117.77217412963,2583.601444316817,31701.373618446447,115
28198.600680151903,2445.445993836601,30644.046673988505,116
27294.419697142668,2315.7147782621714,29610.13447540484,117
26406.27733069897,2193.851415516797,28600.128746215767,118
25535.12078093255,2079.3396261601647,27614.460407092716,119
24681.796342469825,1971.7032333883803,26653.499575858204,120
23847.049404451915,1870.5061630339683,25717.555567485884,121
23031.524450534627,1775.35244356587,24806.876894100496,122
22235.765058888457,1685.8862060894485,23921.651264977907,123
21460.21461914103,1601.791032450569,23062.005651591597,124
20705.334576361798,1522.6408493365273,22227.975425698325,125
19971.336490139143,1448.051086837953,21419.387576977097,126
19258.24080965393,1377.7551359067666,20635.995945560695,127
18566.03069749122,1311.497783639687,19877.528481130907,128
17894.652029640285,1249.0352132782323,19143.687242918517,129
17244.0133954946,1190.135004208719,18434.148399703317,130
16613.986097851848,1134.5761319622632,17748.56222981411,131
16004.40415291391,1082.1489682147794,17086.55312112869,132
15415.064290286873,1032.6552807869812,16447.719571073852,133
14845.725952981033,985.9082336443805,15831.634186625413,134
14296.111297410882,941.732386897289,15237.84368430817,135
13765.905193395123,899.9636968008164,14665.86889019594,136
13254.755224156666,860.4495157548722,14115.204739911538,137
12762.271686322616,823.0485923041635,13585.32027862678,138
12288.027589924293,787.6310711381975,13075.65866106249,139
11831.55865839721,754.0784930912795,12585.63715148849,140
11392.36332858109,722.2837951425145,12114.647123723604,141
10969.902750719866,692.1513104158054,11662.054061135672,142
10563.606426001756,663.5957520794132,11227.202178081168,143
10173.101145459408,636.5012865629842,10809.602432022391,144
9797.928272298474,610.7734377827064,10408.701710081179,145
9437.53108742047,586.341037944148,10023.872125364618,146
9091.368621461977,563.1355947978468,9654.504216259824,147
8758.915654794633,541.0912916393111,9300.006946433945,148
8439.66271752513,520.1449873090188,8959.80770483415,149
8133.11608949522,500.2362161924181,8633.352305687638,150
7838.797800281711,481.30718821992707,8320.104988501638,151
7556.245629196472,463.3027888669337,8019.548418063406,152
7285.013105286425,446.17057915379627,7731.183684440221,153
7024.669507333554,429.86079564584287,7454.530302979397,154
6774.799863854898,414.32635045337145,7189.1262143082695,155
6535.0049531025525,399.5228312316503,6934.527784334203,156
6304.901303063674,385.4085011809176,6690.309804244592,157
6084.121191460476,371.94429904638133,6456.065490506858,158
5872.312645750227,359.0938391182198,6231.406484868447,159
5669.139443125254,346.82341123158113,6015.962854356835,160
5474.281110512942,335.1019807665835,5809.383091279526,161
5287.432924575738,323.90118864831516,5611.334113224053,162
5108.305911711137,313.1953513468343,5421.501263057971,163
4936.626848051699,302.96146087716886,5239.588308928868,164
4772.12754448861,293.1785483994297,5065.3060928880395,165
4614.356160032797,283.816668721755,4898.172828754552,166
4462.962304269856,274.8533474227888,4737.815651692645,167
4317.673481454777,266.27088637344394,4583.944367828221,168
4178.226392648048,258.0521469691551,4436.278539617203,169
4044.3669357156573,250.18055012987836,4294.547485845535,170
3915.8502053290945,242.6400763000915,4158.490281629186,171
3792.4404929653474,235.41526544879383,4027.8557584141413,172
3673.911286906904,228.49121706950623,3902.40250397641,173
3560.0452722417535,221.85359018027123,3781.8988624220246,174
3450.634330863384,215.4886033236529,3666.122934187037,175
3345.4795414707824,209.38303456673694,3554.8625760375194,176
3244.391179568437,203.52422150113057,3447.9154010695675,177
3147.188717466337,197.9000612429627,3345.0887787092997,178
3053.700824279968,192.49901043288372,3246.1998347128515,179
2963.7653659303187,187.31008523606567,3151.0754511663845,180
2877.229405143876,182.32286134220223,3059.552266486078,181
2793.9492014526286,177.52747396550853,2971.4766754181373,182
2713.7902111940616,172.9146178447214,2886.704829038783,183
2636.627087511163,168.47554724309924,2805.1026347542625,184
2562.34368035242,164.20207594842196,2726.545756300842,185
2490.8330364718195,160.08657727299115,2650.9196137448107,186
2421.997399428847,156.12198405363006,2578.119383482477,187
2355.748209588492,152.30178865168327,2508.0499982401752,188
2292.0061041212375,148.62004295301725,2440.6261470742547,189
2230.700917003072,145.0713583680198,2375.772275371092,190
2171.77167901548,141.6509058316004,2313.4225848470805,191
2115.149925821111,138.35404598344,2253.503971804551,192
2060.605665313267,135.17296279976384,2195.7786281130307,193
2008.0180500137658,132.10256372726,2140.120613741026,194
1957.312494150695,129.13885488499173,2086.4513490356867,195
1908.4165040779365,126.2779430401559,2034.6944471180923,196
1861.2596782751662,123.51603560808267,1984.7757138832487,197
1815.7737073478543,120.84944065223573,1936.62314800009,198
1771.8923740272662,118.27456688421216,1890.1669409114784,199
1729.5515531704607,115.78792366374255,1845.3394768342032,200
1688.689211760292,113.38612099869087,1802.0753327589828,201
1649.2454089054086,111.06586954505457,1760.311278450463,202
1611.1622958402527,108.82398060696453,1719.9862764472173,203
1574.384115925062,106.65736613668508,1681.041482061747,204
1538.8572046458671,104.56303873461403,1643.4202433804812,205
1504.5299896144952,102.53811164928257,1607.0681012637779,206
1471.3529905685664,100.57979877735532,1571.9327893459217,207
1439.2788193714955,98.68541466363048,1537.964234035126,208
1408.262180012492,96.85237450103955,1505.1145545135316,209
1378.2598686065598,95.0781941306475,1473.3380627372073,210
1349.2307733944967,93.36049004165282,1442.5912634361496,211
1321.1358747428962,91.6969793713874,1412.8328541142837,212
1293.9382451441447,90.08547990531652,1384.0237250494613,213
1267.6030492164243,88.52391007703899,1356.1269592934634,214
1242.097543703711,87.01028896828703,1329.107832671998,215
1217.3910774757753,85.5427363089263,1302.9338137847017,216
1193.455091528182,84.11947247695589,1277.574564005138,217
1170.2631189822905,82.73881849850837,1253.001937480799,218
1147.7907850852548,81.39919604784971,1229.1899811331045,219
1126.0158072100232,80.0991274473794,1206.1149346574027,220
1104.9179948553383,78.8372356676303,1183.7552305229685,221
1084.4792496457371,77.61224432726871,1162.0914939730058,222
1064.6835653315516,76.42297769309444,1141.106543024646,223
1045.5170277889079,75.26836068004069,1120.7853884689484,224
1026.9678150197258,74.14741885117415,1101.1152338708998,225
1009.0261767942126,73.05927785674498,1082.0854546509577,226
991.6414636826166,72.00201440756956,1063.6434780901861,227
974.762503870444,70.97385439130888,1045.736358261753,228
958.3752328210644,69.97408499044984,1028.3493178115143,229
942.4658412126419,69.00200408965297,1011.4678453022948,230
927.0207749381352,68.05692027575233,995.0776952138875,231
912.0267351052979,67.13815283775563,979.1648879430536,232
897.470678036678,66.24503176684411,963.7157098035221,233
883.3398152696183,65.37689775637268,948.716713025991,234
869.621613556256,64.53310220186978,934.1547157581258,235
856.3037948635231,63.71300720103746,920.0168020645606,236
843.3743363731462,62.91598555375139,906.2903219268976,237
830.8214704816467,62.14142076206079,892.9628912437074,238
818.6336848003401,61.3887070301885,880.0223918305286,239
806.7997221553373,60.65724926453095,867.4569714198683,240
795.3085805875432,59.94646307365815,855.2550436612014,241
784.1495133526578,59.25577476831373,843.4052881209715,242
773.3120289211753,58.58462136141487,831.8966502825901,243
762.7858909783849,57.93245056805239,820.7183415464374,244
752.5611184243701,57.29872080549065,809.8598392298608,245
742.6279853740093,56.68290119316767,799.310886567177,246
732.9770211569755,56.084471552695014,789.0614927096706,247
723.5990103177362,55.50292240785784,779.101932725594,248
714.4849926155537,54.93775498461492,769.4227476001686,249
705.6262630244848,54.38848121109861,760.0147442355834,250
697.014371733381,53.85462371761484,750.8689954509958,251
688.6411241458884,53.335715836643175,741.9768399825316,252
680.4985808804478,52.83130160283673,733.3298824832846,253
672.5790577702946,52.34093575302224,724.9199935233169,254
664.8751258634586,51.864183726200025,716.7393095896587,255
657.3796114227649,51.400621663543994,708.780233086309,256
650.0855959258324,50.94983640840165,701.0354323342341,257
642.9864160650752,50.511425506294096,693.4978415713693,258
636.0756637477017,50.084997204916014,686.1606609526177,259
629.3471860957153,49.670170454135686,679.017356549851,260
622.7950854459139,49.26657490599501,672.0616603519088,261
616.4137193498896,48.87385091470942,665.287570264599,262
610.1977005740298,48.49164953666801,658.6893501106978,263
604.141897099516,48.11963253043342,652.2615296299493,264
598.2414321223248,47.7574723567419,645.9989044790667,265
592.4916840532271,47.404852178503276,639.8965362317304,266
586.8882865177886,47.06146586080101,633.9497523785897,267
581.4271283563694,46.7270179708921,628.1541463272615,268
576.1043536241248,46.40122377820718,622.5055774023319,269
570.9163615910038,46.083809254350456,617.0001708453542,270
565.8598067417508,45.77451107309974,611.6343178148505,271
560.9315987759048,45.47307661040642,606.4046753863113,272
556.128902607799,45.179263944395494,601.3081665521945,273
551.4491383665613,44.892841855365546,596.3419802219269,274
546.8899813961152,44.613589825788736,591.5035712219039,275
542.4493622551772,44.341298040310846,586.7906602954881,276
538.1254667172595,44.07576738575125,582.2012341030108,277
533.9167357706691,43.81680945110288,577.733545221772,278
529.8218656185066,43.564246527532276,573.386112146039,279
525.8393397799222,43.31792461657039,569.1572643964926,280
521.959053302738,43.07795426912608,565.037007571864,281
518.1759897806218,42.84433442117972,561.0203242018015,282
514.4885491128372,42.6169737231669,557.1055228360041,283
510.8951478713662,42.395781662878015,553.2909295342442,284
507.3942193009083,42.18066856545829,549.5748878663666,285
503.9842133188809,41.971545593407726,545.9557589122886,286
500.6635965154194,41.76832474658116,542.4319212620005,287
497.43085215337686,41.5709188621882,539.001771015565,288
494.2844801683243,41.3792416147933,535.6637217831176,289
491.22299716855053,41.19320751631569,532.4162046848662,290
488.2449364350622,41.012731916029416,529.2576683510916,291
485.3488479215838,40.83773100056333,526.1865789221471,292
482.5332982545578,40.668121793901086,523.2014200484589,293
479.79687073314426,40.503822157381165,520.3006928905254,294
477.13816532922135,40.344750789696825,517.4829161189182,295
474.55579868738494,40.19082722689614,514.746625914281,296
472.04840412494866,40.041971842382004,512.0903759673307,297
469.61463163194423,39.898105846912095,509.5127374788563,298
467.25314787112103,39.759151288598915,507.01229915971993,299
464.96263617794637,39.62503105290977,504.58766723085614,300
462.7417965606053,39.495668862666754,502.23746542327206,301
460.58934570000076,39.37098927804679,499.96033497804757,302
458.5040169497537,39.2509176965816,497.7549346463353,303
456.48456033620266,39.13538035315771,495.61994068936036,304
454.52974255840417,39.02430432001644,493.5540468784206,305
452.6383469881325,38.91761750675394,491.55596449488644,306
450.80917366988,38.81524866032115,489.6244223302012,307
449.0410393208566,38.71712736502383,487.75816668588044,308
447.33277733099015,38.623184042522524,485.95596137351265,309
445.68323776292647,38.5333499518326,484.21658771475904,310
444.091287352029,38.44755718932423,482.5388445413532,311
442.55580950637926,38.36573868872238,480.92154819510165,312
441.0757043067765,38.28782822110684,479.36353252788336,313
439.64988850673774,38.2137603949122,477.8636489016499,314
438.277295532498,38.14347065592784,476.42076618842583,315
436.9568754830101,38.07689528729798,475.0337707703081,316
435.6875951299446,38.01397140952161,473.7015665394662,317
434.46843791769004,37.95463698045255,472.4230748981426,318
433.29840396335265,37.8988307952994,471.19723475865203,319
432.17651005675674,37.846492486625614,470.02300254338235,320
431.10178966044424,37.7975625243494,468.89935218479366,321
430.07329290967505,37.751982215743816,467.82527512541884,322
429.09008661242683,37.70969370543668,466.7997803178635,323
428.1512542493952,37.67063997541065,465.8218942248059,324
427.2558959739935,37.63476484500319,464.8906608189967,325
426.40312861235304,37.60201297090656,464.0051415832596,326
425.5920856633228,37.572329847167815,463.1644155104906,327
424.82191729846977,37.545661805188836,462.3675791036586,328
424.09179036207877,37.5219560137263,461.6137463758051,329
423.40088837115235,37.5011604788917,460.902048850044,330
422.748411515411,37.48322404415132,460.23163555956233,331
422.1335766572931,37.46809639032627,459.60167304761933,332
421.55561733195464,37.455728035592436,459.01134536754705,333
421.01378374726977,37.44607033548054,458.4598540827503,334
420.5073427838303,37.4390754828761,457.9464182667064,335
420.0355779949459,37.434696508019435,457.47027450296537,336
419.59778960664414,37.432887278505675,457.03067688514983,337
419.1932945176704,37.43360249928475,456.6268970169551,338
418.82142629948777,37.43679771266141,456.2582240121492,339
418.4815351962775,37.442429298295195,455.9239644945727,340
418.17298812493846,37.450454473200466,455.6234425981389,341
417.89516867508735,37.46083129174637,455.35599996683374,342
417.64747710905885,37.47351864565689,455.12099575471575,343
417.42933036190533,37.488476264010785,454.9178066259161,344
417.2401620413972,37.505664713241636,454.7458267546388,345
417.07942242802244,37.52504539713782,454.60446782516027,346
416.9465784749872,37.54658055684255,454.49315903182975,347
416.84110028701326,37.57023606899733,454.41133635601057,348
416.7626560299159,37.59600661708047,454.3586626469964,349
416.7112856015168,37.623900331239994,454.3351859327568,350
416.6870513348638,37.65392491318098,454.34097624804474,351
416.6900129446594,37.68608785881466,454.37610080347406,352
416.72022752726065,37.720396458258385,454.44062398551904,353
416.7777495606794,37.7568577958357,454.5346073565151,354
416.862630904582,37.79547875007628,454.65810965465823,355
416.9749208002895,37.83626599371595,454.81118679400544,356
417.11466587077774,37.87922599369669,454.99389186447445,357
417.28191012067697,37.92436501116665,455.2062751318436,358
417.4766949362722,37.97168910148011,455.44838403775236,359
417.6990590855032,38.021204114197516,455.72026319970075,360
417.9490387179643,38.072915693085456,456.02195441104976,361
418.22666736490436,38.12682927611668,456.353496641021,362
418.53197593922704,38.1829500954701,456.71492603469716,363
418.86499273549066,38.24128317753075,457.1062759130214,364
419.2257434299081,38.30183334288984,457.52757677279794,365
419.61425108034695,38.364605206344734,457.97885628669167,366
420.0305361263295,38.42960317689894,458.4601393032284,367
420.47461638903246,38.49683145776211,458.9714478467946,368
420.94650707128756,38.56629404635007,459.51280111763765,369
421.4462207575808,38.63799473428479,460.0842154918656,370
421.97376741405316,38.711937107394384,460.6857045214475,371
422.52915438850005,38.78812454571313,461.31727893421316,372
423.11238641037164,38.86656022348146,461.97894663385307,373
423.7234655907726,38.94724710914593,462.6707126999185,374
424.3623914224625,39.03018796535929,463.3925793878218,375
425.0291607798554,39.11538534898042,464.14454612883577,376
425.7237679190199,39.202841611074355,464.92660953009425,377
426.44620447767954,39.29255889691229,465.7387633745918,378
427.1964594752123,39.38453914597156,466.5809986211839,379
427.97451931265084,39.47878409193566,467.4533034045865,380
428.78036777268255,39.57529526269423,468.3556630353768,381
429.6139860196494,39.67407398034309,469.2880599999925,382
430.47535259954805,39.77512136118417,470.2504739607322,383
431.36444344002973,39.87843831572559,471.2428817557553,384
432.28123185040045,39.9840255486816,472.26525739908203,385
433.2256885216207,40.09188355897261,473.3175720805933,386
434.19778152630585,40.20201263972519,474.39979416603103,387
435.1974763187257,40.31441287827205,475.51188919699774,388
436.2247357348049,40.42908415615206,476.6538198909569,389
437.27951999212246,40.546026149110226,477.8255461412327,390
438.3617866899124,40.66523832709775,479.02702501701015,391
439.47149080906314,40.78671995427193,480.25821076333506,392
440.6085847121178,40.91047008899626,481.51905480111407,393
441.77301814327427,41.03648758384037,482.80950572711464,394
442.96473822838493,41.16477108558004,484.12950931396495,395
444.1836894749569,41.29531903519721,485.47900851015413,396
445.42981377215193,41.428129667879965,486.8579434400319,397
446.7030503907864,41.56320101302255,488.26625140380895,398
448.0033359833314,41.70053089422535,489.7038668775567,399
449.3306045839126,41.84011692929493,491.1707215132075,400
450.68478760831033,41.98195653024397,492.6667441385543,401
452.0658138539597,42.12604690329134,494.19186075725105,402
453.4736094999502,42.27238504886203,495.74599454881223,403
454.9080981070263,42.42096776158721,497.3290658686135,404
456.36920061758684,42.571791630304176,498.940992247891,405
457.8568353556855,42.7248530380564,500.5816883937419,406
459.37091802703054,42.8801481620935,502.25106618912406,407
460.9113617189848,43.03767297387124,503.949034692856,408
462.47807690056584,43.19742323905153,505.6755001396174,409
464.07097142244595,43.359394517502466,507.4303659399484,410
465.68995051695197,43.52358216329826,509.21353268025024,411
467.33491679806536,43.689981324719284,511.02489812278463,412
469.0057702614223,43.85858694425208,512.8643572056744,413
470.70240828431366,44.02939375858933,514.731802042903,414
472.42472562568486,44.20239629862987,516.6271219243147,415
474.17261442613597,44.37758888947869,518.5502033156147,416
475.94596420792186,44.55496565044692,520.5009298583687,417
477.7446618749518,44.73452049505187,522.4791823700036,418
479.56859171279,44.91624713101697,524.484838843807,419
481.4176353886552,45.10013906027185,526.5177744489271,420
483.29167195142054,45.28618957895223,528.5778615303727,421
485.1905778316143,45.47439177740003,530.6649696090143,422
487.114226841419,45.664738540163306,532.7789653815823,423
489.062490174672,45.857222545996265,534.9197127206683,424
491.03523640686535,46.05183626785927,537.0870726747246,425
493.0323314951455,46.24857197291884,539.2809034680644,426
495.0536387783139,46.44742172254764,541.5010605008615,427
497.0990189768263,46.64837737232449,543.7473963491508,428
499.16833019279346,46.85143057203436,546.0197607648279,429
501.2614279099805,47.056572765668385,548.3180006756489,430
503.3781649938073,47.26379519142384,550.6419601852311,431
505.51839169134837,47.47308888170414,552.9914805730525,432
507.681955631333,47.6844446631189,555.3664002944519,433
509.86870182414486,47.89785315648383,557.7665549806287,434
512.0784726618225,48.11330477682084,560.1917774386434,435
514.3111079180592,48.330789733357946,562.6418976514171,436
516.5664447482025,48.550298029529365,565.1167427777318,437
518.8443176892549,48.77181946297543,567.6161371522303,438
521.1445586598735,48.995343625542645,570.1399022854162,439
523.4669969603701,49.22085990328367,572.6878568636538,440
525.8114592727111,49.448357476457296,575.2598167491684,441
528.1777696605174,49.67782531952849,577.8555949800458,442
530.5657495690648,49.90925220116836,580.4750017702331,443
532.9752178252835,50.142626684254154,583.1178445095377,444
535.4059906377586,50.377937125869316,585.7839277636278,445
537.8578815967297,50.615171677303394,588.4730532740331,446
540.3307016740912,50.85431828405211,591.1850199581434,447
542.8266810100282,51.09554090907641,593.9222219191046,448
545.3492541183376,51.33909167513202,596.6883457934697,449
547.8985945116254,51.58498576145638,599.4835802730818,450
550.4748530525051,51.83323670547181,602.3080897579769,451
553.0781819561705,52.083858148134134,605.1620401043047,452
555.708734790395,52.336863833932675,608.0455986243277,453
558.3666664755325,52.59226761089028,610.9589340864228,454
561.0521332845162,52.85008343056331,613.9022167150796,455
563.7652928428598,53.11032534804163,616.8756181909015,456
566.5063041286566,53.3730075219486,619.8793116506051,457
569.27532747258,53.63814421444113,622.9134716870211,458
572.0725245578835,53.9057497912096,625.9782743490931,459
574.8980584204003,54.17583872147793,629.0738971418782,460
577.7520934485437,54.44842557800354,632.2005190265472,461
580.634795383307,54.72352503707735,635.3583204203844,462
583.5463313182634,55.001151878523814,638.5474831967872,463
586.486869699566,55.28132098570088,641.7681906852669,464
589.4565803259478,55.56404734550001,645.0206276714479,465
592.4556343487221,55.849346048346185,648.3049803970683,466
595.4842042717818,56.13723228819788,651.6214365599797,467
598.5424639516,56.427721362547096,654.9701853141471,468
601.6305885972295,56.72082867241935,658.3514172696488,469
604.7487547703032,57.016569722373646,661.7653244926769,470
607.8971403850342,57.31496012050252,665.2121005055367,471
611.0759247082151,57.61601557843201,668.6919402866471,472
614.2852883592187,57.91975191132167,672.2050402705404,473
617.5254133099979,58.22618503786455,675.7515983478625,474
620.7964828850853,58.53533098028725,679.3318138653725,475
624.0986817615936,58.847205864349824,682.9458876259434,476
627.4321959692154,59.16182591934588,686.5940218885613,477
630.7972128902234,59.47920747810252,690.276420368326,478
634.1939212594698,59.79936697698037,693.9932882364502,479
637.6225111643876,60.12232095587355,697.7448321202611,480
641.0831740449887,60.44808605820969,701.5312601031984,481
644.576102693866,60.77667903094995,705.3527817248159,482
648.1014912561916,61.10811672458899,709.2096079807806,483
651.6595352297179,61.442416093154975,713.1019513228729,484
655.2504314647773,61.77959419420959,717.0300256589869,485
658.8743781642819,62.119668188848024,720.9940463531299,486
662.531574883724,62.46265534169899,724.994230225423,487
666.2222225311757,62.80857302092469,729.0307955521004,488
669.9465233672893,63.157438698220865,733.1039620655101,489
673.7046810052967,63.50926994881674,737.2139509541134,490
677.4969004110101,63.86408445147506,741.3609848624851,491
681.3233879028213,64.2218999884921,745.5452878913134,492
685.1843511517025,64.5827344456976,749.7670855974001,493
689.0799991812055,64.94660581245486,754.0266049936604,494
693.0105423674622,65.31353218166069,758.3240745491229,495
696.9761924391844,65.68353174974536,762.6597241889298,496
700.977162477664,66.05662281667267,767.0337852943367,497
705.0136669167728,66.43282378593999,771.4464907027127,498
709.0859215429623,66.81215316457812,775.8980747075404,499
713.1941434952644,67.19462956315142,780.3887730584158,500
717.3385512652907,67.58027169575774,784.9188229610484,501
721.5193646972327,67.96909838002846,789.4884630772611,502
725.736804987862,68.36112853712845,794.0979335249905,503
729.9910946865301,68.75638119175608,798.7474758782862,504
734.2824576951687,69.15487547214327,803.437333167312,505
738.6111192682888,69.55663061005545,808.1677498783442,506
742.9773060129821,69.9616659407915,812.9389719537736,507
747.38124588892,70.37000090318388,817.7512467921039,508
751.8231682083536,70.78165503959852,822.6048232479521,509
756.3033036361143,71.1966479959349,827.4999516320491,510
760.8218841896132,71.61499952162595,832.4368837112391,511
765.3791432388417,72.03672946963816,837.4158727084799,512
769.9753155063709,72.46185779647153,842.4371733028424,513
774.6106370673516,72.89040456215955,847.5010416295112,514
779.2853453495153,73.32238993026922,852.6077352797845,515
783.9996791331728,73.75783416790108,857.7575133010739,516
788.7538785512149,74.19675764568913,862.950636196904,517
793.5481850891131,74.63918083780095,868.187365926914,518
798.3828415849177,75.08512432193756,873.4679659068553,519
803.2580922292599,75.53460877933354,878.7927010085934,520
808.1741825653505,75.98765499475697,884.1618375601075,521
813.1313594889801,76.44428385650941,889.5756433454895,522
818.1298712485195,76.90451635642599,895.0343876049456,523
823.1699674449196,77.36837358987529,900.5383410347949,524
828.2518990317109,77.83587675575944,906.0877757874703,525
833.3759183150039,78.30704715651407,911.682965471518,526
838.5422789534894,78.78190619810833,917.3241851515977,527
843.7512359584377,79.26047539004485,923.0117113484825,528
849.0030456936995,79.7427763453598,928.7458220390592,529
854.2979658757051,80.22883078062284,934.526796656328,530
859.6362555734651,80.71866051593719,940.3549160894022,531
865.0181752085696,81.21228747493952,946.2304626835091,532
870.4439865551891,81.70973368480003,952.1537202399891,533
875.9139527400739,82.21102127622244,958.1249740162964,534
881.4283382425541,82.71617248344398,964.1445107259981,535
886.9874088945401,83.2252096442354,970.2126185387755,536
892.5914318805219,83.73815519990093,976.3295870804228,537
898.2406757375697,84.25503169527835,982.4957074328481,538
903.9354103553337,84.7758617787389,988.7112721340726,539
909.6759069760436,85.3006682021874,994.976575178231,540
915.4625438408358,85.82948160802869,1001.2920254488645,541
921.2962057860274,86.36237036514724,1007.6585761511747,542
927.1772957887532,86.89936792014404,1014.0766637088973,543
933.1061275583254,87.4405012055105,1020.5466287638359,544
939.0830181003107,87.98579742352419,1027.068815523835,545
945.1082877165311,88.53528404624892,1033.64357176278,546
951.182260005064,89.08898881553465,1040.2712488205987,547
957.3052618602416,89.64693974301753,1046.952201603259,548
963.4776234726515,90.20916511011991,1053.6867885827714,549
969.6996783291364,90.77569346805033,1060.4753717971867,550
975.9717632127943,91.34655363780352,1067.3183168505977,551
982.2942182029778,91.9217747101604,1074.2159929131383,552
988.6673866752955,92.50138604568806,1081.1687727209835,553
995.0916153016103,93.08541727473981,1088.17703257635,554
1001.5672540500409,93.67389829745511,1095.241152347496,555
1008.0946561849609,94.26685928375964,1102.3615154687204,556
1014.6741782669989,94.86433067336527,1109.5385089403642,557
1021.3061801530389,95.46634317577005,1116.772523328809,558
1027.9910249962202,96.0729277702582,1124.0639527664785,559
1034.7290792459366,96.68411570590017,1131.4131949518369,560
1041.5207126478379,97.29993850155256,1138.8206511493904,561
1048.3662982438282,97.92042794585818,1146.2867261896863,562
1055.2662123720677,98.54561609724601,1153.8118284693137,563
1062.2208346669709,99.17553528393127,1161.3963699509022,564
1069.2305480592076,99.8102181039153,1169.040766163123,565
1076.2957387757037,100.44969742498567,1176.7454362006895,566
1083.4167963396387,101.09400638471614,1184.5108027243548,567
1090.5941135704486,101.74317839046662,1192.3372919609153,568
1097.8280865838237,102.39724711938328,1200.225333703207,569
1105.1191147917098,103.05624651839841,1208.1753613101082,570
1112.467600902308,103.72021080423052,1216.1878117065385,571
1119.8739509200743,104.38917446338431,1224.2631253834586,572
1127.3385741457198,105.06317225215066,1232.4017463978705,573
1134.8618831762112,105.74223919660665,1240.604122372818,574
1142.4442939047697,106.42641059261553,1248.8707044973853,575
1150.0862255208722,107.11572200582677,1257.2019475266989,576
1157.7881005102504,107.81020927167599,1265.5983097819264,577
1165.5503446548917,108.50990849538503,1274.0602531502766,578
1173.3733870330375,109.21485605196192,1282.5882430849995,579
1181.2576600191858,109.92508858620084,1291.1827486053867,580
1189.2035992840888,110.6406430126822,1299.844242296771,581
1197.2116437947543,111.36155651577259,1308.573200310527,582
1205.2822358144447,112.08786654962478,1317.3701023640695,583
1213.4158209026782,112.81961083817774,1326.235431740856,584
1221.612847915228,113.55682737515662,1335.1696752903847,585
1229.8737690041219,114.29955442407274,1344.1733234281946,586
1238.1990396176438,115.04783051822365,1353.2468701358675,587
1246.589118500332,115.80169446069308,1362.3908129610252,588
1255.04446769298,116.56118532435092,1371.605653017331,589
1263.565552532637,117.32634245185328,1380.8918949844901,590
1272.1528416526069,118.09720545564242,1390.2500471082492,591
1280.806806982449,118.87381421794686,1399.6806212003958,592
1289.5279237479772,119.65620889078122,1409.1841326387585,593
1298.3166704712612,120.44442989594637,1418.7611003672075,594
1307.1735289706257,121.23851792502938,1428.412046895655,595
1316.0989843606508,122.03851393940343,1438.1374983000542,596
1325.0935250521707,122.84445917022799,1447.9379842223987,597
1334.157642752276,123.65639511844863,1457.8140378707246,598
1343.2918324643115,124.47436355479718,1467.7661960191087,599
1352.4965924878784,125.2984065197916,1477.79499900767,600
1361.7724244188312,126.12856632373607,1487.9009907425673,601
1371.1198331492817,126.96488554672098,1498.0847186960027,602
1380.5393268675948,127.80740703862287,1508.3467339062177,603
1390.0314170583924,128.65617391910448,1518.687590977497,604
1399.5966185025497,129.51122957761473,1529.1078480801646,605
1409.2354492771988,130.37261767338876,1539.6080669505875,606
1418.948430755726,131.2403821354479,1550.1888128911737,607
1428.7360876077723,132.1145671625996,1560.8506547703719,608
1438.5989477992357,132.99521722343758,1571.5941650226732,609
1448.537542592267,133.88237705634174,1582.4199196486088,610
1458.552406545274,134.77609166947806,1593.328498214752,611
1468.6440775129186,135.6764063407989,1604.3204838537174,612
1478.8130966461183,136.58336661804265,1615.396463264161,613
1489.0600083920458,137.49701831873395,1626.5570267107798,614
1499.3853604941285,138.41740753018362,1637.8027680243122,615
1509.7897039920495,139.34458060948867,1649.1342846015382,616
1520.2735932217465,140.2785841835323,1660.5521774052788,617
1530.8375858154134,141.21946514898394,1672.0570509643974,618
1541.4822427014979,142.1672706722991,1683.649513373797,619
1552.2081281047035,143.1220481897196,1695.3301762944232,620
1563.015809545989,144.08384540727337,1707.0996549532624,621
1573.9058578425684,145.05271030077458,1718.958568143343,622
1584.8788471079101,146.02869111582353,1730.9075382237336,623
1595.9353547517387,147.01183636780678,1742.9471911195456,624
1607.0759614800331,148.00219484189702,1755.0781563219302,625
1618.3012512950281,148.99981559305314,1767.3010668880813,626
1629.611811495213,150.00474794602025,1779.6165594412332,627
1641.0082326753325,151.01704149532964,1792.0252741706622,628
1652.4911087263868,152.03674610529876,1804.5278548316855,629
1664.0610368356301,153.06391191003127,1817.1249487456614,630
1675.7186174865737,154.098589313417,1829.8172067999908,631
1687.464454458982,155.14082898913205,1842.6052834481138,632
1699.2991548288758,156.19068188063858,1855.4898367095143,633
1711.2233289685312,157.248199201185,1868.4715281697163,634
1723.2375905464783,158.31343243380593,1881.5510229802842,635
1735.3425565275033,159.3864333313222,1894.7289898588256,636
1747.5388471726474,160.46725391634072,1908.006101088988,637
1759.8270860392067,161.55594648125475,1921.3830325204615,638
1772.2078999807331,162.65256358824357,1934.8604635689767,639
1784.6819191470324,163.75715806927275,1948.4390772163051,640
1797.249776984167,164.86978302609404,1962.119560010261,641
1809.9121102344534,165.99049183024533,1975.9026020646988,642
1822.6695589364635,167.11933812305077,1989.7888970595143,643
1835.5227664250249,168.25637581562066,2003.7791422406456,644
1848.4723793312196,169.4016590888515,2017.874038420071,645
1861.5190475823856,170.55524239342594,2032.0742899758116,646
1874.663444932908,171.71718446446613,2046.3806293973742,647
1887.9065372208383,172.88759997550707,2060.794137196345,648
1901.2490971788934,174.0665636766808,2075.315660855574,649
1914.6918010495879,175.25413083713414,2089.945931886722,650
1928.235330198646,176.45035733730933,2104.6856875359554,651
1941.8803711150017,177.6552996689437,2119.5356707839455,652
1955.6276154107998,178.86901493507006,2134.49663034587,653
1969.4777598213943,180.09156085001638,2149.569320671411,654
1983.4315062053497,181.3229957394059,2164.7545019447557,655
1997.4895615444404,182.5633785401573,2180.0529400845976,656
2011.6526379436505,183.81276880048432,2195.4654067441347,657
2025.9214526311746,185.07122667989617,2210.992679311071,658
2040.296727958417,186.3388129491972,2226.635540907614,659
2054.7791913999918,187.61558899048714,2242.394780390479,660
2069.369575553724,188.90161679716098,2258.271192350885,661
2084.0686181406472,190.19695897390898,2274.2655771145564,662
2098.8770620050063,191.50167873671666,2290.378740741723,663
2113.795655114256,192.81583991286485,2306.611495027121,664
2128.82515055906,194.13950694092966,2322.9646574999897,665
2143.966306553293,195.4727448707825,2339.439051424076,666
2159.2198864340394,196.81561936359003,2356.0355057976294,667
2174.586658661594,198.16819669181422,2372.754855353408,668
2190.0673968194606,199.53054373921228,2389.5979405586727,669
2205.662879614354,200.90272800083673,2406.565607615191,670
2221.373890876199,202.2848175830354,2423.6587084592343,671
2237.2012195581297,203.67688120345136,2440.878100761581,672
2253.14565973649,205.07898819102297,2458.2246479275127,673
2269.2080106108356,206.49120848598386,2475.6992190968194,674
2285.38907650393,207.91361263986303,2493.302689143793,675
2301.6896668617483,209.3462718154846,2511.035938677233,676
2318.1105962534743,210.78925778696816,2528.8998540404427,677
2334.6526843715033,212.24264293972843,2546.8953273112315,678
2351.3167560314396,213.7065002704755,2565.023256301915,679
2368.103641172097,215.18090338721464,2583.2845445593116,680
2385.0141748555016,216.66592650924656,2601.680101364748,681
2402.049197266886,218.16164446716715,2620.2108417340532,682
2419.2095537146965,219.66813270286758,2638.8776864175643,683
2436.4960946305864,221.1854672695343,2657.681561900121,684
2453.909675569421,222.7137248316491,2676.62340040107,685
2471.4511572092747,224.25298266498902,2695.7041398742635,686
2489.1214053514323,225.8033186566264,2714.9247240080585,687
2506.921290920388,227.36481130492876,2734.286102225317,688
2524.851689963846,228.93753971955903,2753.789229683405,689
2542.913483652722,230.52158362147537,2773.435067274197,690
2561.107558281139,232.11702334293125,2793.22458162407,691
2579.4348052664336,233.72393982747536,2813.158745093909,692
2597.8961211491496,235.34241462995178,2833.2385357791013,693
2616.4924075930408,236.97252991649972,2853.4649375095405,694
2635.224571385073,238.61436846455382,2873.838939849627,695
2654.0935244354205,240.26801366284388,2894.361538098264,696
2673.100183777468,241.93354951139509,2915.033733288863,697
2692.2454715678095,243.61106062152788,2935.8565321893375,698
2711.53031508625,245.3006322158579,2956.830947302108,699
2730.955646735805,247.00235012829614,2977.9579968641015,700
2750.522404042699,248.71630080404896,2999.2387048467476,701
2770.2315296563656,250.44257129961784,3020.6741009559837,702
2790.08397134945,252.18124928279963,3042.26522063225,703
2810.0806820178077,253.93242303268642,3064.0131050504942,704
2830.2226196805027,255.69618143966568,3085.9188011201686,705
2850.5107474798097,257.47261400542004,3107.9833614852296,706
2870.9460336812135,259.2618108429274,3130.207844524141,707
2891.5294516734093,261.06386267646116,3152.5933143498705,708
2912.261979968301,262.8788608415897,3175.140840809891,709
2933.144602201004,264.7068972851769,3197.851499486181,710
2954.1783071298432,266.5480645653819,3220.726371695225,711
2975.364088636353,268.402455851659,3243.7665444880117,712
2996.7029457252784,270.27016492475786,3266.9731106500362,713
3018.195882524574,272.1512861767235,3290.347168701297,714
3039.8439082854043,274.04591461089603,3313.8898228963003,715
3061.6480373821446,275.954145841911,3337.602183224056,716
3083.6092893123796,277.8760760956992,3361.485365408079,717
3105.7286886969046,279.81180220948676,3385.5404909063914,718
3128.0072652797235,281.761421631795,3409.7686869115187,719
3150.4460539280517,283.7250324224404,3434.1710863504923,720
3173.046094632314,285.70273325253504,3458.748827884849,721
3195.8084325061454,287.69462340448615,3483.5030559106317,722
3218.73411778639,289.70080277199605,3508.4349205583862,723
3241.824205833104,291.7213718600626,3533.5455776931667,724
3265.0797571295507,293.7564317849789,3558.8361889145294,725
3288.501837282206,295.8060842743332,3584.3079215565394,726
3312.091517020755,297.8704316670091,3609.961948687764,727
3335.8498721980914,299.9495769131855,3635.7994491112768,728
3359.7779837903217,302.0436235743366,3661.821607364658,729
3383.8769378967595,304.1526758232319,3688.029613719991,730
3408.1478257399303,306.2768384439361,3714.4246641838663,731
3432.591743665569,308.4162168318091,3741.007960497378,732
3457.2097931426206,310.57091699350633,3767.780710136127,733
3482.00308076324,312.7410455469784,3794.7441263102187,734
3506.9727182427923,314.9267097214711,3821.8994279642634,735
3532.119822419852,317.12801735752566,3849.2478397773775,736
3557.445515256204,319.3450769069784,3876.7905921631827,737
3582.9509238368437,321.5779974329611,3904.528921269805,738
3608.6371803699762,323.8268886099007,3932.464068979877,739
3634.5054221870164,326.0918607235197,3960.5972829105363,740
3660.5567917425897,328.3730246708353,3988.929816413425,741
3686.79243661453,330.6704919601607,4017.4629285746905,742
3713.213509503883,332.9843747111038,4046.1978842149865,743
3739.821168234903,335.314785654568,4075.135953889471,744
3766.616575755056,337.6618381327521,4104.278413887809,745
3793.600900135017,340.0256460991501,4133.626546234167,746
3820.775314568671,342.4063241185511,4163.181638687222,747
3848.1409973731124,344.8039873670398,4192.944984740152,748
3875.6991319886465,347.2187516319959,4222.917883620642,749
3903.45090697879,349.65073331209453,4253.1016402908845,750
3931.397516030265,352.1000494173061,4283.497565447571,751
3959.5401579530085,354.5668175688962,4314.106975521905,752
3987.8800366801647,357.05115599942593,4344.931192679591,753
4016.4183612680904,359.5531835527514,4375.971544820842,754
4045.1563458963487,362.0730196840242,4407.229365580373,755
4074.095209867716,364.6107844596911,4438.705994327407,756
4103.236177608176,367.16659855749407,4470.40277616567,757
4132.580478666927,369.7405832664706,4502.321061933398,758
4162.129347716371,372.33286048695334,4534.462208203324,759
4191.884024552122,374.9435527305701,4566.827577282693,760
4221.84575409301,377.57278312024414,4599.418537213254,761
4252.0157863810655,380.22067539019406,4632.236461771259,762
4282.395376581537,382.8873538859334,4665.28273046747,763
4312.985784982878,385.57294356427144,4698.558728547149,764
4343.788276996754,388.27756999331234,4732.065846990066,765
4374.804123158039,391.0013593524559,4765.8054825104955,766
4406.0345991248205,393.74443843239686,4799.779037557218,767
4437.480985678392,396.50693463512545,4833.987920313518,768
4469.142219502598,399.28900537668636,4868.431224879284,769
4501.008604657131,402.09091958209723,4903.099524239228,770
4533.08081702985,404.9128211738865,4937.993638203736,771
4565.361043719461,407.75483649648277,4973.115880215944,772
4597.851451663959,410.6170932627822,5008.468544926741,773
4630.554187640618,413.4997205541487,5044.053908194766,774
4663.471378265997,416.40284882041414,5079.874227086411,775
4696.605129995942,419.3266098798779,5115.931739875819,776
4729.957529125579,422.27113691930725,5152.228666044886,777
4763.530641789317,425.23656449393724,5188.767206283254,778
4797.326513960852,428.22302852747055,5225.549542488323,779
4831.3471714531615,431.23066631207774,5262.57783776524,780
4865.594619918508,434.259616508397,5299.854236426905,781
4900.070844848436,437.31001914553445,5337.38086399397,782
4934.777811573775,440.3820156210638,5375.159827194839,783
4969.717465264636,443.47574870102653,5413.193213965663,784
5004.891730930418,446.591362519932,5451.48309345035,785
5040.302513419801,449.7290025807572,5490.0315160005575,786
5075.951697420745,452.8888157549469,5528.840513175693,787
5111.841147460503,456.07095028241366,5567.912097742917,788
5147.972707905601,459.27555577153777,5607.248263677139,789
5184.348202961857,462.50278319916725,5646.850986161025,790
5220.969436674369,465.75278491061795,5686.722221584987,791
5257.838192927517,469.0257146196734,5726.863907547191,792
5294.95623544497,472.32172740858493,5767.2779628535545,793
5332.325307789675,475.64097972807156,5807.966287517746,794
5369.947133363866,478.9836293973202,5848.930762761186,795
5407.82341540906,482.3498356039853,5890.173251013045,796
5445.955837006057,485.7397589041893,5931.695595910246,797
5484.346061074941,489.15356122252217,5973.499622297463,798
5522.995730375081,492.5914058520418,6015.587136227123,799
5561.906467505127,496.0534574542738,6057.9599249594,800
5601.079874903015,499.5398820592115,6100.619756962226,801
5640.517534845964,503.050847065316,6143.56838191128,802
5680.221009450476,506.5865212395161,6186.807530689993,803
5720.191840672338,510.1470747172085,6230.338915389547,804
5760.431550306619,513.7326790022576,6274.164229308877,805
5800.941639987674,517.3435069669952,6318.285146954669,806
5841.723591189138,520.9797328522216,6362.703324041359,807
5882.778865223932,524.6415322672041,6407.420397491136,808
5924.108903244264,528.3290821896782,6452.437985433942,809
5965.715126241618,532.0425609658471,6497.757687207465,810
6007.598935046769,535.7821483103814,6543.381083357151,811
6049.761710329771,539.5480253064202,6589.30973563619,812
6092.204812599964,543.3403744055695,6635.545187005533,813
6134.92958220597,547.1593794279037,6682.088961633874,814
6177.937339335696,551.0052255619645,6728.942564897661,815
6221.229384016333,554.8780993647616,6776.107483381094,816
6264.806996114354,558.7781887617725,6823.585184876127,817
6308.671435335518,562.7056830469423,6871.377118382461,818
6352.823941224865,566.6607728826841,6919.484714107549,819
6397.26573316672,570.6436502998782,6967.909383466598,820
6441.998010384692,574.6545086978734,7016.652519082565,821
6487.021951941674,578.6935428444857,7065.71549478616,822
6532.338716739841,582.760948875999,7115.09966561584,823
6577.949443520653,586.856924297165,7164.806367817819,824
6623.855250864854,590.9816679812033,7214.8369188460565,825
6670.05723719247,595.1353801698009,7265.1926173622705,826
6716.5564807628125,599.3182624731129,7315.874743235925,827
6763.354039674476,603.5305178697619,7366.884557544237,828
6810.450951865338,607.7723507068384,7418.223302572176,829
6857.8482351125585,612.0439666999006,7469.8922018124595,830
6905.546887032587,616.3455729329745,7521.892459965561,831
6953.54788508115,620.6773778585539,7574.2252629397035,832
7001.85218655326,625.0395912976,7626.89177785086,833
7050.4607285832135,629.4324244395424,7679.8931530227555,834
7099.374428144591,633.8560898422778,7733.230517986868,835
7148.594182050258,638.3108014321712,7786.904983482429,836
7198.1208669523585,642.7967745040547,7840.917641456414,837
7247.955339342327,647.3142257212289,7895.269565063556,838
7298.098435550875,651.8633731154616,7949.961808666337,839
7348.550971748004,656.4444360869888,8004.995407834993,840
7399.313743942994,661.0576354045138,8060.371379347507,841
7450.387527984412,665.7031932052079,8116.09072118962,842
7501.773079560107,670.3813329947101,8172.154412554817,843
7553.471134197212,675.0922796471273,8228.56341384434,844
7605.482407262145,679.8362594050337,8285.318666667179,845
7657.807593960605,684.613499879472,8342.421093840077,846
7710.447369337577,689.424230049952,8399.871599387528,847
7763.402388277328,694.2686802644516,8457.67106854178,848
7816.6732855034115,699.1470822394162,8515.820367742828,849
7870.26067557866,704.0596690597592,8574.32034463842,850
7924.165152905194,709.0066751788618,8633.171828084056,851
7978.387291724417,713.9883364185724,8692.375628142989,852
8032.927646117014,719.004889969208,8751.932536086222,853
8087.786750002954,724.0565743895526,8811.843324392506,854
8142.965117141492,729.1436296068584,8872.10874674835,855
8198.463241131163,734.2662969168451,8932.729538048008,856
8254.281595409793,739.4248189837006,8993.706414393493,857
8310.420633254482,744.6194398400798,9055.040073094562,858
8366.88078778162,749.8504048871062,9116.731192668725,859
8423.662471946876,755.1179608943703,9178.780432841246,860
8480.76607854521,760.4223559999308,9241.18843454514,861
8538.19198021086,765.7638397103142,9303.955819921175,862
8595.940529417348,771.1426629005143,9367.083192317863,863
8654.012058477481,776.5590778139932,9430.571136291475,864
8712.406879543349,782.0133380626805,9494.42021760603,865
8771.125284606325,787.5056986269735,9558.630983233299,866
8830.167545497072,793.0364158557375,9623.203961352809,867
8889.533913885523,798.6057474663048,9688.139661351828,868
8949.224621280911,804.2139525444768,9753.438573825388,869
9009.239879031738,809.8612915445215,9819.10117057626,870
9069.579878325801,815.5480262891748,9885.127904614976,871
9130.244790190176,821.274419969641,9951.519210159817,872
9191.234765491217,827.0407371455915,10018.275502636809,873
9252.549934934576,832.8472437451658,10085.397178679741,874
9314.190409065173,838.6942070649711,10152.884616130144,875
9376.15627826722,844.5818957700822,10220.738174037302,876
9438.447612764216,850.5105798940418,10288.958192658258,877
9501.064462618935,856.4805308388603,10357.544993457795,878
9564.006857733439,862.4920213750158,10426.498879108454,879
9627.274807849073,868.5453256414545,10495.820133490528,880
9690.868302546469,874.6407191455896,10565.509021692058,881
9754.787311245536,880.7784787633032,10635.565790008839,882
9819.031783205473,886.9588827389437,10705.990665944417,883
9883.60164752476,893.1822106853286,10776.783858210089,884
9948.496813141159,899.4487435837425,10847.9455567249,885
10013.717168831721,905.7587637839376,10919.475932615658,886
10079.262583212774,912.1125550041345,10991.375138216908,887
10145.13290473993,918.5104023310208,11063.643307070952,888
10211.327961708095,924.9525922197523,11136.280553927847,889
10277.847562251445,931.4394124939527,11209.286974745399,890
10344.691494343451,937.9711523457128,11282.662646689165,891
10411.859525796857,944.5481023355918,11356.407628132449,892
10479.351404263702,951.1705543926166,11430.521958656318,893
10547.166857235297,957.8388018142814,11505.005659049579,894
10615.305592042245,964.5531392665487,11579.858731308794,895
10683.767295854432,971.3138627838482,11655.08115863828,896
10752.551635681024,978.1212697690777,11730.672905450101,897
10821.658258370473,984.9756589936029,11806.633917364075,898
10891.086790610512,991.8773305972569,11882.96412120777,899
10960.836838928166,998.8265860883408,11959.663425016506,900
11030.907989689731,1005.8237283436231,12036.731718033354,901
11101.299809100794,1012.8690616083406,12114.168870709134,902
11172.01184320623,1019.9628914961977,12191.974734702428,903
11243.043617890187,1027.105524989366,12270.149142879553,904
11314.394638876107,1034.2972704384854,12348.691909314592,905
11386.064391726706,1041.5384375626636,12427.60282928937,906
11458.052341843993,1048.8293374494758,12506.881679293469,907
11530.357934469255,1056.170282554965,12586.52821702422,908
11602.980594683062,1063.5615867036422,12666.542181386703,909
11675.919727405271,1071.0035650884856,12746.923292493757,910
11749.174717395024,1078.496534270942,12827.671251665966,911
11822.744929250739,1086.0408121809246,12908.785741431664,912
11896.629707410128,1093.636718116816,12990.266425526943,913
11970.828376150173,1101.2845727454655,13072.11294889564,914
12045.34023958716,1108.9846981021904,13154.324937689351,915
12120.164581676636,1116.7374175907757,13236.901999267411,916
12195.300666213447,1124.5430559834745,13319.843722196922,917
12270.747736831716,1132.4019394210072,13403.149676252724,918
12346.505017004856,1140.3143954125621,13486.819412417419,919
12422.567688425564,1148.2807198951755,13570.84840832074,920
12498.917983811465,1156.3011250543482,13655.219108865813,921
12575.55242227089,1164.3759693086572,13739.928391579548,922
12652.469132085178,1172.505628815478,13824.974760900655,923
12729.666058410352,1180.6904815025516,13910.356539912904,924
12807.140963277112,1188.9309070679835,13996.071870345095,925
12884.891425590844,1197.2272869802448,14082.11871257109,926
12962.91484113162,1205.5800044781713,14168.494845609792,927
13041.208422554191,1213.989444570964,14255.197867125155,928
13119.769199387993,1222.4559940381894,14342.225193426182,929
13198.594018037142,1230.9800414297786,14429.57405946692,930
13277.679541780439,1239.5619770660278,14517.241518846466,931
13357.02225077137,1248.2021930375988,14605.22444380897,932
13436.618442038101,1256.9010832055183,14693.51952524362,933
13516.464229483483,1265.6590432011778,14782.123272684661,934
13596.555543885046,1274.4764704263341,14871.03201431138,935
13676.888132895006,1283.3537640531094,14960.241896948115,936
13757.457561040264,1292.2913250239906,15049.748886064255,937
13838.259209722402,1301.2895560518295,15139.548765774232,938
13919.288277217682,1310.3488616198438,15229.637138837526,939
14000.539778677052,1319.4696479816157,15320.009426658668,940
14082.008546126144,1328.6523231610927,15410.660869287236,941
14163.689228465268,1337.897296952587,15501.586525417855,942
14245.576291469424,1347.204980920777,15592.7812723902,943
14327.664017788291,1356.5757884007048,15684.239806188996,944
14409.946506946228,1366.0101344977786,15775.956641444007,945
14492.417675342283,1375.5084360877713,15867.926111430055,946
14575.071256250181,1385.071111816821,15960.142368067001,947
14657.900799818337,1394.6985821014312,16052.599381919768,948
14740.899673069842,1404.3912691284695,16145.290942198311,949
14824.061059902475,1414.1495968551699,16238.210656757645,950
14907.377961088694,1423.9739910091305,16331.351952097824,951
14990.843194275642,1433.8648790883153,16424.708073363956,952
15074.449393985145,1443.8226903610525,16518.272084346198,953
15158.189011613711,1453.8478558660365,16612.036867479746,954
15242.054315432533,1463.940808412326,16705.99512384486,955
15326.037390587484,1474.101982579345,16800.13937316683,956
15410.130139099123,1484.3318147168827,16894.461953816004,957
15494.324279862689,1494.6307429450935,16988.955022807782,958
15578.611348648108,1504.9992071544962,17083.610555802603,959
15662.982698099982,1515.437649005976,17178.42034710596,960
15747.429497737601,1525.946511930782,17273.376009668384,961
15831.942733954942,1536.5262411305287,17368.46897508547,962
15916.513210020654,1547.1772835771962,17463.69049359785,963
16001.131546078079,1557.9000880131296,17559.031634091207,964
16085.788179145235,1568.6951049510383,17654.483284096274,965
16170.473363114828,1579.5627866739978,17750.036149788826,966
16255.177168754244,1590.503587235448,17845.68075598969,967
16339.889483705552,1601.5179624591945,17941.407446164747,968
16424.60001248551,1612.6063699394076,18037.206382424916,969
16509.298276485544,1623.769269040623,18133.067545526166,970
16593.973613971782,1635.0071208977406,18228.980734869525,971
16678.61518008502,1646.320388416027,18324.93556850105,972
16763.211946840744,1657.7095362711125,18420.921483111855,973
16847.75270312912,1669.1750309089934,18516.927734038116,974
16932.226054715,1680.7173405460303,18612.94339526103,975
17016.62042423792,1692.3369351689496,18708.95735940687,976
17100.924051212092,1704.0342865348425,18804.958337746935,977
17185.124992026416,1715.8098681711654,18900.93486019758,978
17269.211119944477,1727.6641553757397,18996.875275320217,979
17353.170125104534,1739.597625216752,19092.767750321287,980
17436.98951451954,1751.6107565327538,19188.600271052295,981
17520.656612077124,1763.7040299326623,19284.360642009786,982
17604.158558539602,1775.877927795759,19380.03648633536,983
17687.48231154397,1788.1329342716908,19475.615245815658,984
17770.614645601905,1800.4695352804702,19571.084180882375,985
17853.54215209977,1812.888218512474,19666.430370612245,986
17936.251239298617,1825.3894734284447,19761.64071272706,987
18018.728132334167,1837.97379125949,19856.701923593657,988
18100.958873216834,1850.6416650070819,19951.600538223916,989
18182.929320831718,1863.3935894430579,20046.322910274775,990
18264.625150938587,1876.2300611096211,20140.85521204821,991
18346.031856171903,1889.1515783193397,20235.183434491242,992
18427.134746040818,1902.158641155146,20329.293387195965,993
18507.91894692915,1915.2517514703381,20423.170698399488,994
18588.369402095406,1928.4314128885794,20516.800814983984,995
18668.470871672787,1941.6981308038978,20610.169002476687,996
18748.207932669164,1955.0524123806872,20703.26034504985,997
18827.564978967093,1968.4947665537052,20796.059745520797,998
18906.526221323817,1982.0257040280762,20888.551925351894,999
18985.075687371256,1995.6457372792886,20980.721424650546,1000
19063.19722161602,2009.355380553196,21072.552602169217,1001
19140.874485439403,2023.1551498660178,21164.029635305422,1002
19218.09095709737,2037.0455630043373,21255.136520101707,1003
19294.829931720582,2051.027139525104,21345.857071245686,1004
19371.074521314375,2065.1004007556317,21436.174922070008,1005
19446.80765475877,2079.2658697936004,21526.07352455237,1006
19522.012077808475,2093.524071507054,21615.53614931553,1007
19596.67035309287,2107.875532534402,21704.545885627274,1008
19670.764860116033,2122.3207812844184,21793.085641400452,1009
19744.277795256716,2136.8603479362446,21881.138143192962,1010
19817.19117176835,2151.494764439384,21968.685936207734,1011
19889.486819779064,2166.2245645137073,22055.711384292772,1012
19961.14638629165,2181.0502836494497,22142.1966699411,1013
20032.151335183593,2195.97245910721,22228.123794290805,1014
20102.48294720707,2210.991629917955,22313.474577125024,1015
20172.122319988925,2226.108336883014,22398.23065687194,1016
20241.05036803069,2241.323122574083,22482.373490604772,1017
20309.24782270859,2256.6365313332226,22565.88435404181,1018
20376.695232273516,2272.049109272858,22648.744341546375,1019
20443.372961851055,2287.5614042757798,22730.934366126836,1020
20509.261193441474,2303.1739659951454,22812.43515943662,1021
20574.33992591972,2318.887345854474,22893.227271774194,1022
20638.588975035425,2334.7020970476524,22973.291072083077,1023
20701.9879734129,2350.6187745389325,23052.60674795183,1024
20764.516370551148,2366.6379350629295,23131.154305614076,1025
20826.15343282384,2382.7601371246246,23208.913569948465,1026
20886.878243479354,2398.985940999366,23285.86418447872,1027
20946.66970264072,2415.3159087328636,23361.985611373584,1028
21005.506527305683,2431.7506041411953,23437.257131446877,1029
21063.367251346637,2448.290592810802,23511.65784415744,1030
21120.23022551069,2464.9364420984907,23585.16666760918,1031
21176.07361741962,2481.6887211314342,23657.762338551056,1032
21230.875411569883,2498.5480008071695,23729.42341237705,1033
21284.613409332625,2515.5148537935984,23800.128263126222,1034
21337.26522895367,2532.5898545289883,23869.85508348266,1035
21388.80830555353,2549.773579221972,23938.581884775504,1036
21439.2198911274,2567.0666058515467,24006.286496978944,1037
21488.477054545154,2584.4695141670754,24072.94656871223,1038
21536.556681551345,2601.982885688285,24138.53956723963,1039
21583.435474765218,2619.6073037052697,24203.042778470488,1040
21629.0899536807,2637.343353278487,24266.43330695919,1041
21673.496454666398,2655.1916212387596,24328.688075905156,1042
21716.6311309656,2673.152696187276,24389.783827152878,1043
21758.46995269628,2691.2271684955895,24449.697121191868,1044
21798.988706851094,2709.415630305619,24508.404337156713,1045
21838.162997297382,2727.718675529646,24565.88167282703,1046
21875.968244777167,2746.1368998503212,24622.105144627487,1047
21912.379686907145,2764.670900720658,24677.050587627804,1048
21947.37237817872,2783.3212773640353,24730.693655542753,1049
21980.92118995795,2802.0886307741966,24783.009820732146,1050
22013.000810485595,2820.973563715251,24833.974374200847,1051
22043.585744877084,2839.976680721673,24883.562425598757,1052
22072.65031512254,2859.0985880983008,24931.74890322084,1053
22100.168660086776,2878.33989392034,24978.508554007116,1054
22126.114735509265,2897.7012080333593,25023.815943542624,1055
22150.46231400418,2917.1831420532935,25067.645456057475,1056
22173.184985060376,2936.7863093664428,25109.971294426818,1057
22194.25615504138,2956.5113251294706,25150.767480170853,1058
22213.649047185416,2976.358806269408,25190.007853454823,1059
22231.336701605378,2996.32937148365,25227.66607308903,1060
22247.291975288856,3016.423641239956,25263.71561652881,1061
22261.487542098104,3036.642237776451,25298.129779874555,1062
22273.895892770088,3056.985785101627,25330.881677871716,1063
22284.48933491643,3077.4549089943375,25361.944243910766,1064
22293.239993023446,3098.050237003804,25391.29023002725,1065
22300.11980845213,3118.7723984496115,25418.892206901743,1066
22305.100539438172,3139.622024421711,25444.722563859883,1067
22308.153761091926,3160.5997477804194,25468.753508872345,1068
22309.250865398448,3181.7062031564155,25490.957068554864,1069
22308.33341691575,3202.9414383972244,25511.274855312975,1070
22305.352454350737,3224.3053658044273,25529.657820155164,1071
22300.312331602,3245.798740059209,25546.11107166121,1072
22293.218107002314,3267.4223140205863,25560.6404210229,1073
22284.075271480247,3289.1768339146674,25573.252105394917,1074
22272.88974856015,3311.0630393346514,25583.9527878948,1075
22259.66789436216,3333.0816632408287,25592.749557602987,1076
22244.416497602204,3355.2334319605807,25599.649929562784,1077
22227.142779592003,3377.51906518838,25604.66184478038,1078
22207.854394239057,3399.93927598579,25607.793670224848,1079
22186.55942804665,3422.4947707814654,25609.054198828115,1080
22163.26640011387,3445.186249371152,25608.45264948502,1081
22137.98426213558,3468.0144049176865,25605.998667053263,1082
22110.722398402428,3490.9799239509966,25601.702322353423,1083
22081.49062580086,3514.0834863681016,25595.57411216896,1084
22050.299193813105,3537.325765433111,25587.624959246215,1085
22017.15878451718,3560.7074277772263,25577.866212294408,1086
21982.08051258689,3584.229133398739,25566.309645985628,1087
21945.075925291825,3607.8915356630337,25552.96746095486,1088
21906.157002497366,3631.695281302583,25537.852283799948,1089
21865.336156664678,3655.6410104169536,25520.977167081634,1090
21822.626232850722,3679.7293564728016,25502.355589323524,1091
21778.040508708236,3703.9609463038737,25482.00145501211,1092
21731.592694485757,3728.33640011101,25459.929094596766,1093
21683.296933027596,3752.8563314621388,25436.153264489734,1094
21633.16779977386,3777.5213472922815,25410.68914706614,1095
21581.22030276045,3802.3320479035497,25383.552350664,1096
21527.46988261904,3827.289026965146,25354.758909584187,1097
21471.9324125771,3852.3928715133657,25324.325284090468,1098
21414.624198457896,3877.644161951592,25292.26836040949,1099
21355.561978680464,3903.0434720503026,25258.605450730767,1100
21294.762924259638,3928.591368947064,25223.354293206703,1101
21232.244638806038,3954.2884131465344,25186.533051952574,1102
21168.025158526078,3980.135158520463,25148.16031704654,1103
21102.122952221944,4006.132152307691,25108.255104529635,1104
21034.556921291623,4032.279935114149,25066.83685640577,1105
20965.346399728893,4058.5790409128595,25023.925440641753,1106
20894.511154123302,4085.0299970439373,24979.54115116724,1107
20822.071383660204,4111.633324214586,24933.70470787479,1108
20748.047720120732,4138.389536499102,24886.437256619836,1109
20672.461227881806,4165.299141338872,24837.760369220676,1110
20595.333403916135,4192.3626395423735,24787.69604345851,1111
20516.68617779222,4219.580525285176,24736.266703077396,1112
20436.541911674343,4246.95328610994,24683.495197784283,1113
20354.92340032258,4274.481402926415,24629.404803248995,1114
20271.853871092786,4302.165350011445,24574.01922110423,1115
20187.356983936614,4330.005595008963,24517.362578945576,1116
20101.4568314015,4358.002598929993,24459.459430331495,1117
20014.177938630666,4386.15681615265,24400.33475478332,1118
19925.545263363125,4414.468694422142,24340.013957785268,1119
19835.584195933676,4442.938674850765,24278.52287078444,1120
19744.320559272903,4471.567191917909,24215.887751190814,1121
19651.780608907182,4500.354673470052,24152.135282377232,1122
19557.99103295868,4529.301540720768,24087.292573679446,1123
19462.97895214534,4558.408208250715,24021.387160396054,1124
19366.7719197809,4587.675084007648,23954.447003788548,1125
19269.39792177489,4617.102569306412,23886.5004910813,1126
19170.885376632625,4646.69105882894,23817.576435461564,1127
19071.2631354552,4676.44094062426,23747.70407607946,1128
18970.560481939505,4706.352596108489,23676.913078047994,1129
18868.807132378217,4736.426400064834,23605.23353244305,1130
18766.0332356598,4766.662720643595,23532.695956303396,1131
18662.269373268507,4797.061919362163,23459.33129263067,1132
18557.546559284376,4827.624351105021,23385.170910389395,1133
18451.896240383234,4858.3503641237385,23310.246604506974,1134
18345.3502958367,4889.240300036981,23234.59059587368,1135
18237.941037512166,4920.294493830503,23158.235531342667,1136
18129.701209872834,4951.513273857151,23081.214483729986,1137
18020.66398997768,4982.896961836861,23003.56095181454,1138
17910.862987481465,5014.445872856662,22925.308860338126,1139
17800.332244634745,5046.160315370673,22846.49256000542,1140
17689.106236283857,5078.040591200102,22767.146827483957,1141
17577.21986987094,5110.086995533254,22687.306865404193,1142
17464.7084854339,5142.299816925519,22607.00830235942,1143
17351.60785560645,5174.67933729938,22526.28719290583,1144
17237.954185618077,5207.225831944412,22445.18001756249,1145
17123.78411329406,5239.939569517281,22363.72368281134,1146
17009.13470905547,5272.820812041744,22281.955521097214,1147
16894.04347591916,5305.869814908647,22199.913290827804,1148
16778.54834949777,5339.08682687593,22117.6351763737,1149
16662.68769799974,5372.472090068624,22035.159788068362,1150
16546.50032222928,5406.025839978847,21952.526162208127,1151
16430.0254555864,5439.748305465813,21869.773761052216,1152
16313.302764066892,5473.639708755825,21786.942472822717,1153
16196.372346262338,5507.700265442278,21704.072611704614,1154
16079.274733360107,5541.9301844856545,21621.20491784576,1155
15962.050889143358,5576.329668213533,21538.38055735689,1156
15844.74220999103,5610.89891232058,21455.641122311612,1157
15727.390524877861,5645.638105868555,21373.028630746416,1158
15610.038095374373,5680.547431286304,21290.585526660678,1159
15492.727615646867,5715.6270643697735,21208.35468001664,1160
15375.502212457443,5750.87717428199,21126.379386739434,1161
15258.40544516398,5786.297923553079,21044.70336871706,1162
15141.481305720154,5821.889468080253,20963.37077380041,1163
15024.774218675424,5857.651957127819,20882.426175803244,1164
14908.329041175035,5893.58553332717,20801.914574502203,1165
14792.185188260553,5929.688268649983,20721.873456910536,1166
14676.366652089522,5965.95762115718,20642.324273246704,1167
14560.896584145803,6002.39391736588,20563.290501511685,1168
14445.79770161088,6038.997458220371,20484.79515983125,1169
14331.092264772878,6075.768502144396,20406.860766917274,1170
14216.802077026548,6112.707265041142,20329.50934206769,1171
14102.948484873277,6149.813920293251,20252.762405166526,1172
13989.552377921076,6187.088598762811,20176.640976683888,1173
13876.634188884593,6224.531388791359,20101.16557767595,1174
13764.213893585107,6262.142336199884,20026.356229784993,1175
13652.311010950529,6299.921444288823,19952.23245523935,1176
13540.944603015398,6337.868673838063,19878.81327685346,1177
13430.133274920887,6375.9839431069395,19806.117218027826,1178
13319.8951749148,6414.267127834238,19734.16230274904,1179
13210.247994351574,6452.7180612381935,19662.966055589768,1180
13101.208967692273,6491.33653401649,19592.545501708762,1181
12992.794872504599,6530.1222943462635,19522.917166850864,1182
12885.02202946288,6569.075047884095,19454.097077346974,1183
12777.906302348076,6608.194457766019,19386.100760114095,1184
12671.463098047781,6647.480144607517,19318.9432426553,1185
12565.707366556218,6686.931686503521,19252.63905305974,1186
12460.653600974245,6726.548619028413,19187.20222000266,1187
12356.315837509346,6766.330435236022,19122.64627274537,1188
12252.707655475642,6806.27658565963,19058.984241135273,1189
12149.842177293882,6846.386478311965,18996.228655605846,1190
12047.732068491445,6886.659478685207,18934.391547176652,1191
11946.389537702347,6927.094909750986,18873.48444745333,1192
11845.82633666723,6967.692051960377,18813.518388627606,1193
11746.053760233372,7008.45014324391,18754.50390347728,1194
11647.082646354678,7049.368379011561,18696.451025366237,1195
11548.923376091687,7090.445912152757,18639.369288244445,1196
11451.58587361157,7131.6818530363735,18583.267726647944,1197
11355.079606188126,7173.075269510735,18528.154875698863,1198
11259.413584201791,7214.625186903618,18474.03877110541,1199
11164.596361139627,7256.330588022245,18420.926949161872,1200
11070.636033595332,7298.19041315329,18368.826446748622,1201
10977.54024126923,7340.203560062879,18317.743801332108,1202
10885.316166968281,7382.368883996582,18267.685050964865,1203
10793.970536606077,7424.6851976794205,18218.655734285498,1204
10703.509619202836,7467.151271315868,18170.660890518702,1205
10613.939226885414,7509.765832589845,18123.705059475258,1206
10525.264714887293,7552.527566664722,18077.792281552014,1207
10437.49098154859,7595.435116183318,18032.926097731906,1208
10350.622468316053,7638.487081267905,17989.109549583958,1209
10264.663159743059,7681.682019520199,17946.34517926326,1210
10179.61658348962,7725.0184460213695,17904.635029510988,1211
10095.485810322374,7768.494833332035,17863.98064365441,1212
10012.273454114598,7812.109611492261,17824.38306560686,1213
9929.981671846195,7855.861168021567,17785.842839867764,1214
9848.612163603702,7899.747847918917,17748.360011522618,1215
9768.166172580288,7943.767953662728,17711.934126243017,1216
9688.644485075743,7987.919745210865,17676.564230286607,1217
9610.047430496506,8032.201440000641,17642.248870497147,1218
9532.374881355638,8076.611212948823,17608.986094304462,1219
9455.626253272827,8121.147196451621,17576.77344972445,1220
9379.800504974402,8165.807480384701,17545.607985359104,1221
9304.896138293318,8210.590112103175,17515.48625039649,1222
9230.91119816916,8255.493096441602,17486.404294610762,1223
9157.843272648151,8300.514395713997,17458.35766836215,1224
9085.689492883139,8345.65192971382,17431.34142259696,1225
9014.446533133607,8390.90357571398,17405.35010884759,1226
8944.110610765663,8436.267168466838,17380.3777792325,1227
8874.67748625206,8481.740500204203,17356.41798645626,1228
8806.14246317217,8527.321320637335,17333.463783809504,1229
8738.500388211996,8573.00733695694,17311.507725168936,1230
8671.745651164187,8618.796213833175,17290.54186499736,1231
8605.872184928005,8664.685573415649,17270.557758343653,1232
8540.873465509356,8710.67299533342,17251.546460842776,1233
8476.742512020768,8756.75601669499,17233.498528715758,1234
8413.471886681415,8802.932132088317,17216.404018769732,1235
8351.053694817085,8849.198793580807,17200.25248839789,1236
8289.47958486021,8895.55341071931,17185.03299557952,1237
8228.740748349843,8941.993350530136,17170.734098879977,1238
8168.827919931683,8988.515937519034,17157.343857450716,1239
8109.731377358047,9035.118453671208,17144.849831029256,1240
8051.440941487889,9081.798138451311,17133.2390799392,1241
7993.9459762867955,9128.552188803444,17122.49816509024,1242
7937.235388826981,9175.377759151157,17112.61314797814,1243
7881.297629287294,9222.271961397453,17103.569590684747,1244
7826.120690953211,9269.23186492478,17095.35255587799,1245
7771.692110216846,9316.25449659504,17087.946606811885,1246
7717.998966576938,9363.33684074958,17081.33580732652,1247
7665.027882638865,9410.4758392092,17075.503721848065,1248
7612.765024114628,9457.668391274146,17070.433415388776,1249
7561.196099822864,9504.911353724117,17066.10745354698,1250
7510.306361688841,9552.20154081826,17062.507902507103,1251
7460.084042953205,9599.53577483601,17059.619817789215,1252
7410.572856043086,9646.911394085526,17057.48425012861,1253
7361.784059091367,9694.324603114443,17056.10866220581,1254
7313.7091921957945,9741.771168679454,17055.480360875248,1255
7266.339878390252,9789.246788896433,17055.586667286683,1256
7219.667823644765,9836.747093240434,17056.4149168852,1257
7173.6848168655,9884.267642545694,17057.952459411194,1258
7128.382729894762,9931.803929005633,17060.186658900395,1259
7083.753517510998,9979.351376172855,17063.104893683852,1260
7039.789217428795,10026.90533895914,17066.694556387934,1261
6996.481950298881,10074.461103635456,17070.943053934338,1262
6953.823919708125,10122.01388783195,17075.837807540076,1263
6911.807412179534,10169.55884053795,17081.366252717482,1264
6870.424797172258,10217.091042101969,17087.515839274227,1265
6829.668527081586,10264.605504231697,17094.27403131328,1266
6789.531137238949,10312.097169994013,17101.62830723296,1267
6750.005245911916,10359.56091381497,17109.566159726885,1268
6711.083554304199,10406.99154147981,17118.07509578401,1269
6672.758846555651,10454.383790132955,17127.142636688608,1270
6635.023989742261,10501.732328278003,17136.756318020263,1271
6597.871933876163,10549.031755777745,17146.903689653907,1272
6561.29571190563,10596.276603854145,17157.572315759775,1273
6525.288439715075,10643.46133508835,17168.749774803426,1274
6489.843316125051,10690.580343420694,17180.423659545744,1275
6454.953622892254,10737.627954150686,17192.58157704294,1276
6420.612724709519,10784.598423937025,17205.211148646544,1277
6386.81406920582,10831.485940797584,17218.300010003404,1278
6353.551186946273,10878.284624109423,17231.835811055695,1279
6320.817691432135,10924.988524608782,17245.806216040917,1280
6288.607279100803,10971.591624391083,17260.198903491888,1281
6256.913729325812,11018.087836910932,17275.001566236744,1282
6225.730904416842,11064.471006982114,17290.201911398955,1283
6195.052749619711,11110.734910777599,17305.78766039731,1284
6164.873293116377,11156.873255829534,17321.74654894591,1285
6135.186646024939,11202.879681029253,17338.06632705419,1286
6105.987002399638,11248.747756627272,17354.73475902691,1287
6077.268639230852,11294.470984233283,17371.739623464135,1288
6049.025916445104,11340.042796816168,17389.068713261273,1289
6021.253276905053,11385.456558703983,17406.709835609036,1290
5993.945246409501,11430.705565583974,17424.650811993473,1291
5967.096433693391,11475.783044502561,17442.87947819595,1292
5940.701530427806,11520.682153865353,17461.38368429316,1293
5914.755311219967,11565.395983437134,17480.151294657102,1294
5889.252633613238,11609.917554341879,17499.17018795512,1295
5864.188438087123,11654.239819062735,17518.42825714986,1296
5839.557748057268,11698.355661442038,17537.913409499306,1297
5815.355669875457,11742.257896681302,17557.61356655676,1298
5791.577392829615,11785.939271341227,17577.516664170842,1299
5768.218189143807,11829.39246334169,17597.6106524855,1300
5745.2734139782415,11872.610081961753,17617.883495939994,1301
5722.7385054292645,11915.58466783966,17638.323173268924,1302
5700.608984529363,11958.308692972834,17658.9176775022,1303
5678.880455247164,12000.774560717884,17679.655015965047,1304
5657.548604487437,12042.9746057906,17700.523210278036,1305
5636.609202091091,12084.901094265952,17721.510296357043,1306
5616.058100835174,12126.546223578094,17742.604324413267,1307
5595.891236432877,12167.90212252036,17763.793358953237,1308
5576.104627533529,12208.960851245267,17785.065478778797,1309
5556.694375722602,12249.714401264515,17806.40877698712,1310
5537.656665521706,12290.154695448984,17827.81136097069,1311
5518.987764388593,12330.273588028736,17849.26135241733,1312
5500.684022717156,12370.062864593017,17870.746887310175,1313
5482.741873837426,12409.514242090254,17892.25611592768,1314
5465.157834015578,12448.619368828055,17913.777202843634,1315
5447.928502453923,12487.369824473211,17935.298326927135,1316
5431.050561290918,12525.757120051692,17956.80768134261,1317
5414.520775601156,12563.772697948658,17978.293473549813,1318
5398.335993395371,12601.40793190844,17999.74392530381,1319
5382.49314562044,12638.654127034559,18021.147272655,1320
5366.989246159379,12675.502519789716,18042.491765949097,1321
5351.821391831343,12711.94427799579,18063.76566982713,1322
5336.986762391631,12747.97050083385,18084.95726322548,1323
5322.482620531679,12783.572218844138,18106.054839375814,1324
5308.306311879065,12818.740393926084,18127.04670580515,1325
5294.455264997508,12853.465919338298,18147.921184335806,1326
5280.926991386865,12887.739619698572,18168.666611085435,1327
5267.719085483138,12921.552250983881,18189.27133646702,1328
5254.829224658466,12954.89450053038,18209.723725188844,1329
5242.255169221127,12987.756987033405,18230.012156254532,1330
5229.994762415545,13020.130260547478,18250.125022963024,1331
5218.0459304222795,13052.004802486303,18270.05073290858,1332
5206.406682358032,13083.371025622757,18289.77770798079,1333
5195.075110275646,13114.219274088911,18309.294384364555,1334
5184.049389164103,13144.539823376013,18328.589212540115,1335
5173.327776948527,13174.32288033449,18347.65065728302,1336
5162.908614490181,13203.558583173955,18366.467197664137,1337
5152.7903255864685,13232.237001463202,18385.02732704967,1338
5142.971416970936,13260.348136130204,18403.31955310114,1339
5133.450478313268,13287.881919462121,18421.33239777539,1340
5124.216429697321,13314.853012137088,18439.069441834406,1341
5115.255897078106,13341.277933646033,18456.53383072414,1342
5106.566566187171,13367.143062094809,18473.70962828198,1343
5098.146164939953,13392.435019441777,18490.58118438173,1344
5089.992446067629,13417.140717474898,18507.133163542527,1345
5082.103187117113,13441.247357811731,18523.350544928842,1346
5074.476190451061,13464.742431899438,18539.218622350498,1347
5067.109283247866,13487.613721014772,18554.72300426264,1348
5060.0003175016645,13509.84929626409,18569.849613765757,1349
5053.147170022328,13531.437518583345,18584.584688605675,1350
5046.547742435472,13552.367038738092,18598.914781173564,1351
5040.199961182448,13572.62679732348,18612.82675850593,1352
5034.101777520347,13592.20602476426,18626.30780228461,1353
5028.251167522004,13611.094241314782,18639.345408836787,1354
5022.646132075987,13629.281257058992,18651.92738913498,1355
5017.284696886609,13646.757171910434,18664.041868797045,1356
5012.16491247392,13663.512375612258,18675.677288086175,1357
5007.2848541737085,13679.537547737202,18686.82240191091,1358
5002.642622137506,13694.82365768761,18697.466279825116,1359
4998.236341332579,13709.361964695423,18707.598306028,1360
4994.064161541939,13723.144017822178,18717.20817936412,1361
4990.124257364331,13736.161655959015,18726.285913323347,1362
4986.414828214245,13748.40700782667,18734.821836040916,1363
4982.934098321907,13759.872491975477,18742.806590297383,1364
4979.680316733284,13770.55081678537,18750.231133518653,1365
4976.651757310081,13780.434980465881,18757.086737775964,1366
4973.846718729744,13789.518271056142,18763.364989785885,1367
4971.263524485459,13797.794266424882,18769.05779091034,1368
4968.90052288615,13805.256834270429,18774.15735715658,1369
4966.756087056481,13811.90013212071,18778.65621917719,1370
4964.828614936857,13817.71860733325,18782.547222270106,1371
4963.116529283419,13822.706997095174,18785.823526378594,1372
4961.6182776680525,13826.860328423203,18788.478606091256,1373
4960.332332478378,13830.17391816366,18790.506250642036,1374
4959.257190917758,13832.643372992465,18791.90056391022,1375
4958.391375005293,13834.264589415136,18792.655964420428,1376
4957.733431575825,13835.03375376679,18792.767185342615,1377
4957.281932279934,13834.947342212143,18792.229274492078,1378
4957.03547358394,13834.002120745508,18791.03759432945,1379
4956.992676769903,13832.195145190803,18789.187821960706,1380
4957.1521879356205,13829.523761201533,18786.675949137156,1381
4957.512677994632,13825.985604260815,18783.49828225545,1382
4958.072842676216,13821.578599681354,18779.65144235757,1383
4958.831402525389,13816.300962605457,18775.13236513085,1384
4959.787102902909,13810.151198005035,18769.938300907943,1385
4960.938713985272,13803.128100681586,18764.066814666858,1386
4962.285030764715,13795.23075526622,18757.515786030934,1387
4963.824873049212,13786.458536219636,18750.28340926885,1388
4965.55708546248,13776.811107832134,18742.368193294613,1389
4967.480537443974,13766.288424223616,18733.76896166759,1390
4969.594123248886,13754.890729343579,18724.484852592464,1391
4971.896761948151,13742.61855697112,18714.51531891927,1392
4974.387397428443,13729.472730714933,18703.860128143377,1393
4977.064998392174,13715.454364013314,18692.51936240549,1394
4979.9285583574965,13700.564860134155,18680.49341849165,1395
4982.9770956583025,13684.805912174945,18667.783007833248,1396
4986.2096534442235,13668.179503062776,18654.389156507,1397
4989.62529968063,13650.687905554338,18640.31320523497,1398
4993.223127148633,13632.333682235914,18625.556809384547,1399
4997.002253445082,13613.119685523394,18610.121938968477,1400
5000.961820982568,13593.04905766226,18594.010878644825,1401
5005.100996989417,13572.125230727595,18577.226227717012,1402
5009.418973509701,13550.351926624082,18559.770900133783,1403
5013.914967403225,13527.733157086,18541.648124489227,1404
5018.5882203455385,13504.273223677228,18522.86144402277,1405
5023.437998827929,13479.976717791245,18503.414716619176,1406
5028.4635941574215,13454.848520651127,18483.31211480855,1407
5033.664322456784,13428.893803309547,18462.558125766333,1408
5039.03952466452,13402.118026648779,18441.1575513133,1409
5044.588566534878,13374.526941380698,18419.115507915576,1410
5050.31083863784,13346.12658804677,18396.43742668461,1411
5056.205756359131,13316.923297018067,18373.129053377197,1412
5062.272759900215,13286.923688495259,18349.196448395473,1413
5068.511314278295,13256.134672508608,18324.6459867869,1414
5074.920909326314,13224.563448917983,18299.4843582443,1415
5081.501059692956,13192.217507412846,18273.718567105803,1416
5088.251304842641,13159.10462751226,18247.3559323549,1417
5095.17120905553,13125.232878564888,18220.404087620416,1418
5102.260361427526,13090.610619748986,18192.87098117651,1419
5109.518375870268,13055.246500072415,18164.76487594268,1420
5116.944891111137,13019.14945837263,18136.094349483767,1421
5124.539570693252,12982.328723316692,18106.868294009946,1422
5132.302102975472,12944.79381340125,18077.095916376722,1423
5140.232201132396,12906.554536952557,18046.786738084953,1424
5148.329603154362,12867.620992126467,18015.95059528083,1425
5156.594071847448,12828.00356690843,17984.597638755877,1426
5165.025394833469,12787.712939113493,17952.738333946963,1427
5173.6233845499855,12746.760076386305,17920.38346093629,1428
5182.387878250291,12705.156236201112,17887.544114451404,1429
5191.318738003422,12662.912965861758,17854.23170386518,1430
5200.415850694154,12620.042102501688,17820.45795319584,1431
5209.679128023002,12576.555773083941,17786.234901106942,1432
5219.108506506219,12532.46639440116,17751.57490090738,1433
5228.7039474758,12487.786673075585,17716.490620551383,1434
5238.465437079479,12442.529605559053,17680.995042638533,1435
5248.392986280728,12396.708478133,17645.10146441373,1436
5258.48663085876,12350.33686690846,17608.82349776722,1437
5268.7464314085255,12303.42863782607,17572.175069234596,1438
5279.172473340718,12255.997946656058,17535.170419996775,1439
5289.764866881767,12208.05923899826,17497.824105880027,1440
5300.523747073844,12159.627250282103,17460.150997355948,1441
5311.449273774859,12110.717005766615,17422.166279541474,1442
5322.5416316584615,12061.343820540425,17383.885452198887,1443
5333.80103021404,12011.523299521756,17345.324329735795,1444
5345.227703746724,11961.271337458435,17306.49904120516,1445
5356.821911377381,11910.604118927884,17267.426030305265,1446
5368.583937042619,11859.538118337123,17228.122055379743,1447
5380.514089494786,11808.090099922772,17188.604189417558,1448
5392.612702301968,11756.277117751051,17148.88982005302,1449
5404.879135418403,11704.127924924005,17109.00706034241,1450
5417.306489126007,11651.73744107764,17069.043930203647,1451
5429.893410472655,11599.127500096667,17029.02091056932,1452
5442.639940668024,11546.303260211818,16988.943200879843,1453
5455.546120796284,11493.269949508724,16948.81607030501,1454
5468.611991816101,11440.032865927906,16908.644857744006,1455
5481.837594560636,11386.59737726479,16868.434971825427,1456
5495.222969737542,11332.968921169695,16828.191890907237,1457
5508.768157928967,11279.153005147837,16787.921163076804,1458
5522.473199591555,11225.15520655933,16747.628406150885,1459
5536.338135056441,11170.981172619182,16707.31930767562,1460
5550.363004529258,11116.636620397307,16666.999624926564,1461
5564.54784809013,11062.127336818503,16626.675184908632,1462
5578.892705693678,11007.459178662475,16586.351884356154,1463
5593.397617169014,10952.638072563823,16546.03568973284,1464
5608.062622219748,10897.67001501204,16505.732637231788,1465
5622.8877604239815,10842.561072351518,16465.4488327755,1466
5637.873071234311,10787.317380781551,16425.190452015864,1467
5653.018593977828,10731.945146356324,16384.96374033415,1468
5668.3243678561175,10676.45064498492,16344.775012841037,1469
5683.790431945259,10620.840222431321,16304.63065437658,1470
5699.416825195826,10565.120294314404,16264.53711951023,1471
5715.203586432888,10509.297346107944,16224.500932540832,1472
5731.150754356005,10453.377933140613,16184.528687496619,1473
5747.258367539235,10397.36868059598,16144.627048135215,1474
5763.526464431128,10341.276283512512,16104.80274794364,1475
5779.95508335473,10285.107506783572,16065.062590138303,1476
5796.544262507579,10228.869185157419,16025.413447664998,1477
5813.29403996171,10172.568223237211,15985.86226319892,1478
5830.2044536636495,10116.211595481001,15946.416049144651,1479
5847.275541434421,10059.806346201742,15907.081887636163,1480
5864.50734096954,10003.359589567279,15867.866930536818,1481
5881.899889839017,9946.87850960036,15828.778399439376,1482
5899.4532254873575,9890.370360178627,15789.823585665985,1483
5917.16738523356,9833.84246503462,15751.00985026818,1484
5935.042406271118,9777.302217755772,15712.34462402689,1485
5953.07832566802,9720.757081784419,15673.83540745244,1486
5971.275180366747,9664.21459041779,15635.489770784538,1487
5989.633007184276,9607.682346808015,15597.31535399229,1488
6008.151842812076,9551.168023962115,15559.31986677419,1489
6026.8317238161135,9494.679364742013,15521.511088558127,1490
6045.672686636846,9438.224181864525,15483.896868501372,1491
6064.674767589228,9381.810357901371,15446.485125490599,1492
6083.838002862707,9325.44584527916,15409.283848141868,1493
6103.162428521224,9269.138666279403,15372.301094800627,1494
6122.648080503214,9212.896913038507,15335.54499354172,1495
6142.29499462161,9156.728747547773,15299.023742169384,1496
6162.103206563835,9100.642401653404,15262.74560821724,1497
6182.0727518918075,9044.646177056497,15226.718928948303,1498
6202.203666041941,8988.748445313046,15190.952111354985,1499
6222.495984325143,8932.957647833944,15155.453632159086,1500
6242.9497419268155,8877.282295884977,15120.232037811793,1501
6263.564973906852,8821.730970586834,15085.295944493686,1502
6284.341715199646,8766.312322915095,15050.654038114742,1503
6305.280000614081,8711.03507370024,15016.315074314321,1504
6326.379864833534,8655.90801362765,14982.287878461184,1505
6347.641342415879,8600.940003237592,14948.58134565347,1506
6369.064467793483,8546.13997292524,14915.204440718724,1507
6390.649275273208,8491.516922940666,14882.166198213874,1508
6412.39579903641,8437.079923388828,14849.475722425239,1509
6434.3040731389365,8382.838114229591,14817.142187368529,1510
6456.374131511135,8328.800705277714,14785.174836788849,1511
6478.606007957841,8274.976976202852,14753.582984160694,1512
6500.99973615839,8221.376276529558,14722.376012687948,1513
6523.555349666607,8168.008025637284,14691.563375303891,1514
6546.272881910814,8114.881712760376,14661.15459467119,1515
6569.152366193826,8062.006896988077,14631.159263181904,1516
6592.193835692954,8009.393207264528,14601.587042957482,1517
6615.397323460002,7957.0503423887685,14572.44766584877,1518
6638.762862421267,7904.988071014733,14543.750933436,1519
6662.290485377543,7853.216231651253,14515.506717028795,1520
6685.980225004115,7801.744732662058,14487.724957666172,1521
6709.832113850765,7750.583552265774,14460.41566611654,1522
6733.84618434177,7699.742738535926,14433.588922877696,1523
6758.022468775897,7649.232409400933,14407.254878176831,1524
6782.360999326413,7599.062752644109,14381.423751970522,1525
6806.861808041072,7549.244025903673,14356.105833944745,1526
6831.52492684213,7499.786556672734,14331.311483514864,1527
6856.350387526333,7450.700742299302,14307.051129825635,1528
6881.3382217649205,7401.99704998628,14283.3352717512,1529
6906.488461103629,7353.686016791473,14260.174477895102,1530
6931.801136962687,7305.778249627577,14237.579386590263,1531
6957.276280636819,7258.284425262193,14215.560705899012,1532
6982.913923295243,7211.21529031781,14194.129213613054,1533
7008.714095981671,7164.581661271821,14173.29575725349,1534
7034.676829614309,7118.394424456514,14153.071254070823,1535
7060.802154985859,7072.66453605907,14133.466691044929,1536
7087.090102763514,7027.4030221215735,14114.493124885088,1537
7113.540703488966,6982.620978541004,14096.16168202997,1538
7140.1539875783965,6938.329571069233,14078.48355864763,1539
7166.929985322485,6894.540035313037,14061.470020635523,1540
7193.868726886401,6851.2636767340855,14045.132403620486,1541
7220.970242309814,6808.511870648942,14029.482112958756,1542
7248.2345615068825,6766.296062229073,14014.530623735955,1543
7275.661714266262,6724.627766500838,14000.2894807671,1544
7303.251730251101,6683.518568345496,13986.770298596597,1545
7331.004638999045,6642.980122499201,13973.984761498246,1546
7358.920469922229,6603.024153553004,13961.944623475232,1547
7386.999252307287,6563.6624559528545,13950.66170826014,1548
7415.241015315343,6524.906893999599,13940.147909314943,1549
7443.645787982019,6486.769401848978,13930.415189830997,1550
7472.213599217431,6449.261983511635,13921.475582729065,1551
7500.944477806184,6412.396712853103,13913.341190659288,1552
7529.838452407385,6376.185733593819,13906.024186001205,1553
7558.895455409262,6340.636197611656,13899.531653020917,1554
7588.111799312327,6305.557792409433,13893.66959172176,1555
7617.485824990594,6270.847928639215,13888.33375362981,1556
7647.0178420702405,6236.505584043095,13883.523426113336,1557
7676.708134432876,6202.5297158486965,13879.237850281574,1558
7706.556960215546,6168.919260769173,13875.476220984718,1559
7736.564551810721,6135.67313500321,13872.23768681393,1560
7766.731115866312,6102.790234235022,13869.521350101335,1561
7797.056833285658,6070.269433634353,13867.326266920012,1562
7827.541859227531,6038.109587856481,13865.651447084012,1563
7858.186323106134,6006.309531042211,13864.495854148347,1564
7888.990328591105,5974.868076817882,13863.858405408988,1565
7919.9539536075135,5943.7840182953605,13863.737971902874,1566
7951.077250335859,5913.056128072044,13864.133378407903,1567
7982.360245212078,5882.683158230861,13865.043403442938,1568
8013.802938927533,5852.663840340273,13866.466779267806,1569
8045.405306429026,5822.996885454268,13868.402191883293,1570
8077.167296918785,5793.680984112366,13870.84828103115,1571
8109.088833854474,5764.714806339619,13873.803640194092,1572
8141.169814949188,5736.097001646606,13877.266816595795,1573
8173.410112171456,5707.826199029442,13881.236311200897,1574
8205.809571745236,5679.901006969767,13885.710578715003,1575
8238.368014149923,5652.320013434754,13890.688027584678,1576
8271.085234120339,5625.081785877109,13896.167019997447,1577
8303.961000646743,5598.184871235062,13902.145871881805,1578
8336.995056974823,5571.627795932381,13908.622852907203,1579
8370.187120605702,5545.409065878358,13915.596186484061,1580
8403.536883295932,5519.527166467821,13923.064049763754,1581
8437.044011057502,5493.980562581125,13931.024573638628,1582
8470.70814415783,5468.767698584156,13939.475842741987,1583
8504.528897119766,5443.886998328332,13948.415895448099,1584
8538.505858721594,5419.336865150601,13957.842723872194,1585
8572.638591997029,5395.11568187344,13967.754273870469,1586
8606.92663423522,5371.221810804858,13978.148445040079,1587
8641.369496980747,5347.653593738395,13989.023090719144,1588
8675.966666033622,5324.409351953121,14000.376017986742,1589
8710.717601449292,5301.487386213635,14012.204987662928,1590
8745.621737538633,5278.885976770068,14024.5077143087,1591
8780.678482867956,5256.603383358081,14037.281866226036,1592
8815.887220259,5234.637845198868,14050.525065457867,1593
8851.247306788942,5212.987580999148,14064.23488778809,1594
8886.758073790388,5191.650788951178,14078.408862741566,1595
8922.418826851377,5170.6256467327385,14093.044473584116,1596
8958.22884581538,5149.910311507143,14108.139157322523,1597
8994.187384781302,5129.502919923239,14123.690304704542,1598
9030.293672103478,5109.401588115399,14139.695260218878,1599
9066.546910391677,5089.604411703529,14156.151322095206,1600
9102.946276511098,5070.109465793066,14173.055742304165,1601
9139.490921582377,5050.9148049749765,14190.405726557354,1602
9176.179970981577,5032.018463325758,14208.198434307335,1603
9213.012524340196,5013.418454407436,14226.430978747632,1604
9249.987655545166,4995.11277126757,14245.100426812736,1605
9287.104412738847,4977.099386439249,14264.203799178096,1606
9324.361818319034,4959.376251941092,14283.738070260126,1607
9361.758868938956,4941.9412992772495,14303.700168216204,1608
9399.29453550727,4924.792439437401,14324.086974944672,1609
9436.96776318807,4907.927562896757,14344.895326084827,1610
9474.777471400877,4891.3445396160605,14366.122011016938,1611
9512.722553820651,4875.041219041581,14387.763772862232,1612
9550.801878377777,4859.015430105123,14409.8173084829,1613
9589.01428725808,4843.264981224019,14432.2792684821,1614
9627.35859690281,4827.787660301132,14455.146257203942,1615
9665.833598008656,4812.581234724856,14478.414832733512,1616
9704.438055527733,4797.643451369115,14502.081506896848,1617
9743.170708667592,4782.972036593366,14526.142745260959,1618
9782.030270891217,4768.564696242593,14550.59496713381,1619
9821.015429917023,4754.419115647312,14575.434545564334,1620
9860.124847718856,4740.532959623571,14600.657807342428,1621
9899.357160525997,4726.903872472945,14626.261032998942,1622
9938.710978823157,4713.529477982544,14652.240456805703,1623
9978.18488735048,4700.407379425005,14678.592266775486,1624
10017.777445103546,4687.535159558497,14705.312604662042,1625
10057.487185333359,4674.910380626719,14732.397565960078,1626
10097.312615546365,4662.530584358902,14759.843199905266,1627
10137.252217504436,4650.393291969805,14787.645509474241,1628
10177.304447224877,4638.49600415972,14815.800451384595,1629
10217.467734980426,4626.836201114467,14844.303936094893,1630
10257.740485299259,4615.411342505399,14873.151827804657,1631
10298.121076964972,4604.218867489398,14902.339944454368,1632
10338.607863016603,4593.256194708877,14931.864057725481,1633
10379.199170748621,4582.520722291781,14961.719893040401,1634
10419.893301710927,4572.009827851581,14991.903129562506,1635
10460.688531708849,4561.720868487284,15022.409400196133,1636
10501.583110803156,4551.651180783423,15053.23429158658,1637
10542.575263310042,4541.7980808100665,15084.373344120108,1638
10583.66318780114,4532.158864122809,15115.822051923948,1639
10624.845057103508,4522.730805762777,15147.575862866284,1640
10666.119018299643,4513.5111602566285,15179.630178556272,1641
10707.483192727468,4504.49716161655,15211.980354344018,1642
10748.935675980347,4495.68602334026,15244.621699320607,1643
10790.474537907065,4487.0749384110095,15277.549476318074,1644
10832.09782261185,4478.661079297575,15310.758901909425,1645
10873.803548454354,4470.441597954269,15344.245146408623,1646
10915.589708049669,4462.413625820929,15378.003333870598,1647
10957.454268268311,4454.574273822927,15412.028542091239,1648
10999.395170236237,4446.920632371166,15446.315802607403,1649
11041.41032933483,4439.449771362077,15480.860100696907,1650
11083.497635200907,4432.1587401776205,15515.656375378527,1651
11125.65495172672,4425.044567685292,15550.699519412012,1652
11167.880117059949,4418.104262238114,15585.984379298063,1653
11210.170943603707,4411.334811674641,15621.505755278347,1654
11252.525218016544,4404.733183318958,15657.258401335503,1655
11294.94070121244,4398.296323980679,15693.237025193117,1656
11337.4151283608,4392.02115995495,15729.436288315752,1657
11379.946208886475,4385.904597022447,15765.850805908922,1658
11422.531626469736,4379.943520449378,15802.475146919114,1659
11465.169039046294,4374.13479498748,15839.303834033773,1660
11507.856078807288,4368.475264874019,15876.331343681308,1661
11550.590352199291,4362.961753831794,15913.552106031086,1662
11593.369439924312,4357.591065069135,15950.960504993447,1663
11636.190896939786,4352.359981279901,15988.550878219688,1664
11679.052252458583,4347.265264643481,16026.317517102063,1665
11721.951009949005,4342.303656824795,16064.2546667738,1666
11764.884647134788,4337.4718789742965,16102.356526109084,1667
11807.8506159951,4332.7666317279645,16140.617247723065,1668
11850.846342764537,4328.184595207312,16179.03093797185,1669
11893.869227933134,4323.722429019381,16217.591656952514,1670
11936.916646246353,4319.376772256745,16256.293418503097,1671
11979.98594670509,4315.144243497508,16295.130190202599,1672
12023.074452565676,4311.021440805303,16334.095893370979,1673
12066.17946133987,4307.004941729295,16373.184403069165,1674
12109.298244794867,4303.09130330418,16412.389548099047,1675
